stage,target,class,jobs,upstream_parallel,recipe,dependencies
0001-tools-c3ba0b70,tools/install,light,24,framework,,
0002-toolchain-406879f9,toolchain/install,toolchain,12,framework,,
0003-kernel-e874015f,target/compile,kernel,24,framework,,
0004-packages-light-45930c96,package/boot/arm-trusted-firmware-tools/host/compile,light,24,upstream default (serial unless framework changes it),package/boot/arm-trusted-firmware-tools/Makefile,
0004-packages-light-45930c96,package/devel/gperf/host/compile,light,24,upstream default (serial unless framework changes it),package/devel/gperf/Makefile,
0004-packages-light-45930c96,package/feeds/luci/csstidy/host/compile,light,24,upstream default (serial unless framework changes it),package/feeds/luci/csstidy/Makefile,
0004-packages-light-45930c96,package/feeds/luci/luci-base/host/compile,light,24,upstream default (serial unless framework changes it),package/feeds/luci/luci-base/Makefile,
0004-packages-light-45930c96,package/feeds/packages/gn/host/compile,light,24,1,package/feeds/packages/gn/Makefile,
0004-packages-light-45930c96,package/feeds/packages/hwinfo/host/compile,light,24,upstream default (serial unless framework changes it),package/feeds/packages/hwinfo/Makefile,
0004-packages-light-45930c96,package/feeds/packages/libffi/host/compile,light,24,upstream default (serial unless framework changes it),package/feeds/packages/libffi/Makefile,
0004-packages-light-45930c96,package/feeds/packages/libtasn1/host/compile,light,24,upstream default (serial unless framework changes it),package/feeds/packages/libtasn1/Makefile,
0004-packages-light-45930c96,package/feeds/packages/libtirpc/host/compile,light,24,1,package/feeds/packages/libtirpc/Makefile,
0004-packages-light-45930c96,package/feeds/packages/perl/host/compile,light,24,1,package/feeds/packages/perl/Makefile,
0004-packages-light-45930c96,package/kernel/gpio-button-hotplug/compile,light,24,upstream default (serial unless framework changes it),package/kernel/gpio-button-hotplug/Makefile,
0004-packages-light-45930c96,package/libs/libiconv-full/host/compile,light,24,upstream default (serial unless framework changes it),package/libs/libiconv-full/Makefile,
0004-packages-light-45930c96,package/libs/libjson-c/host/compile,light,24,upstream default (serial unless framework changes it),package/libs/libjson-c/Makefile,
0004-packages-light-45930c96,package/libs/libunistring/host/compile,light,24,upstream default (serial unless framework changes it),package/libs/libunistring/Makefile,
0004-packages-light-45930c96,package/libs/ncurses/host/compile,light,24,upstream default (serial unless framework changes it),package/libs/ncurses/Makefile,
0004-packages-light-45930c96,package/libs/pcre2/host/compile,light,24,upstream default (serial unless framework changes it),package/libs/pcre2/Makefile,
0004-packages-light-45930c96,package/libs/toolchain/compile,light,24,upstream default (serial unless framework changes it),package/libs/toolchain/Makefile,
0004-packages-light-45930c96,package/system/fwtool/host/compile,light,24,upstream default (serial unless framework changes it),package/system/fwtool/Makefile,
0004-packages-light-45930c96,package/system/usign/host/compile,light,24,upstream default (serial unless framework changes it),package/system/usign/Makefile,
0004-packages-light-45930c96,package/utils/bzip2/host/compile,light,24,upstream default (serial unless framework changes it),package/utils/bzip2/Makefile,
0004-packages-light-45930c96,package/utils/lua/host/compile,light,24,upstream default (serial unless framework changes it),package/utils/lua/Makefile,
0005-packages-light-b6e9d9c2,package/boot/arm-trusted-firmware-mediatek/compile,light,24,upstream default (serial unless framework changes it),package/boot/arm-trusted-firmware-mediatek/Makefile,package/libs/toolchain/compile
0005-packages-light-b6e9d9c2,package/feeds/packages/acme-common/compile,light,24,upstream default (serial unless framework changes it),package/feeds/packages/acme-common/Makefile,package/libs/toolchain/compile
0005-packages-light-b6e9d9c2,package/feeds/packages/attr/compile,light,24,1,package/feeds/packages/attr/Makefile,package/libs/toolchain/compile
0005-packages-light-b6e9d9c2,package/feeds/packages/bridge-utils/compile,light,24,1,package/feeds/packages/bridge-utils/Makefile,package/libs/toolchain/compile
0005-packages-light-b6e9d9c2,package/feeds/packages/btop/compile,light,24,1,package/feeds/packages/btop/Makefile,package/libs/toolchain/compile
0005-packages-light-b6e9d9c2,package/feeds/packages/c-ares/compile,light,24,upstream default (serial unless framework changes it),package/feeds/packages/c-ares/Makefile,package/libs/toolchain/compile
0005-packages-light-b6e9d9c2,package/feeds/packages/chinadns-ng/compile,light,24,upstream default (serial unless framework changes it),package/feeds/packages/chinadns-ng/Makefile,package/libs/toolchain/compile
0005-packages-light-b6e9d9c2,package/feeds/packages/coremark/compile,light,24,upstream default (serial unless framework changes it),package/feeds/packages/coremark/Makefile,package/libs/toolchain/compile
0005-packages-light-b6e9d9c2,package/feeds/packages/cpulimit/compile,light,24,1,package/feeds/packages/cpulimit/Makefile,package/libs/toolchain/compile
0005-packages-light-b6e9d9c2,package/feeds/packages/cpusage/compile,light,24,upstream default (serial unless framework changes it),package/feeds/packages/cpusage/Makefile,package/libs/toolchain/compile
0005-packages-light-b6e9d9c2,package/feeds/packages/dejavu-fonts-ttf/compile,light,24,upstream default (serial unless framework changes it),package/feeds/packages/dejavu-fonts-ttf/Makefile,package/libs/toolchain/compile
0005-packages-light-b6e9d9c2,package/feeds/packages/dhcp-forwarder/compile,light,24,1,package/feeds/packages/dhcp-forwarder/Makefile,package/libs/toolchain/compile
0005-packages-light-b6e9d9c2,package/feeds/packages/dhcpcd/compile,light,24,1,package/feeds/packages/dhcpcd/Makefile,package/libs/toolchain/compile
0005-packages-light-b6e9d9c2,package/feeds/packages/dns2socks/compile,light,24,upstream default (serial unless framework changes it),package/feeds/packages/dns2socks/Makefile,package/libs/toolchain/compile
0005-packages-light-b6e9d9c2,package/feeds/packages/dns2tcp/compile,light,24,1,package/feeds/packages/dns2tcp/Makefile,package/libs/toolchain/compile
0005-packages-light-b6e9d9c2,package/feeds/packages/dos2unix/compile,light,24,1,package/feeds/packages/dos2unix/Makefile,package/libs/toolchain/compile
0005-packages-light-b6e9d9c2,package/feeds/packages/dosfstools/compile,light,24,upstream default (serial unless framework changes it),package/feeds/packages/dosfstools/Makefile,package/libs/toolchain/compile
0005-packages-light-b6e9d9c2,package/feeds/packages/etherwake/compile,light,24,upstream default (serial unless framework changes it),package/feeds/packages/etherwake/Makefile,package/libs/toolchain/compile
0005-packages-light-b6e9d9c2,package/feeds/packages/exfatprogs/compile,light,24,1,package/feeds/packages/exfatprogs/Makefile,package/libs/toolchain/compile
0005-packages-light-b6e9d9c2,package/feeds/packages/expat/compile,light,24,upstream default (serial unless framework changes it),package/feeds/packages/expat/Makefile,package/libs/toolchain/compile
0005-packages-light-b6e9d9c2,package/feeds/packages/gdbm/compile,light,24,0,package/feeds/packages/gdbm/Makefile,package/libs/toolchain/compile
0005-packages-light-b6e9d9c2,package/feeds/packages/glib2/host/compile,light,24,upstream default (serial unless framework changes it),package/feeds/packages/glib2/Makefile,package/feeds/packages/libffi/host/compile package/libs/libiconv-full/host/compile package/libs/pcre2/host/compile
0005-packages-light-b6e9d9c2,package/feeds/packages/gzip/compile,light,24,1,package/feeds/packages/gzip/Makefile,package/libs/toolchain/compile
0005-packages-light-b6e9d9c2,package/feeds/packages/hwdata/compile,light,24,upstream default (serial unless framework changes it),package/feeds/packages/hwdata/Makefile,package/libs/toolchain/compile
0005-packages-light-b6e9d9c2,package/feeds/packages/igmpproxy/compile,light,24,upstream default (serial unless framework changes it),package/feeds/packages/igmpproxy/Makefile,package/libs/toolchain/compile
0005-packages-light-b6e9d9c2,package/feeds/packages/inih/compile,light,24,upstream default (serial unless framework changes it),package/feeds/packages/inih/Makefile,package/libs/toolchain/compile
0005-packages-light-b6e9d9c2,package/feeds/packages/ipt2socks/compile,light,24,1,package/feeds/packages/ipt2socks/Makefile,package/libs/toolchain/compile
0005-packages-light-b6e9d9c2,package/feeds/packages/keyutils/compile,light,24,1,package/feeds/packages/keyutils/Makefile,package/libs/toolchain/compile
0005-packages-light-b6e9d9c2,package/feeds/packages/libaio/compile,light,24,1,package/feeds/packages/libaio/Makefile,package/libs/toolchain/compile
0005-packages-light-b6e9d9c2,package/feeds/packages/libcap-ng/compile,light,24,1,package/feeds/packages/libcap-ng/Makefile,package/libs/toolchain/compile
0005-packages-light-b6e9d9c2,package/feeds/packages/libcbor/compile,light,24,upstream default (serial unless framework changes it),package/feeds/packages/libcbor/Makefile,package/libs/toolchain/compile
0005-packages-light-b6e9d9c2,package/feeds/packages/libdaemon/compile,light,24,upstream default (serial unless framework changes it),package/feeds/packages/libdaemon/Makefile,package/libs/toolchain/compile
0005-packages-light-b6e9d9c2,package/feeds/packages/libdcwsocket/compile,light,24,1,package/feeds/packages/libdcwsocket/Makefile,package/libs/toolchain/compile
0005-packages-light-b6e9d9c2,package/feeds/packages/libev/compile,light,24,1,package/feeds/packages/libev/Makefile,package/libs/toolchain/compile
0005-packages-light-b6e9d9c2,package/feeds/packages/libevdev/compile,light,24,upstream default (serial unless framework changes it),package/feeds/packages/libevdev/Makefile,package/libs/toolchain/compile
0005-packages-light-b6e9d9c2,package/feeds/packages/libffi/compile,light,24,1,package/feeds/packages/libffi/Makefile,package/libs/toolchain/compile
0005-packages-light-b6e9d9c2,package/feeds/packages/libgpg-error/compile,light,24,1,package/feeds/packages/libgpg-error/Makefile,package/libs/toolchain/compile
0005-packages-light-b6e9d9c2,package/feeds/packages/libical/compile,light,24,upstream default (serial unless framework changes it),package/feeds/packages/libical/Makefile,package/libs/toolchain/compile
0005-packages-light-b6e9d9c2,package/feeds/packages/libjpeg-turbo/compile,light,24,upstream default (serial unless framework changes it),package/feeds/packages/libjpeg-turbo/Makefile,package/libs/toolchain/compile
0005-packages-light-b6e9d9c2,package/feeds/packages/liblz4/compile,light,24,upstream default (serial unless framework changes it),package/feeds/packages/liblz4/Makefile,package/libs/toolchain/compile
0005-packages-light-b6e9d9c2,package/feeds/packages/libnatpmp/compile,light,24,upstream default (serial unless framework changes it),package/feeds/packages/libnatpmp/Makefile,package/libs/toolchain/compile
0005-packages-light-b6e9d9c2,package/feeds/packages/libpam/compile,light,24,1,package/feeds/packages/libpam/Makefile,package/libs/toolchain/compile
0005-packages-light-b6e9d9c2,package/feeds/packages/libpciaccess/compile,light,24,1,package/feeds/packages/libpciaccess/Makefile,package/libs/toolchain/compile
0005-packages-light-b6e9d9c2,package/feeds/packages/libsodium/compile,light,24,1,package/feeds/packages/libsodium/Makefile,package/libs/toolchain/compile
0005-packages-light-b6e9d9c2,package/feeds/packages/libtasn1/compile,light,24,1,package/feeds/packages/libtasn1/Makefile,package/libs/toolchain/compile
0005-packages-light-b6e9d9c2,package/feeds/packages/libtirpc/compile,light,24,1,package/feeds/packages/libtirpc/Makefile,package/libs/toolchain/compile
0005-packages-light-b6e9d9c2,package/feeds/packages/liburcu/compile,light,24,1,package/feeds/packages/liburcu/Makefile,package/libs/toolchain/compile
0005-packages-light-b6e9d9c2,package/feeds/packages/liburing/compile,light,24,1,package/feeds/packages/liburing/Makefile,package/libs/toolchain/compile
0006-packages-light-08ef417d,package/boot/uboot-mediatek/compile,light,24,upstream default (serial unless framework changes it),package/boot/uboot-mediatek/Makefile,package/boot/arm-trusted-firmware-mediatek/compile package/boot/arm-trusted-firmware-tools/host/compile package/libs/toolchain/compile
0006-packages-light-08ef417d,package/feeds/packages/acl/compile,light,24,1,package/feeds/packages/acl/Makefile,package/feeds/packages/attr/compile package/libs/toolchain/compile
0006-packages-light-08ef417d,package/feeds/packages/dbus/compile,light,24,1,package/feeds/packages/dbus/Makefile,package/feeds/packages/expat/compile package/libs/toolchain/compile
0006-packages-light-08ef417d,package/feeds/packages/libgcrypt/compile,light,24,1,package/feeds/packages/libgcrypt/Makefile,package/feeds/packages/libgpg-error/compile package/libs/toolchain/compile
0006-packages-light-08ef417d,package/feeds/packages/libudev-zero/compile,light,24,1,package/feeds/packages/libudev-zero/Makefile,package/feeds/packages/libevdev/compile package/libs/toolchain/compile
0006-packages-light-08ef417d,package/feeds/packages/libuv/compile,light,24,upstream default (serial unless framework changes it),package/feeds/packages/libuv/Makefile,package/libs/toolchain/compile
0006-packages-light-08ef417d,package/feeds/packages/lua5.4/compile,light,24,1,package/feeds/packages/lua5.4/Makefile,package/libs/toolchain/compile
0006-packages-light-08ef417d,package/feeds/packages/luasrcdiet/host/compile,light,24,upstream default (serial unless framework changes it),package/feeds/packages/luasrcdiet/Makefile,package/utils/lua/host/compile
0006-packages-light-08ef417d,package/feeds/packages/lzo/compile,light,24,upstream default (serial unless framework changes it),package/feeds/packages/lzo/Makefile,package/libs/toolchain/compile
0006-packages-light-08ef417d,package/feeds/packages/microsocks/compile,light,24,upstream default (serial unless framework changes it),package/feeds/packages/microsocks/Makefile,package/libs/toolchain/compile
0006-packages-light-08ef417d,package/feeds/packages/minieap/compile,light,24,1,package/feeds/packages/minieap/Makefile,package/libs/toolchain/compile
0006-packages-light-08ef417d,package/feeds/packages/miniupnpc/compile,light,24,upstream default (serial unless framework changes it),package/feeds/packages/miniupnpc/Makefile,package/libs/toolchain/compile
0006-packages-light-08ef417d,package/feeds/packages/msgpack-c/compile,light,24,1,package/feeds/packages/msgpack-c/Makefile,package/libs/toolchain/compile
0006-packages-light-08ef417d,package/feeds/packages/natmap/compile,light,24,1,package/feeds/packages/natmap/Makefile,package/libs/toolchain/compile
0006-packages-light-08ef417d,package/feeds/packages/nfs-kernel-server/host/compile,light,24,upstream default (serial unless framework changes it),package/feeds/packages/nfs-kernel-server/Makefile,package/feeds/packages/libtirpc/host/compile
0006-packages-light-08ef417d,package/feeds/packages/nghttp2/compile,light,24,upstream default (serial unless framework changes it),package/feeds/packages/nghttp2/Makefile,package/libs/toolchain/compile
0006-packages-light-08ef417d,package/feeds/packages/oniguruma/compile,light,24,1,package/feeds/packages/oniguruma/Makefile,package/libs/toolchain/compile
0006-packages-light-08ef417d,package/feeds/packages/p910nd/compile,light,24,upstream default (serial unless framework changes it),package/feeds/packages/p910nd/Makefile,package/libs/toolchain/compile
0006-packages-light-08ef417d,package/feeds/packages/perl-parse-yapp/host/compile,light,24,upstream default (serial unless framework changes it),package/feeds/packages/perl-parse-yapp/Makefile,package/feeds/packages/perl/host/compile
0006-packages-light-08ef417d,package/feeds/packages/sed/compile,light,24,1,package/feeds/packages/sed/Makefile,package/libs/toolchain/compile
0006-packages-light-08ef417d,package/feeds/packages/simple-obfs/compile,light,24,1,package/feeds/packages/simple-obfs/Makefile,package/feeds/packages/libev/compile package/libs/toolchain/compile
0006-packages-light-08ef417d,package/feeds/packages/sshtunnel/compile,light,24,upstream default (serial unless framework changes it),package/feeds/packages/sshtunnel/Makefile,package/libs/toolchain/compile
0006-packages-light-08ef417d,package/feeds/packages/sudo/compile,light,24,1,package/feeds/packages/sudo/Makefile,package/libs/toolchain/compile
0006-packages-light-08ef417d,package/feeds/packages/tcp_wrappers/compile,light,24,upstream default (serial unless framework changes it),package/feeds/packages/tcp_wrappers/Makefile,package/libs/toolchain/compile
0006-packages-light-08ef417d,package/feeds/packages/tcping/compile,light,24,1,package/feeds/packages/tcping/Makefile,package/libs/toolchain/compile
0006-packages-light-08ef417d,package/feeds/packages/udpxy/compile,light,24,1,package/feeds/packages/udpxy/Makefile,package/libs/toolchain/compile
0006-packages-light-08ef417d,package/feeds/packages/unzip/compile,light,24,upstream default (serial unless framework changes it),package/feeds/packages/unzip/Makefile,package/libs/toolchain/compile
0006-packages-light-08ef417d,package/feeds/packages/v2ray-geodata/compile,light,24,upstream default (serial unless framework changes it),package/feeds/packages/v2ray-geodata/Makefile,package/libs/toolchain/compile
0006-packages-light-08ef417d,package/feeds/packages/vlmcsd/compile,light,24,1,package/feeds/packages/vlmcsd/Makefile,package/libs/toolchain/compile
0006-packages-light-08ef417d,package/feeds/packages/whois/compile,light,24,1,package/feeds/packages/whois/Makefile,package/feeds/packages/perl/host/compile package/libs/toolchain/compile
0006-packages-light-08ef417d,package/feeds/packages/wifischedule/compile,light,24,upstream default (serial unless framework changes it),package/feeds/packages/wifischedule/Makefile,package/libs/toolchain/compile
0006-packages-light-08ef417d,package/feeds/packages/wsdd2/compile,light,24,upstream default (serial unless framework changes it),package/feeds/packages/wsdd2/Makefile,package/libs/toolchain/compile
0006-packages-light-08ef417d,package/feeds/packages/xz/compile,light,24,1,package/feeds/packages/xz/Makefile,package/libs/toolchain/compile
0006-packages-light-08ef417d,package/feeds/packages/zoneinfo/compile,light,24,upstream default (serial unless framework changes it),package/feeds/packages/zoneinfo/Makefile,package/libs/toolchain/compile
0006-packages-light-08ef417d,package/feeds/packages/zstd/compile,light,24,upstream default (serial unless framework changes it),package/feeds/packages/zstd/Makefile,package/libs/toolchain/compile
0006-packages-light-08ef417d,package/firmware/linux-firmware/compile,light,24,upstream default (serial unless framework changes it),package/firmware/linux-firmware/Makefile,package/libs/toolchain/compile
0006-packages-light-08ef417d,package/firmware/wireless-regdb/compile,light,24,upstream default (serial unless framework changes it),package/firmware/wireless-regdb/Makefile,package/libs/toolchain/compile
0006-packages-light-08ef417d,package/kernel/bpf-headers/compile,light,24,upstream default (serial unless framework changes it),package/kernel/bpf-headers/Makefile,package/libs/toolchain/compile
0006-packages-light-08ef417d,package/libs/argp-standalone/compile,light,24,upstream default (serial unless framework changes it),package/libs/argp-standalone/Makefile,package/libs/toolchain/compile
0006-packages-light-08ef417d,package/libs/gmp/compile,light,24,1,package/libs/gmp/Makefile,package/libs/toolchain/compile
0006-packages-light-08ef417d,package/libs/jansson/compile,light,24,upstream default (serial unless framework changes it),package/libs/jansson/Makefile,package/libs/toolchain/compile
0006-packages-light-08ef417d,package/libs/libcap/compile,light,24,1,package/libs/libcap/Makefile,package/libs/toolchain/compile
0006-packages-light-08ef417d,package/libs/libiconv-full/compile,light,24,1,package/libs/libiconv-full/Makefile,package/libs/toolchain/compile
0006-packages-light-08ef417d,package/libs/libjson-c/compile,light,24,upstream default (serial unless framework changes it),package/libs/libjson-c/Makefile,package/libs/toolchain/compile
0006-packages-light-08ef417d,package/libs/libmd/compile,light,24,1,package/libs/libmd/Makefile,package/libs/toolchain/compile
0006-packages-light-08ef417d,package/libs/libmnl/compile,light,24,upstream default (serial unless framework changes it),package/libs/libmnl/Makefile,package/libs/toolchain/compile
0006-packages-light-08ef417d,package/libs/libnfnetlink/compile,light,24,upstream default (serial unless framework changes it),package/libs/libnfnetlink/Makefile,package/libs/toolchain/compile
0006-packages-light-08ef417d,package/libs/libnl-tiny/compile,light,24,upstream default (serial unless framework changes it),package/libs/libnl-tiny/Makefile,package/libs/toolchain/compile
0007-packages-light-741c3d12,package/feeds/luci/luci-app-vlmcsd/compile,light,24,upstream default (serial unless framework changes it),package/feeds/luci/luci-app-vlmcsd/Makefile,package/feeds/luci/csstidy/host/compile package/feeds/luci/luci-base/host/compile package/feeds/packages/luasrcdiet/host/compile package/feeds/packages/vlmcsd/compile package/libs/toolchain/compile package/utils/lua/host/compile
0007-packages-light-741c3d12,package/feeds/luci/luci-lib-uqr/compile,light,24,upstream default (serial unless framework changes it),package/feeds/luci/luci-lib-uqr/Makefile,package/feeds/luci/csstidy/host/compile package/feeds/luci/luci-base/host/compile package/feeds/packages/luasrcdiet/host/compile package/libs/toolchain/compile package/utils/lua/host/compile
0007-packages-light-741c3d12,package/feeds/luci/luci-proto-ipv6/compile,light,24,upstream default (serial unless framework changes it),package/feeds/luci/luci-proto-ipv6/Makefile,package/feeds/luci/csstidy/host/compile package/feeds/luci/luci-base/host/compile package/feeds/packages/luasrcdiet/host/compile package/libs/toolchain/compile package/utils/lua/host/compile
0007-packages-light-741c3d12,package/feeds/luci/luci-proto-minieap/compile,light,24,upstream default (serial unless framework changes it),package/feeds/luci/luci-proto-minieap/Makefile,package/feeds/luci/csstidy/host/compile package/feeds/luci/luci-base/host/compile package/feeds/packages/luasrcdiet/host/compile package/feeds/packages/minieap/compile package/libs/toolchain/compile package/utils/lua/host/compile
0007-packages-light-741c3d12,package/feeds/luci/luci-proto-ppp/compile,light,24,upstream default (serial unless framework changes it),package/feeds/luci/luci-proto-ppp/Makefile,package/feeds/luci/csstidy/host/compile package/feeds/luci/luci-base/host/compile package/feeds/packages/luasrcdiet/host/compile package/libs/toolchain/compile package/utils/lua/host/compile
0007-packages-light-741c3d12,package/feeds/packages/avahi/compile,light,24,1,package/feeds/packages/avahi/Makefile,package/feeds/packages/dbus/compile package/feeds/packages/expat/compile package/feeds/packages/gdbm/compile package/feeds/packages/libdaemon/compile package/libs/toolchain/compile
0007-packages-light-741c3d12,package/feeds/packages/coreutils/compile,light,24,1,package/feeds/packages/coreutils/Makefile,package/feeds/packages/acl/compile package/libs/gmp/compile package/libs/libcap/compile package/libs/toolchain/compile
0007-packages-light-741c3d12,package/feeds/packages/jq/compile,light,24,upstream default (serial unless framework changes it),package/feeds/packages/jq/Makefile,package/feeds/packages/oniguruma/compile package/libs/toolchain/compile
0007-packages-light-741c3d12,package/feeds/packages/libnetfilter-cthelper/compile,light,24,upstream default (serial unless framework changes it),package/feeds/packages/libnetfilter-cthelper/Makefile,package/libs/libmnl/compile package/libs/toolchain/compile
0007-packages-light-741c3d12,package/feeds/packages/libnetfilter-cttimeout/compile,light,24,upstream default (serial unless framework changes it),package/feeds/packages/libnetfilter-cttimeout/Makefile,package/libs/libmnl/compile package/libs/toolchain/compile
0007-packages-light-741c3d12,package/feeds/packages/libnetfilter-queue/compile,light,24,1,package/feeds/packages/libnetfilter-queue/Makefile,package/libs/libmnl/compile package/libs/libnfnetlink/compile package/libs/toolchain/compile
0007-packages-light-741c3d12,package/feeds/packages/libnvme/compile,light,24,upstream default (serial unless framework changes it),package/feeds/packages/libnvme/Makefile,package/libs/libjson-c/compile package/libs/toolchain/compile
0007-packages-light-741c3d12,package/feeds/packages/mdnsresponder/compile,light,24,0,package/feeds/packages/mdnsresponder/Makefile,package/libs/libcap/compile package/libs/toolchain/compile
0007-packages-light-741c3d12,package/feeds/packages/rpcbind/compile,light,24,upstream default (serial unless framework changes it),package/feeds/packages/rpcbind/Makefile,package/feeds/packages/libtirpc/compile package/feeds/packages/tcp_wrappers/compile package/libs/toolchain/compile
0007-packages-light-741c3d12,package/libs/libnftnl/compile,light,24,1,package/libs/libnftnl/Makefile,package/libs/libmnl/compile package/libs/toolchain/compile
0007-packages-light-741c3d12,package/libs/libnl/compile,light,24,upstream default (serial unless framework changes it),package/libs/libnl/Makefile,package/libs/toolchain/compile
0007-packages-light-741c3d12,package/libs/libpcap/compile,light,24,upstream default (serial unless framework changes it),package/libs/libpcap/Makefile,package/libs/toolchain/compile
0007-packages-light-741c3d12,package/libs/libsepol/compile,light,24,upstream default (serial unless framework changes it),package/libs/libsepol/Makefile,package/libs/toolchain/compile
0007-packages-light-741c3d12,package/libs/libtool/compile,light,24,0,package/libs/libtool/Makefile,package/libs/toolchain/compile
0007-packages-light-741c3d12,package/libs/libubox/host/compile,light,24,upstream default (serial unless framework changes it),package/libs/libubox/Makefile,package/libs/libjson-c/host/compile
0007-packages-light-741c3d12,package/libs/libusb/compile,light,24,1,package/libs/libusb/Makefile,package/libs/toolchain/compile
0007-packages-light-741c3d12,package/libs/libxml2/host/compile,light,24,upstream default (serial unless framework changes it),package/libs/libxml2/Makefile,package/libs/libiconv-full/host/compile
0007-packages-light-741c3d12,package/libs/mbedtls/compile,light,24,upstream default (serial unless framework changes it),package/libs/mbedtls/Makefile,package/libs/toolchain/compile
0007-packages-light-741c3d12,package/libs/musl-fts/compile,light,24,1,package/libs/musl-fts/Makefile,package/libs/toolchain/compile
0007-packages-light-741c3d12,package/libs/nettle/compile,light,24,1,package/libs/nettle/Makefile,package/libs/gmp/compile package/libs/toolchain/compile
0007-packages-light-741c3d12,package/libs/openssl/compile,light,24,1,package/libs/openssl/Makefile,package/libs/toolchain/compile
0007-packages-light-741c3d12,package/libs/popt/compile,light,24,1,package/libs/popt/Makefile,package/libs/toolchain/compile
0007-packages-light-741c3d12,package/libs/readline/host/compile,light,24,upstream default (serial unless framework changes it),package/libs/readline/Makefile,package/libs/ncurses/host/compile
0007-packages-light-741c3d12,package/libs/sysfsutils/compile,light,24,upstream default (serial unless framework changes it),package/libs/sysfsutils/Makefile,package/libs/toolchain/compile
0007-packages-light-741c3d12,package/libs/zlib/compile,light,24,upstream default (serial unless framework changes it),package/libs/zlib/Makefile,package/libs/toolchain/compile
0007-packages-light-741c3d12,package/luci-app-poweroffdevice/luci-app-poweroffdevice/compile,light,24,upstream default (serial unless framework changes it),package/luci-app-poweroffdevice/luci-app-poweroffdevice/Makefile,package/feeds/luci/csstidy/host/compile package/feeds/luci/luci-base/host/compile package/feeds/packages/luasrcdiet/host/compile package/libs/toolchain/compile package/utils/lua/host/compile
0007-packages-light-741c3d12,package/luci-app-taskplan/luci-app-taskplan/compile,light,24,upstream default (serial unless framework changes it),package/luci-app-taskplan/luci-app-taskplan/Makefile,package/feeds/luci/csstidy/host/compile package/feeds/luci/luci-base/host/compile package/feeds/packages/luasrcdiet/host/compile package/libs/toolchain/compile package/utils/lua/host/compile
0007-packages-light-741c3d12,package/mtk/applications/mtk-smp/compile,light,24,upstream default (serial unless framework changes it),package/mtk/applications/mtk-smp/Makefile,package/libs/toolchain/compile
0007-packages-light-741c3d12,package/mtk/applications/ndisc/compile,light,24,upstream default (serial unless framework changes it),package/mtk/applications/ndisc/Makefile,package/libs/toolchain/compile
0007-packages-light-741c3d12,package/netspeedtest/homebox/compile,light,24,upstream default (serial unless framework changes it),package/netspeedtest/homebox/Makefile,package/libs/toolchain/compile
0007-packages-light-741c3d12,package/network/services/ipset-dns/compile,light,24,upstream default (serial unless framework changes it),package/network/services/ipset-dns/Makefile,package/libs/libmnl/compile package/libs/toolchain/compile
0007-packages-light-741c3d12,package/network/utils/ethtool/compile,light,24,1,package/network/utils/ethtool/Makefile,package/libs/libmnl/compile package/libs/toolchain/compile
0007-packages-light-741c3d12,package/network/utils/iw/compile,light,24,upstream default (serial unless framework changes it),package/network/utils/iw/Makefile,package/libs/libnl-tiny/compile package/libs/toolchain/compile
0007-packages-light-741c3d12,package/network/utils/linux-atm/compile,light,24,1,package/network/utils/linux-atm/Makefile,package/libs/toolchain/compile
0007-packages-light-741c3d12,package/network/utils/resolveip/compile,light,24,upstream default (serial unless framework changes it),package/network/utils/resolveip/Makefile,package/libs/toolchain/compile
0007-packages-light-741c3d12,package/network/utils/wireless-tools/compile,light,24,upstream default (serial unless framework changes it),package/network/utils/wireless-tools/Makefile,package/libs/toolchain/compile
0007-packages-light-741c3d12,package/system/ca-certificates/compile,light,24,upstream default (serial unless framework changes it),package/system/ca-certificates/Makefile,package/libs/toolchain/compile
0007-packages-light-741c3d12,package/system/fwtool/compile,light,24,upstream default (serial unless framework changes it),package/system/fwtool/Makefile,package/libs/toolchain/compile package/system/fwtool/host/compile
0007-packages-light-741c3d12,package/system/openwrt-keyring/compile,light,24,upstream default (serial unless framework changes it),package/system/openwrt-keyring/Makefile,package/libs/toolchain/compile
0007-packages-light-741c3d12,package/utils/bzip2/compile,light,24,upstream default (serial unless framework changes it),package/utils/bzip2/Makefile,package/libs/toolchain/compile
0007-packages-light-741c3d12,package/utils/fitblk/compile,light,24,upstream default (serial unless framework changes it),package/utils/fitblk/Makefile,package/libs/toolchain/compile
0007-packages-light-741c3d12,package/utils/lua/compile,light,24,1,package/utils/lua/Makefile,package/libs/toolchain/compile
0007-packages-light-741c3d12,package/utils/lua5.3/compile,light,24,1,package/utils/lua5.3/Makefile,package/libs/toolchain/compile
0008-packages-light-aedda3c5,package/feeds/luci/luci-lib-ip/compile,light,24,upstream default (serial unless framework changes it),package/feeds/luci/luci-lib-ip/Makefile,package/feeds/luci/csstidy/host/compile package/feeds/luci/luci-base/host/compile package/feeds/packages/luasrcdiet/host/compile package/libs/libnl-tiny/compile package/libs/toolchain/compile package/utils/lua/compile package/utils/lua/host/compile
0008-packages-light-aedda3c5,package/feeds/luci/luci-lib-jsonc/compile,light,24,upstream default (serial unless framework changes it),package/feeds/luci/luci-lib-jsonc/Makefile,package/feeds/luci/csstidy/host/compile package/feeds/luci/luci-base/host/compile package/feeds/packages/luasrcdiet/host/compile package/libs/libjson-c/compile package/libs/toolchain/compile package/utils/lua/compile package/utils/lua/host/compile
0008-packages-light-aedda3c5,package/feeds/luci/luci-lib-nixio/compile,light,24,upstream default (serial unless framework changes it),package/feeds/luci/luci-lib-nixio/Makefile,package/feeds/luci/csstidy/host/compile package/feeds/luci/luci-base/host/compile package/feeds/packages/luasrcdiet/host/compile package/libs/toolchain/compile package/utils/lua/compile package/utils/lua/host/compile
0008-packages-light-aedda3c5,package/feeds/packages/arp-scan/compile,light,24,1,package/feeds/packages/arp-scan/Makefile,package/libs/libpcap/compile package/libs/toolchain/compile
0008-packages-light-aedda3c5,package/feeds/packages/curl/compile,light,24,1,package/feeds/packages/curl/Makefile,package/feeds/packages/nghttp2/compile package/libs/openssl/compile package/libs/toolchain/compile package/libs/zlib/compile package/system/ca-certificates/compile
0008-packages-light-aedda3c5,package/feeds/packages/httping/compile,light,24,upstream default (serial unless framework changes it),package/feeds/packages/httping/Makefile,package/libs/openssl/compile package/libs/toolchain/compile
0008-packages-light-aedda3c5,package/feeds/packages/iperf3/compile,light,24,1,package/feeds/packages/iperf3/Makefile,package/libs/openssl/compile package/libs/toolchain/compile
0008-packages-light-aedda3c5,package/feeds/packages/kmod/compile,light,24,1,package/feeds/packages/kmod/Makefile,package/libs/toolchain/compile package/libs/zlib/compile
0008-packages-light-aedda3c5,package/feeds/packages/libfido2/compile,light,24,upstream default (serial unless framework changes it),package/feeds/packages/libfido2/Makefile,package/feeds/packages/libcbor/compile package/feeds/packages/libudev-zero/compile package/libs/openssl/compile package/libs/toolchain/compile package/libs/zlib/compile
0008-packages-light-aedda3c5,package/feeds/packages/libpng/compile,light,24,upstream default (serial unless framework changes it),package/feeds/packages/libpng/Makefile,package/libs/toolchain/compile package/libs/zlib/compile
0008-packages-light-aedda3c5,package/feeds/packages/libssh/compile,light,24,upstream default (serial unless framework changes it),package/feeds/packages/libssh/Makefile,package/libs/openssl/compile package/libs/toolchain/compile package/libs/zlib/compile
0008-packages-light-aedda3c5,package/feeds/packages/libssh2/compile,light,24,upstream default (serial unless framework changes it),package/feeds/packages/libssh2/Makefile,package/libs/openssl/compile package/libs/toolchain/compile package/libs/zlib/compile
0008-packages-light-aedda3c5,package/feeds/packages/libxslt/host/compile,light,24,upstream default (serial unless framework changes it),package/feeds/packages/libxslt/Makefile,package/libs/libxml2/host/compile
0008-packages-light-aedda3c5,package/feeds/packages/lm-sensors/compile,light,24,1,package/feeds/packages/lm-sensors/Makefile,package/libs/sysfsutils/compile package/libs/toolchain/compile
0008-packages-light-aedda3c5,package/feeds/packages/lua-cjson/compile,light,24,upstream default (serial unless framework changes it),package/feeds/packages/lua-cjson/Makefile,package/feeds/packages/lua5.4/compile package/libs/toolchain/compile package/utils/lua/compile package/utils/lua5.3/compile
0008-packages-light-aedda3c5,package/feeds/packages/mailsend/compile,light,24,upstream default (serial unless framework changes it),package/feeds/packages/mailsend/Makefile,package/libs/openssl/compile package/libs/toolchain/compile
0008-packages-light-aedda3c5,package/feeds/packages/nail/compile,light,24,upstream default (serial unless framework changes it),package/feeds/packages/nail/Makefile,package/libs/openssl/compile package/libs/toolchain/compile
0008-packages-light-aedda3c5,package/feeds/packages/nvme-cli/compile,light,24,upstream default (serial unless framework changes it),package/feeds/packages/nvme-cli/Makefile,package/feeds/packages/libnvme/compile package/libs/toolchain/compile
0008-packages-light-aedda3c5,package/feeds/packages/python3/host/compile,light,24,1,package/feeds/packages/python3/Makefile,package/feeds/packages/libffi/host/compile package/libs/readline/host/compile package/utils/bzip2/host/compile
0008-packages-light-aedda3c5,package/feeds/packages/rrdtool1/compile,light,24,upstream default (serial unless framework changes it),package/feeds/packages/rrdtool1/Makefile,package/libs/toolchain/compile package/libs/zlib/compile
0008-packages-light-aedda3c5,package/feeds/packages/socat/compile,light,24,1,package/feeds/packages/socat/Makefile,package/libs/openssl/compile package/libs/toolchain/compile
0008-packages-light-aedda3c5,package/feeds/packages/softethervpn5/host/compile,light,24,upstream default (serial unless framework changes it),package/feeds/packages/softethervpn5/Makefile,package/libs/ncurses/host/compile package/libs/readline/host/compile
0008-packages-light-aedda3c5,package/feeds/packages/usbutils/compile,light,24,1,package/feeds/packages/usbutils/Makefile,package/feeds/packages/hwdata/compile package/feeds/packages/libudev-zero/compile package/libs/libusb/compile package/libs/toolchain/compile
0008-packages-light-aedda3c5,package/kernel/linux/compile,light,24,upstream default (serial unless framework changes it),package/kernel/linux/Makefile,package/firmware/linux-firmware/compile package/kernel/gpio-button-hotplug/compile package/network/utils/wireless-tools/compile
0008-packages-light-aedda3c5,package/libs/elfutils/compile,light,24,upstream default (serial unless framework changes it),package/libs/elfutils/Makefile,package/libs/argp-standalone/compile package/libs/musl-fts/compile package/libs/toolchain/compile package/libs/zlib/compile package/utils/bzip2/compile
0008-packages-light-aedda3c5,package/libs/gettext-full/host/compile,light,24,0,package/libs/gettext-full/Makefile,package/devel/gperf/host/compile package/libs/libiconv-full/host/compile package/libs/libunistring/host/compile package/libs/libxml2/host/compile
0008-packages-light-aedda3c5,package/libs/libevent2/compile,light,24,upstream default (serial unless framework changes it),package/libs/libevent2/Makefile,package/libs/openssl/compile package/libs/toolchain/compile
0008-packages-light-aedda3c5,package/libs/libubox/compile,light,24,upstream default (serial unless framework changes it),package/libs/libubox/Makefile,package/libs/libjson-c/compile package/libs/toolchain/compile package/utils/lua/compile
0008-packages-light-aedda3c5,package/libs/libxml2/compile,light,24,upstream default (serial unless framework changes it),package/libs/libxml2/Makefile,package/libs/toolchain/compile package/libs/zlib/compile
0008-packages-light-aedda3c5,package/libs/ncurses/compile,light,24,1,package/libs/ncurses/Makefile,package/libs/ncurses/host/compile package/libs/toolchain/compile package/libs/zlib/compile
0008-packages-light-aedda3c5,package/libs/pcre2/compile,light,24,upstream default (serial unless framework changes it),package/libs/pcre2/Makefile,package/libs/toolchain/compile package/libs/zlib/compile
0008-packages-light-aedda3c5,package/libs/wolfssl/compile,light,24,1,package/libs/wolfssl/Makefile,package/libs/libtool/compile package/libs/toolchain/compile
0008-packages-light-aedda3c5,package/mtk/applications/datconf/compile,light,24,upstream default (serial unless framework changes it),package/mtk/applications/datconf/Makefile,package/libs/toolchain/compile package/utils/lua/compile
0008-packages-light-aedda3c5,package/netspeedtest/ookla-speedtest/compile,light,24,upstream default (serial unless framework changes it),package/netspeedtest/ookla-speedtest/Makefile,package/libs/toolchain/compile package/system/ca-certificates/compile
0008-packages-light-aedda3c5,package/network/services/dropbear/compile,light,24,1,package/network/services/dropbear/Makefile,package/libs/toolchain/compile package/libs/zlib/compile
0008-packages-light-aedda3c5,package/network/utils/tcpdump/compile,light,24,1,package/network/utils/tcpdump/Makefile,package/libs/libpcap/compile package/libs/toolchain/compile
0008-packages-light-aedda3c5,package/system/ucert/host/compile,light,24,upstream default (serial unless framework changes it),package/system/ucert/Makefile,package/libs/libjson-c/host/compile package/libs/libubox/host/compile package/system/usign/host/compile
0008-packages-light-aedda3c5,package/utils/adb/compile,light,24,upstream default (serial unless framework changes it),package/utils/adb/Makefile,package/libs/openssl/compile package/libs/toolchain/compile package/libs/zlib/compile
0008-packages-light-aedda3c5,package/utils/mhz/compile,light,24,upstream default (serial unless framework changes it),package/utils/mhz/Makefile,package/libs/toolchain/compile
0009-packages-light-254c8edc,package/emortal/autocore/compile,light,24,upstream default (serial unless framework changes it),package/emortal/autocore/Makefile,package/feeds/packages/lm-sensors/compile package/libs/toolchain/compile package/network/utils/ethtool/compile package/utils/mhz/compile
0009-packages-light-254c8edc,package/feeds/luci/luci-app-cifs-mount/compile,light,24,upstream default (serial unless framework changes it),package/feeds/luci/luci-app-cifs-mount/Makefile,package/feeds/luci/csstidy/host/compile package/feeds/luci/luci-base/host/compile package/feeds/packages/luasrcdiet/host/compile package/kernel/linux/compile package/libs/toolchain/compile package/utils/lua/host/compile
0009-packages-light-254c8edc,package/feeds/packages/bonding/compile,light,24,upstream default (serial unless framework changes it),package/feeds/packages/bonding/Makefile,package/kernel/linux/compile package/libs/toolchain/compile
0009-packages-light-254c8edc,package/feeds/packages/cifs-utils/compile,light,24,1,package/feeds/packages/cifs-utils/Makefile,package/kernel/linux/compile package/libs/toolchain/compile
0009-packages-light-254c8edc,package/feeds/packages/cups/compile,light,24,1,package/feeds/packages/cups/Makefile,package/feeds/packages/libjpeg-turbo/compile package/feeds/packages/libpng/compile package/libs/libusb/compile package/libs/toolchain/compile package/libs/zlib/compile
0009-packages-light-254c8edc,package/feeds/packages/db/compile,light,24,1,package/feeds/packages/db/Makefile,package/libs/libxml2/compile package/libs/toolchain/compile
0009-packages-light-254c8edc,package/feeds/packages/freetype/compile,light,24,upstream default (serial unless framework changes it),package/feeds/packages/freetype/Makefile,package/feeds/packages/libpng/compile package/libs/toolchain/compile package/libs/zlib/compile
0009-packages-light-254c8edc,package/feeds/packages/fuse/compile,light,24,1,package/feeds/packages/fuse/Makefile,package/kernel/linux/compile package/libs/toolchain/compile
0009-packages-light-254c8edc,package/feeds/packages/fuse3/compile,light,24,upstream default (serial unless framework changes it),package/feeds/packages/fuse3/Makefile,package/kernel/linux/compile package/libs/toolchain/compile
0009-packages-light-254c8edc,package/feeds/packages/glib2/compile,light,24,upstream default (serial unless framework changes it),package/feeds/packages/glib2/Makefile,package/feeds/packages/attr/compile package/feeds/packages/libffi/compile package/libs/pcre2/compile package/libs/toolchain/compile package/libs/zlib/compile
0009-packages-light-254c8edc,package/feeds/packages/gnutls/compile,light,24,1,package/feeds/packages/gnutls/Makefile,package/libs/gettext-full/host/compile package/libs/gmp/compile package/libs/nettle/compile package/libs/toolchain/compile
0009-packages-light-254c8edc,package/feeds/packages/grep/compile,light,24,1,package/feeds/packages/grep/Makefile,package/libs/pcre2/compile package/libs/toolchain/compile
0009-packages-light-254c8edc,package/feeds/packages/htop/compile,light,24,1,package/feeds/packages/htop/Makefile,package/feeds/packages/lm-sensors/compile package/libs/ncurses/compile package/libs/toolchain/compile
0009-packages-light-254c8edc,package/feeds/packages/hwloc/compile,light,24,1,package/feeds/packages/hwloc/Makefile,package/feeds/packages/libpciaccess/compile package/libs/ncurses/compile package/libs/toolchain/compile
0009-packages-light-254c8edc,package/feeds/packages/libedit/compile,light,24,upstream default (serial unless framework changes it),package/feeds/packages/libedit/Makefile,package/libs/ncurses/compile package/libs/toolchain/compile
0009-packages-light-254c8edc,package/feeds/packages/libwebsockets/compile,light,24,upstream default (serial unless framework changes it),package/feeds/packages/libwebsockets/Makefile,package/feeds/packages/libuv/compile package/libs/libcap/compile package/libs/libubox/compile package/libs/mbedtls/compile package/libs/openssl/compile package/libs/toolchain/compile package/libs/zlib/compile
0009-packages-light-254c8edc,package/feeds/packages/memcached/compile,light,24,1,package/feeds/packages/memcached/Makefile,package/libs/libevent2/compile package/libs/toolchain/compile
0009-packages-light-254c8edc,package/feeds/packages/node/host/compile,light,24,1,package/feeds/packages/node/Makefile,package/feeds/packages/python3/host/compile
0009-packages-light-254c8edc,package/feeds/packages/ntpd/compile,light,24,1,package/feeds/packages/ntpd/Makefile,package/libs/libcap/compile package/libs/libevent2/compile package/libs/openssl/compile package/libs/toolchain/compile
0009-packages-light-254c8edc,package/feeds/packages/openssh/compile,light,24,upstream default (serial unless framework changes it),package/feeds/packages/openssh/Makefile,package/feeds/packages/avahi/compile package/feeds/packages/libfido2/compile package/feeds/packages/libpam/compile package/libs/openssl/compile package/libs/toolchain/compile package/libs/zlib/compile
0009-packages-light-254c8edc,package/feeds/packages/pciutils/compile,light,24,upstream default (serial unless framework changes it),package/feeds/packages/pciutils/Makefile,package/feeds/packages/hwdata/compile package/feeds/packages/kmod/compile package/libs/toolchain/compile
0009-packages-light-254c8edc,package/feeds/packages/procps-ng/compile,light,24,1,package/feeds/packages/procps-ng/Makefile,package/libs/ncurses/compile package/libs/toolchain/compile
0009-packages-light-254c8edc,package/feeds/packages/python-flit-core/host/compile,light,24,upstream default (serial unless framework changes it),package/feeds/packages/python-flit-core/Makefile,package/feeds/packages/python3/host/compile
0009-packages-light-254c8edc,package/feeds/packages/rpcsvc-proto/host/compile,light,24,upstream default (serial unless framework changes it),package/feeds/packages/rpcsvc-proto/Makefile,package/libs/gettext-full/host/compile
0009-packages-light-254c8edc,package/feeds/packages/tmate/compile,light,24,1,package/feeds/packages/tmate/Makefile,package/feeds/packages/libssh/compile package/feeds/packages/msgpack-c/compile package/libs/libevent2/compile package/libs/ncurses/compile package/libs/toolchain/compile
0009-packages-light-254c8edc,package/feeds/packages/vim/compile,light,24,1,package/feeds/packages/vim/Makefile,package/libs/ncurses/compile package/libs/toolchain/compile
0009-packages-light-254c8edc,package/feeds/packages/wget/compile,light,24,1,package/feeds/packages/wget/Makefile,package/libs/openssl/compile package/libs/pcre2/compile package/libs/toolchain/compile package/libs/zlib/compile
0009-packages-light-254c8edc,package/feeds/packages/zsh/compile,light,24,1,package/feeds/packages/zsh/Makefile,package/libs/libcap/compile package/libs/ncurses/compile package/libs/pcre2/compile package/libs/toolchain/compile
0009-packages-light-254c8edc,package/libs/libbpf/compile,light,24,1,package/libs/libbpf/Makefile,package/libs/elfutils/compile package/libs/toolchain/compile
0009-packages-light-254c8edc,package/libs/libnetfilter-conntrack/compile,light,24,1,package/libs/libnetfilter-conntrack/Makefile,package/kernel/linux/compile package/libs/libmnl/compile package/libs/libnfnetlink/compile package/libs/toolchain/compile
0009-packages-light-254c8edc,package/libs/libselinux/compile,light,24,upstream default (serial unless framework changes it),package/libs/libselinux/Makefile,package/libs/libsepol/compile package/libs/musl-fts/compile package/libs/pcre2/compile package/libs/toolchain/compile
0009-packages-light-254c8edc,package/libs/readline/compile,light,24,1,package/libs/readline/Makefile,package/libs/ncurses/compile package/libs/toolchain/compile
0009-packages-light-254c8edc,package/libs/ustream-ssl/compile,light,24,upstream default (serial unless framework changes it),package/libs/ustream-ssl/Makefile,package/libs/libubox/compile package/libs/openssl/compile package/libs/toolchain/compile
0009-packages-light-254c8edc,package/netspeedtest/luci-app-netspeedtest/compile,light,24,upstream default (serial unless framework changes it),package/netspeedtest/luci-app-netspeedtest/Makefile,package/feeds/luci/csstidy/host/compile package/feeds/luci/luci-base/host/compile package/feeds/packages/iperf3/compile package/feeds/packages/jq/compile package/feeds/packages/luasrcdiet/host/compile package/libs/toolchain/compile package/netspeedtest/homebox/compile package/netspeedtest/ookla-speedtest/compile package/utils/lua/host/compile
0009-packages-light-254c8edc,package/network/config/vxlan/compile,light,24,upstream default (serial unless framework changes it),package/network/config/vxlan/Makefile,package/kernel/linux/compile package/libs/toolchain/compile
0009-packages-light-254c8edc,package/network/ipv6/6to4/compile,light,24,upstream default (serial unless framework changes it),package/network/ipv6/6to4/Makefile,package/kernel/linux/compile package/libs/toolchain/compile
0009-packages-light-254c8edc,package/network/ipv6/odhcp6c/compile,light,24,upstream default (serial unless framework changes it),package/network/ipv6/odhcp6c/Makefile,package/libs/libubox/compile package/libs/toolchain/compile
0009-packages-light-254c8edc,package/network/services/shellsync/compile,light,24,upstream default (serial unless framework changes it),package/network/services/shellsync/Makefile,package/kernel/linux/compile package/libs/toolchain/compile
0009-packages-light-254c8edc,package/network/utils/ipset/compile,light,24,upstream default (serial unless framework changes it),package/network/utils/ipset/Makefile,package/kernel/linux/compile package/libs/libmnl/compile package/libs/toolchain/compile
0009-packages-light-254c8edc,package/network/utils/iptables/compile,light,24,1,package/network/utils/iptables/Makefile,package/kernel/linux/compile package/libs/libnftnl/compile package/libs/toolchain/compile
0009-packages-light-254c8edc,package/network/utils/nftables/compile,light,24,upstream default (serial unless framework changes it),package/network/utils/nftables/Makefile,package/kernel/linux/compile package/libs/jansson/compile package/libs/libnftnl/compile package/libs/toolchain/compile
0009-packages-light-254c8edc,package/system/mtd/compile,light,24,upstream default (serial unless framework changes it),package/system/mtd/Makefile,package/libs/libubox/compile package/libs/toolchain/compile
0009-packages-light-254c8edc,package/system/ubus/compile,light,24,upstream default (serial unless framework changes it),package/system/ubus/Makefile,package/libs/libubox/compile package/libs/toolchain/compile package/utils/lua/compile
0009-packages-light-254c8edc,package/system/uci/compile,light,24,upstream default (serial unless framework changes it),package/system/uci/Makefile,package/libs/libubox/compile package/libs/toolchain/compile package/utils/lua/compile
0009-packages-light-254c8edc,package/system/urngd/compile,light,24,upstream default (serial unless framework changes it),package/system/urngd/Makefile,package/libs/libubox/compile package/libs/toolchain/compile
0009-packages-light-254c8edc,package/system/usign/compile,light,24,upstream default (serial unless framework changes it),package/system/usign/Makefile,package/libs/libubox/compile package/libs/toolchain/compile
0009-packages-light-254c8edc,package/system/zram-swap/compile,light,24,upstream default (serial unless framework changes it),package/system/zram-swap/Makefile,package/kernel/linux/compile package/libs/toolchain/compile
0009-packages-light-254c8edc,package/utils/jsonfilter/compile,light,24,upstream default (serial unless framework changes it),package/utils/jsonfilter/Makefile,package/libs/libjson-c/compile package/libs/libubox/compile package/libs/toolchain/compile
0010-packages-light-371111b6,package/feeds/packages/acme-acmesh/compile,light,24,upstream default (serial unless framework changes it),package/feeds/packages/acme-acmesh/Makefile,package/feeds/packages/acme-common/compile package/feeds/packages/socat/compile package/feeds/packages/wget/compile package/libs/openssl/compile package/libs/toolchain/compile package/system/ca-certificates/compile
0010-packages-light-371111b6,package/feeds/packages/atftp/compile,light,24,1,package/feeds/packages/atftp/Makefile,package/libs/ncurses/compile package/libs/pcre2/compile package/libs/readline/compile package/libs/toolchain/compile
0010-packages-light-371111b6,package/feeds/packages/atop/compile,light,24,upstream default (serial unless framework changes it),package/feeds/packages/atop/Makefile,package/feeds/packages/glib2/compile package/libs/ncurses/compile package/libs/toolchain/compile package/libs/zlib/compile
0010-packages-light-371111b6,package/feeds/packages/bash/compile,light,24,1,package/feeds/packages/bash/Makefile,package/libs/ncurses/compile package/libs/readline/compile package/libs/toolchain/compile
0010-packages-light-371111b6,package/feeds/packages/bc/compile,light,24,upstream default (serial unless framework changes it),package/feeds/packages/bc/Makefile,package/libs/ncurses/compile package/libs/readline/compile package/libs/toolchain/compile
0010-packages-light-371111b6,package/feeds/packages/bluez/compile,light,24,1,package/feeds/packages/bluez/Makefile,package/feeds/packages/dbus/compile package/feeds/packages/glib2/compile package/feeds/packages/libical/compile package/kernel/linux/compile package/libs/ncurses/compile package/libs/readline/compile package/libs/toolchain/compile
0010-packages-light-371111b6,package/feeds/packages/cgi-io/compile,light,24,upstream default (serial unless framework changes it),package/feeds/packages/cgi-io/Makefile,package/libs/libubox/compile package/libs/toolchain/compile package/system/ubus/compile
0010-packages-light-371111b6,package/feeds/packages/conntrack-tools/compile,light,24,1,package/feeds/packages/conntrack-tools/Makefile,package/feeds/packages/libnetfilter-cthelper/compile package/feeds/packages/libnetfilter-cttimeout/compile package/feeds/packages/libnetfilter-queue/compile package/feeds/packages/libtirpc/compile package/libs/libnetfilter-conntrack/compile package/libs/toolchain/compile
0010-packages-light-371111b6,package/feeds/packages/cups-bjnp/compile,light,24,upstream default (serial unless framework changes it),package/feeds/packages/cups-bjnp/Makefile,package/feeds/packages/cups/compile package/libs/toolchain/compile
0010-packages-light-371111b6,package/feeds/packages/etherwake-nfqueue/compile,light,24,upstream default (serial unless framework changes it),package/feeds/packages/etherwake-nfqueue/Makefile,package/feeds/packages/libnetfilter-queue/compile package/kernel/linux/compile package/libs/toolchain/compile package/network/utils/nftables/compile
0010-packages-light-371111b6,package/feeds/packages/fontconfig/compile,light,24,upstream default (serial unless framework changes it),package/feeds/packages/fontconfig/Makefile,package/devel/gperf/host/compile package/feeds/packages/expat/compile package/feeds/packages/freetype/compile package/libs/toolchain/compile
0010-packages-light-371111b6,package/feeds/packages/haproxy/compile,light,24,upstream default (serial unless framework changes it),package/feeds/packages/haproxy/Makefile,package/libs/libtool/compile package/libs/ncurses/compile package/libs/openssl/compile package/libs/pcre2/compile package/libs/readline/compile package/libs/toolchain/compile package/libs/zlib/compile package/utils/lua5.3/compile
0010-packages-light-371111b6,package/feeds/packages/libmbim/compile,light,24,upstream default (serial unless framework changes it),package/feeds/packages/libmbim/Makefile,package/feeds/packages/glib2/compile package/libs/toolchain/compile
0010-packages-light-371111b6,package/feeds/packages/libqrtr-glib/compile,light,24,upstream default (serial unless framework changes it),package/feeds/packages/libqrtr-glib/Makefile,package/feeds/packages/glib2/compile package/libs/toolchain/compile
0010-packages-light-371111b6,package/feeds/packages/node-pnpm/host/compile,light,24,1,package/feeds/packages/node-pnpm/Makefile,package/feeds/packages/node/host/compile
0010-packages-light-371111b6,package/feeds/packages/perl/compile,light,24,1,package/feeds/packages/perl/Makefile,package/feeds/packages/db/compile package/feeds/packages/gdbm/compile package/feeds/packages/perl/host/compile package/libs/toolchain/compile
0010-packages-light-371111b6,package/feeds/packages/python-installer/host/compile,light,24,upstream default (serial unless framework changes it),package/feeds/packages/python-installer/Makefile,package/feeds/packages/python-flit-core/host/compile package/feeds/packages/python3/host/compile
0010-packages-light-371111b6,package/feeds/packages/softethervpn5/compile,light,24,upstream default (serial unless framework changes it),package/feeds/packages/softethervpn5/Makefile,package/feeds/packages/libsodium/compile package/feeds/packages/softethervpn5/host/compile package/kernel/linux/compile package/libs/ncurses/compile package/libs/openssl/compile package/libs/readline/compile package/libs/toolchain/compile package/libs/zlib/compile
0010-packages-light-371111b6,package/feeds/packages/sqlite3/compile,light,24,1,package/feeds/packages/sqlite3/Makefile,package/feeds/packages/libedit/compile package/libs/toolchain/compile package/libs/zlib/compile
0010-packages-light-371111b6,package/feeds/packages/ttyd/compile,light,24,upstream default (serial unless framework changes it),package/feeds/packages/ttyd/Makefile,package/feeds/packages/libuv/compile package/feeds/packages/libwebsockets/compile package/libs/libcap/compile package/libs/libjson-c/compile package/libs/openssl/compile package/libs/toolchain/compile package/libs/zlib/compile
0010-packages-light-371111b6,package/feeds/packages/vsftpd/compile,light,24,upstream default (serial unless framework changes it),package/feeds/packages/vsftpd/Makefile,package/libs/openssl/compile package/libs/toolchain/compile package/system/uci/compile
0010-packages-light-371111b6,package/network/services/dnsmasq/compile,light,24,1,package/network/services/dnsmasq/Makefile,package/kernel/linux/compile package/libs/libnetfilter-conntrack/compile package/libs/nettle/compile package/libs/toolchain/compile package/network/utils/nftables/compile package/system/ubus/compile
0010-packages-light-371111b6,package/network/services/odhcpd/compile,light,24,upstream default (serial unless framework changes it),package/network/services/odhcpd/Makefile,package/libs/libjson-c/compile package/libs/libnl-tiny/compile package/libs/libubox/compile package/libs/toolchain/compile package/system/ubus/compile package/system/uci/compile
0010-packages-light-371111b6,package/network/services/omcproxy/compile,light,24,upstream default (serial unless framework changes it),package/network/services/omcproxy/Makefile,package/libs/libubox/compile package/libs/toolchain/compile package/system/ubus/compile
0010-packages-light-371111b6,package/network/services/ppp/compile,light,24,1,package/network/services/ppp/Makefile,package/kernel/linux/compile package/libs/libpcap/compile package/libs/toolchain/compile package/network/services/shellsync/compile package/network/utils/linux-atm/compile package/network/utils/resolveip/compile
0010-packages-light-371111b6,package/network/utils/fullconenat/compile,light,24,upstream default (serial unless framework changes it),package/network/utils/fullconenat/Makefile,package/kernel/linux/compile package/libs/toolchain/compile package/network/utils/iptables/compile
0010-packages-light-371111b6,package/network/utils/iproute2/compile,light,24,1,package/network/utils/iproute2/Makefile,package/kernel/linux/compile package/libs/libbpf/compile package/libs/libmnl/compile package/libs/libnl-tiny/compile package/libs/toolchain/compile package/network/utils/iptables/compile
0010-packages-light-371111b6,package/network/utils/iwinfo/compile,light,24,upstream default (serial unless framework changes it),package/network/utils/iwinfo/Makefile,package/libs/libnl-tiny/compile package/libs/toolchain/compile package/system/ubus/compile package/system/uci/compile package/utils/lua/compile
0010-packages-light-371111b6,package/r3mini-defaults/compile,light,24,upstream default (serial unless framework changes it),package/r3mini-defaults/Makefile,package/libs/toolchain/compile package/system/uci/compile
0010-packages-light-371111b6,package/utils/busybox/compile,light,24,1,package/utils/busybox/Makefile,package/libs/libselinux/compile package/libs/toolchain/compile
0010-packages-light-371111b6,package/utils/mdadm/compile,light,24,1,package/utils/mdadm/Makefile,package/kernel/linux/compile package/libs/toolchain/compile
0010-packages-light-371111b6,package/utils/ucode/compile,light,24,upstream default (serial unless framework changes it),package/utils/ucode/Makefile,package/libs/libjson-c/compile package/libs/libmd/compile package/libs/libnl-tiny/compile package/libs/libubox/compile package/libs/toolchain/compile package/system/ubus/compile package/system/uci/compile
0010-packages-light-371111b6,package/utils/usbmode/compile,light,24,upstream default (serial unless framework changes it),package/utils/usbmode/Makefile,package/libs/libubox/compile package/libs/libusb/compile package/libs/toolchain/compile
0010-packages-light-371111b6,package/utils/util-linux/compile,light,24,upstream default (serial unless framework changes it),package/utils/util-linux/Makefile,package/libs/ncurses/compile package/libs/toolchain/compile
0011-packages-light-f95acb30,package/feeds/luci/luci-app-arpbind/compile,light,24,upstream default (serial unless framework changes it),package/feeds/luci/luci-app-arpbind/Makefile,package/feeds/luci/csstidy/host/compile package/feeds/luci/luci-base/host/compile package/feeds/packages/luasrcdiet/host/compile package/libs/toolchain/compile package/network/utils/iproute2/compile package/utils/lua/host/compile
0011-packages-light-f95acb30,package/feeds/luci/luci-proto-vxlan/compile,light,24,upstream default (serial unless framework changes it),package/feeds/luci/luci-proto-vxlan/Makefile,package/feeds/luci/csstidy/host/compile package/feeds/luci/luci-base/host/compile package/feeds/packages/luasrcdiet/host/compile package/libs/toolchain/compile package/network/config/vxlan/compile package/network/utils/iproute2/compile package/utils/lua/host/compile
0011-packages-light-f95acb30,package/feeds/luci/lucihttp/compile,light,24,upstream default (serial unless framework changes it),package/feeds/luci/lucihttp/Makefile,package/libs/toolchain/compile package/utils/lua/compile package/utils/ucode/compile
0011-packages-light-f95acb30,package/feeds/luci/ucode-mod-html/compile,light,24,upstream default (serial unless framework changes it),package/feeds/luci/ucode-mod-html/Makefile,package/libs/toolchain/compile package/utils/ucode/compile
0011-packages-light-f95acb30,package/feeds/luci/ucode-mod-lua/compile,light,24,upstream default (serial unless framework changes it),package/feeds/luci/ucode-mod-lua/Makefile,package/libs/toolchain/compile package/utils/lua/compile package/utils/ucode/compile
0011-packages-light-f95acb30,package/feeds/packages/acme/compile,light,24,upstream default (serial unless framework changes it),package/feeds/packages/acme/Makefile,package/feeds/packages/acme-acmesh/compile package/libs/toolchain/compile
0011-packages-light-f95acb30,package/feeds/packages/aircrack-ng/compile,light,24,1,package/feeds/packages/aircrack-ng/Makefile,package/feeds/packages/hwloc/compile package/feeds/packages/procps-ng/compile package/feeds/packages/sqlite3/compile package/libs/libnl/compile package/libs/libpcap/compile package/libs/openssl/compile package/libs/pcre2/compile package/libs/toolchain/compile package/libs/zlib/compile package/network/utils/ethtool/compile package/network/utils/wireless-tools/compile
0011-packages-light-f95acb30,package/feeds/packages/btrfs-progs/compile,light,24,1,package/feeds/packages/btrfs-progs/Makefile,package/feeds/packages/acl/compile package/feeds/packages/attr/compile package/feeds/packages/lzo/compile package/kernel/linux/compile package/libs/toolchain/compile package/libs/zlib/compile package/utils/util-linux/compile
0011-packages-light-f95acb30,package/feeds/packages/collectd/compile,light,24,1,package/feeds/packages/collectd/Makefile,package/feeds/packages/rrdtool1/compile package/libs/libtool/compile package/libs/libubox/compile package/libs/toolchain/compile package/libs/zlib/compile package/network/utils/iptables/compile package/network/utils/iwinfo/compile package/system/ubus/compile
0011-packages-light-f95acb30,package/feeds/packages/dnsforwarder/compile,light,24,1,package/feeds/packages/dnsforwarder/Makefile,package/feeds/packages/coreutils/compile package/feeds/packages/wget/compile package/libs/toolchain/compile package/network/services/dnsmasq/compile
0011-packages-light-f95acb30,package/feeds/packages/gptfdisk/compile,light,24,1,package/feeds/packages/gptfdisk/Makefile,package/libs/ncurses/compile package/libs/popt/compile package/libs/toolchain/compile package/utils/util-linux/compile
0011-packages-light-f95acb30,package/feeds/packages/hwinfo/compile,light,24,upstream default (serial unless framework changes it),package/feeds/packages/hwinfo/Makefile,package/feeds/packages/hwinfo/host/compile package/libs/toolchain/compile package/utils/util-linux/compile
0011-packages-light-f95acb30,package/feeds/packages/libqmi/compile,light,24,upstream default (serial unless framework changes it),package/feeds/packages/libqmi/Makefile,package/feeds/packages/glib2/compile package/feeds/packages/libmbim/compile package/feeds/packages/libqrtr-glib/compile package/libs/toolchain/compile
0011-packages-light-f95acb30,package/feeds/packages/lvm2/compile,light,24,1,package/feeds/packages/lvm2/Makefile,package/feeds/packages/libaio/compile package/kernel/linux/compile package/libs/libselinux/compile package/libs/ncurses/compile package/libs/readline/compile package/libs/toolchain/compile package/utils/util-linux/compile
0011-packages-light-f95acb30,package/feeds/packages/miniupnpd/compile,light,24,1,package/feeds/packages/miniupnpd/Makefile,package/feeds/packages/libcap-ng/compile package/libs/libmnl/compile package/libs/libnetfilter-conntrack/compile package/libs/libnftnl/compile package/libs/toolchain/compile package/network/utils/iptables/compile package/utils/util-linux/compile
0011-packages-light-f95acb30,package/feeds/packages/msmtp/compile,light,24,1,package/feeds/packages/msmtp/Makefile,package/feeds/packages/bash/compile package/feeds/packages/gnutls/compile package/libs/toolchain/compile package/system/ca-certificates/compile
0011-packages-light-f95acb30,package/feeds/packages/parted/compile,light,24,1,package/feeds/packages/parted/Makefile,package/libs/ncurses/compile package/libs/readline/compile package/libs/toolchain/compile package/utils/util-linux/compile
0011-packages-light-f95acb30,package/feeds/packages/perl-html-tagset/compile,light,24,upstream default (serial unless framework changes it),package/feeds/packages/perl-html-tagset/Makefile,package/feeds/packages/perl/compile package/libs/toolchain/compile
0011-packages-light-f95acb30,package/feeds/packages/perl-net-cidr-lite/compile,light,24,upstream default (serial unless framework changes it),package/feeds/packages/perl-net-cidr-lite/Makefile,package/feeds/packages/perl/compile package/libs/toolchain/compile
0011-packages-light-f95acb30,package/feeds/packages/perl-text-csv_xs/compile,light,24,upstream default (serial unless framework changes it),package/feeds/packages/perl-text-csv_xs/Makefile,package/feeds/packages/perl/compile package/libs/toolchain/compile
0011-packages-light-f95acb30,package/feeds/packages/php8/compile,light,24,1,package/feeds/packages/php8/Makefile,package/feeds/packages/expat/compile package/feeds/packages/libpam/compile package/feeds/packages/sqlite3/compile package/feeds/packages/zoneinfo/compile package/libs/pcre2/compile package/libs/toolchain/compile package/libs/zlib/compile
0011-packages-light-f95acb30,package/feeds/packages/python-packaging/host/compile,light,24,upstream default (serial unless framework changes it),package/feeds/packages/python-packaging/Makefile,package/feeds/packages/python-flit-core/host/compile package/feeds/packages/python-installer/host/compile package/feeds/packages/python3/host/compile
0011-packages-light-f95acb30,package/feeds/packages/python-pyproject-hooks/host/compile,light,24,upstream default (serial unless framework changes it),package/feeds/packages/python-pyproject-hooks/Makefile,package/feeds/packages/python-flit-core/host/compile package/feeds/packages/python-installer/host/compile package/feeds/packages/python3/host/compile
0011-packages-light-f95acb30,package/feeds/packages/wakeonlan/compile,light,24,upstream default (serial unless framework changes it),package/feeds/packages/wakeonlan/Makefile,package/feeds/packages/perl/compile package/libs/toolchain/compile
0011-packages-light-f95acb30,package/feeds/packages/xfsprogs/compile,light,24,1,package/feeds/packages/xfsprogs/Makefile,package/feeds/packages/attr/compile package/feeds/packages/inih/compile package/feeds/packages/liburcu/compile package/libs/toolchain/compile package/utils/util-linux/compile
0011-packages-light-f95acb30,package/feeds/packages/zerotier/compile,light,24,1,package/feeds/packages/zerotier/Makefile,package/feeds/packages/libnatpmp/compile package/feeds/packages/miniupnpc/compile package/kernel/linux/compile package/libs/toolchain/compile package/network/utils/iproute2/compile
0011-packages-light-f95acb30,package/libs/uclient/compile,light,24,upstream default (serial unless framework changes it),package/libs/uclient/Makefile,package/libs/libubox/compile package/libs/toolchain/compile package/libs/ustream-ssl/compile package/utils/ucode/compile
0011-packages-light-f95acb30,package/libs/udebug/compile,light,24,upstream default (serial unless framework changes it),package/libs/udebug/Makefile,package/libs/libubox/compile package/libs/toolchain/compile package/system/ubus/compile package/utils/ucode/compile
0011-packages-light-f95acb30,package/mtk/applications/mtkhqos_util/compile,light,24,upstream default (serial unless framework changes it),package/mtk/applications/mtkhqos_util/Makefile,package/kernel/linux/compile package/libs/toolchain/compile package/network/utils/iproute2/compile package/network/utils/nftables/compile package/system/uci/compile
0011-packages-light-f95acb30,package/network/config/firewall4/compile,light,24,upstream default (serial unless framework changes it),package/network/config/firewall4/Makefile,package/kernel/linux/compile package/libs/toolchain/compile package/network/utils/nftables/compile package/utils/ucode/compile
0011-packages-light-f95acb30,package/network/services/uhttpd/compile,light,24,upstream default (serial unless framework changes it),package/network/services/uhttpd/Makefile,package/libs/libjson-c/compile package/libs/libubox/compile package/libs/toolchain/compile package/libs/ustream-ssl/compile package/system/ubus/compile package/utils/lua/compile package/utils/ucode/compile
0011-packages-light-f95acb30,package/network/utils/wireguard-tools/compile,light,24,1,package/network/utils/wireguard-tools/Makefile,package/kernel/linux/compile package/libs/toolchain/compile package/network/utils/iproute2/compile
0011-packages-light-f95acb30,package/qosmate/compile,light,24,upstream default (serial unless framework changes it),package/qosmate/Makefile,package/feeds/luci/luci-lib-jsonc/compile package/feeds/packages/coreutils/compile package/feeds/packages/jq/compile package/kernel/linux/compile package/libs/toolchain/compile package/network/utils/iproute2/compile package/utils/lua/compile
0011-packages-light-f95acb30,package/system/rpcd/compile,light,24,upstream default (serial unless framework changes it),package/system/rpcd/Makefile,package/libs/libjson-c/compile package/libs/libubox/compile package/libs/toolchain/compile package/network/utils/iwinfo/compile package/system/ubus/compile package/system/uci/compile package/utils/ucode/compile
0011-packages-light-f95acb30,package/utils/e2fsprogs/compile,light,24,1,package/utils/e2fsprogs/Makefile,package/libs/toolchain/compile package/utils/util-linux/compile
0011-packages-light-f95acb30,package/utils/f2fs-tools/compile,light,24,1,package/utils/f2fs-tools/Makefile,package/libs/libselinux/compile package/libs/toolchain/compile package/utils/util-linux/compile
0011-packages-light-f95acb30,package/utils/mtd-utils/compile,light,24,upstream default (serial unless framework changes it),package/utils/mtd-utils/Makefile,package/libs/toolchain/compile package/utils/util-linux/compile
0012-packages-light-b3aeec50,package/feeds/luci/luci-app-zerotier/compile,light,24,upstream default (serial unless framework changes it),package/feeds/luci/luci-app-zerotier/Makefile,package/feeds/luci/csstidy/host/compile package/feeds/luci/luci-base/host/compile package/feeds/packages/luasrcdiet/host/compile package/feeds/packages/zerotier/compile package/libs/toolchain/compile package/utils/lua/host/compile
0012-packages-light-b3aeec50,package/feeds/luci/luci-lib-base/compile,light,24,upstream default (serial unless framework changes it),package/feeds/luci/luci-lib-base/Makefile,package/feeds/luci/csstidy/host/compile package/feeds/luci/luci-base/host/compile package/feeds/luci/luci-lib-ip/compile package/feeds/luci/luci-lib-jsonc/compile package/feeds/luci/luci-lib-nixio/compile package/feeds/luci/lucihttp/compile package/feeds/packages/luasrcdiet/host/compile package/libs/toolchain/compile package/utils/lua/compile package/utils/lua/host/compile
0012-packages-light-b3aeec50,package/feeds/luci/luci-proto-wireguard/compile,light,24,upstream default (serial unless framework changes it),package/feeds/luci/luci-proto-wireguard/Makefile,package/feeds/luci/csstidy/host/compile package/feeds/luci/luci-base/host/compile package/feeds/luci/luci-lib-uqr/compile package/feeds/packages/luasrcdiet/host/compile package/libs/toolchain/compile package/network/utils/resolveip/compile package/network/utils/wireguard-tools/compile package/utils/lua/host/compile package/utils/ucode/compile
0012-packages-light-b3aeec50,package/feeds/luci/luci-theme-argon/compile,light,24,upstream default (serial unless framework changes it),package/feeds/luci/luci-theme-argon/Makefile,package/feeds/luci/csstidy/host/compile package/feeds/luci/luci-base/host/compile package/feeds/packages/luasrcdiet/host/compile package/feeds/packages/wget/compile package/libs/toolchain/compile package/libs/uclient/compile package/utils/jsonfilter/compile package/utils/lua/host/compile
0012-packages-light-b3aeec50,package/feeds/luci/rpcd-mod-luci/compile,light,24,1,package/feeds/luci/rpcd-mod-luci/Makefile,package/libs/libnl-tiny/compile package/libs/libubox/compile package/libs/toolchain/compile package/network/utils/iwinfo/compile package/system/rpcd/compile package/system/ubus/compile
0012-packages-light-b3aeec50,package/feeds/luci/rpcd-mod-rrdns/compile,light,24,1,package/feeds/luci/rpcd-mod-rrdns/Makefile,package/libs/libubox/compile package/libs/toolchain/compile package/system/rpcd/compile package/system/ubus/compile
0012-packages-light-b3aeec50,package/feeds/packages/attendedsysupgrade-common/compile,light,24,upstream default (serial unless framework changes it),package/feeds/packages/attendedsysupgrade-common/Makefile,package/libs/toolchain/compile package/system/rpcd/compile
0012-packages-light-b3aeec50,package/feeds/packages/banip/compile,light,24,upstream default (serial unless framework changes it),package/feeds/packages/banip/Makefile,package/libs/libubox/compile package/libs/toolchain/compile package/network/config/firewall4/compile package/system/ca-certificates/compile package/system/rpcd/compile package/utils/jsonfilter/compile
0012-packages-light-b3aeec50,package/feeds/packages/geoip-shell/compile,light,24,upstream default (serial unless framework changes it),package/feeds/packages/geoip-shell/Makefile,package/kernel/linux/compile package/libs/toolchain/compile package/network/config/firewall4/compile package/network/utils/ipset/compile package/network/utils/iptables/compile package/network/utils/nftables/compile package/system/ca-certificates/compile
0012-packages-light-b3aeec50,package/feeds/packages/hs20/compile,light,24,1,package/feeds/packages/hs20/Makefile,package/feeds/packages/curl/compile package/feeds/packages/php8/compile package/feeds/packages/sqlite3/compile package/feeds/packages/vim/compile package/libs/libxml2/compile package/libs/openssl/compile package/libs/toolchain/compile package/network/services/uhttpd/compile
0012-packages-light-b3aeec50,package/feeds/packages/modemmanager/compile,light,24,upstream default (serial unless framework changes it),package/feeds/packages/modemmanager/Makefile,package/feeds/packages/dbus/compile package/feeds/packages/glib2/compile package/feeds/packages/glib2/host/compile package/feeds/packages/libmbim/compile package/feeds/packages/libqmi/compile package/feeds/packages/libqrtr-glib/compile package/feeds/packages/libxslt/host/compile package/feeds/packages/lua-cjson/compile package/libs/toolchain/compile package/network/services/ppp/compile package/system/rpcd/compile package/utils/lua/compile
0012-packages-light-b3aeec50,package/feeds/packages/nfs-kernel-server/compile,light,24,1,package/feeds/packages/nfs-kernel-server/Makefile,package/feeds/packages/keyutils/compile package/feeds/packages/libtirpc/compile package/feeds/packages/lvm2/compile package/feeds/packages/nfs-kernel-server/host/compile package/feeds/packages/rpcbind/compile package/kernel/linux/compile package/libs/libevent2/compile package/libs/toolchain/compile package/utils/util-linux/compile
0012-packages-light-b3aeec50,package/feeds/packages/perl-html-parser/compile,light,24,upstream default (serial unless framework changes it),package/feeds/packages/perl-html-parser/Makefile,package/feeds/packages/perl-html-tagset/compile package/feeds/packages/perl/compile package/libs/toolchain/compile
0012-packages-light-b3aeec50,package/feeds/packages/python-build/host/compile,light,24,upstream default (serial unless framework changes it),package/feeds/packages/python-build/Makefile,package/feeds/packages/python-flit-core/host/compile package/feeds/packages/python-installer/host/compile package/feeds/packages/python-packaging/host/compile package/feeds/packages/python-pyproject-hooks/host/compile package/feeds/packages/python3/host/compile
0012-packages-light-b3aeec50,package/feeds/packages/smartmontools/compile,light,24,1,package/feeds/packages/smartmontools/Makefile,package/feeds/packages/msmtp/compile package/feeds/packages/nail/compile package/libs/toolchain/compile
0012-packages-light-b3aeec50,package/feeds/packages/xtables-addons/compile,light,24,1,package/feeds/packages/xtables-addons/Makefile,package/feeds/packages/gzip/compile package/feeds/packages/perl-net-cidr-lite/compile package/feeds/packages/perl-text-csv_xs/compile package/feeds/packages/perl/compile package/feeds/packages/wget/compile package/kernel/linux/compile package/libs/toolchain/compile package/network/utils/iptables/compile
0012-packages-light-b3aeec50,package/luci-app-qosmate/compile,light,24,upstream default (serial unless framework changes it),package/luci-app-qosmate/Makefile,package/feeds/luci/csstidy/host/compile package/feeds/luci/luci-base/host/compile package/feeds/luci/luci-lib-jsonc/compile package/feeds/packages/luasrcdiet/host/compile package/libs/toolchain/compile package/qosmate/compile package/utils/lua/compile package/utils/lua/host/compile
0012-packages-light-b3aeec50,package/luci-theme-kucat/compile,light,24,upstream default (serial unless framework changes it),package/luci-theme-kucat/Makefile,package/feeds/luci/csstidy/host/compile package/feeds/luci/luci-base/host/compile package/feeds/packages/curl/compile package/feeds/packages/luasrcdiet/host/compile package/feeds/packages/wget/compile package/libs/toolchain/compile package/libs/uclient/compile package/utils/jsonfilter/compile package/utils/lua/host/compile
0012-packages-light-b3aeec50,package/network/config/netifd/compile,light,24,upstream default (serial unless framework changes it),package/network/config/netifd/Makefile,package/libs/libnl-tiny/compile package/libs/libubox/compile package/libs/toolchain/compile package/libs/udebug/compile package/system/ubus/compile package/system/uci/compile package/utils/ucode/compile
0012-packages-light-b3aeec50,package/network/ipv6/6in4/compile,light,24,upstream default (serial unless framework changes it),package/network/ipv6/6in4/Makefile,package/kernel/linux/compile package/libs/toolchain/compile package/libs/uclient/compile package/network/utils/resolveip/compile
0012-packages-light-b3aeec50,package/network/services/hostapd/compile,light,24,1,package/network/services/hostapd/Makefile,package/libs/libnl-tiny/compile package/libs/libubox/compile package/libs/openssl/compile package/libs/toolchain/compile package/libs/udebug/compile package/system/ubus/compile package/utils/ucode/compile
0012-packages-light-b3aeec50,package/network/services/umdns/compile,light,24,upstream default (serial unless framework changes it),package/network/services/umdns/Makefile,package/libs/libubox/compile package/libs/toolchain/compile package/libs/udebug/compile package/system/ubus/compile
0012-packages-light-b3aeec50,package/system/opkg/compile,light,24,upstream default (serial unless framework changes it),package/system/opkg/Makefile,package/libs/libubox/compile package/libs/toolchain/compile package/libs/uclient/compile
0012-packages-light-b3aeec50,package/system/ubox/compile,light,24,upstream default (serial unless framework changes it),package/system/ubox/Makefile,package/libs/libubox/compile package/libs/toolchain/compile package/libs/udebug/compile package/system/ubus/compile package/system/uci/compile
0013-packages-light-28dbb5ed,package/feeds/luci/luci-base/compile,light,24,upstream default (serial unless framework changes it),package/feeds/luci/luci-base/Makefile,package/feeds/luci/csstidy/host/compile package/feeds/luci/luci-base/host/compile package/feeds/luci/lucihttp/compile package/feeds/luci/rpcd-mod-luci/compile package/feeds/luci/ucode-mod-html/compile package/feeds/packages/cgi-io/compile package/feeds/packages/luasrcdiet/host/compile package/libs/toolchain/compile package/system/rpcd/compile package/utils/lua/host/compile package/utils/ucode/compile
0013-packages-light-28dbb5ed,package/feeds/luci/luci-proto-modemmanager/compile,light,24,upstream default (serial unless framework changes it),package/feeds/luci/luci-proto-modemmanager/Makefile,package/feeds/luci/csstidy/host/compile package/feeds/luci/luci-base/host/compile package/feeds/packages/luasrcdiet/host/compile package/feeds/packages/modemmanager/compile package/libs/toolchain/compile package/utils/lua/host/compile
0013-packages-light-28dbb5ed,package/feeds/packages/perl-cgi/compile,light,24,upstream default (serial unless framework changes it),package/feeds/packages/perl-cgi/Makefile,package/feeds/packages/perl-html-parser/compile package/feeds/packages/perl/compile package/libs/toolchain/compile
0013-packages-light-28dbb5ed,package/feeds/packages/python-editables/host/compile,light,24,upstream default (serial unless framework changes it),package/feeds/packages/python-editables/Makefile,package/feeds/packages/python-build/host/compile package/feeds/packages/python-flit-core/host/compile package/feeds/packages/python-installer/host/compile package/feeds/packages/python3/host/compile
0013-packages-light-28dbb5ed,package/feeds/packages/python-pathspec/host/compile,light,24,upstream default (serial unless framework changes it),package/feeds/packages/python-pathspec/Makefile,package/feeds/packages/python-build/host/compile package/feeds/packages/python-flit-core/host/compile package/feeds/packages/python-installer/host/compile package/feeds/packages/python3/host/compile
0013-packages-light-28dbb5ed,package/feeds/packages/python-typing-extensions/host/compile,light,24,upstream default (serial unless framework changes it),package/feeds/packages/python-typing-extensions/Makefile,package/feeds/packages/python-build/host/compile package/feeds/packages/python-flit-core/host/compile package/feeds/packages/python-installer/host/compile package/feeds/packages/python3/host/compile
0013-packages-light-28dbb5ed,package/feeds/packages/python-wheel/host/compile,light,24,upstream default (serial unless framework changes it),package/feeds/packages/python-wheel/Makefile,package/feeds/packages/python-build/host/compile package/feeds/packages/python-flit-core/host/compile package/feeds/packages/python-installer/host/compile package/feeds/packages/python3/host/compile
0013-packages-light-28dbb5ed,package/network/config/wifi-scripts/compile,light,24,upstream default (serial unless framework changes it),package/network/config/wifi-scripts/Makefile,package/libs/toolchain/compile package/network/config/netifd/compile package/utils/ucode/compile
0013-packages-light-28dbb5ed,package/system/fstools/compile,light,24,upstream default (serial unless framework changes it),package/system/fstools/Makefile,package/kernel/linux/compile package/libs/libjson-c/compile package/libs/libubox/compile package/libs/toolchain/compile package/system/ubox/compile package/system/ubus/compile package/system/uci/compile package/utils/mtd-utils/compile package/utils/util-linux/compile
0013-packages-light-28dbb5ed,package/system/urandom-seed/compile,light,24,upstream default (serial unless framework changes it),package/system/urandom-seed/Makefile,package/libs/toolchain/compile package/system/ubox/compile
0014-packages-light-cf9a5607,package/boot/uboot-envtools/compile,light,24,1,package/boot/uboot-envtools/Makefile,package/libs/toolchain/compile package/system/fstools/compile
0014-packages-light-cf9a5607,package/emortal/automount/compile,light,24,upstream default (serial unless framework changes it),package/emortal/automount/Makefile,package/kernel/linux/compile package/libs/toolchain/compile package/system/fstools/compile package/utils/e2fsprogs/compile
0014-packages-light-cf9a5607,package/feeds/luci/luci-app-acme/compile,light,24,upstream default (serial unless framework changes it),package/feeds/luci/luci-app-acme/Makefile,package/feeds/luci/csstidy/host/compile package/feeds/luci/luci-base/compile package/feeds/luci/luci-base/host/compile package/feeds/packages/acme/compile package/feeds/packages/luasrcdiet/host/compile package/libs/toolchain/compile package/utils/lua/host/compile
0014-packages-light-cf9a5607,package/feeds/luci/luci-app-banip/compile,light,24,upstream default (serial unless framework changes it),package/feeds/luci/luci-app-banip/Makefile,package/feeds/luci/csstidy/host/compile package/feeds/luci/luci-base/compile package/feeds/luci/luci-base/host/compile package/feeds/packages/banip/compile package/feeds/packages/luasrcdiet/host/compile package/libs/toolchain/compile package/utils/lua/host/compile
0014-packages-light-cf9a5607,package/feeds/luci/luci-app-filemanager/compile,light,24,upstream default (serial unless framework changes it),package/feeds/luci/luci-app-filemanager/Makefile,package/feeds/luci/csstidy/host/compile package/feeds/luci/luci-base/compile package/feeds/luci/luci-base/host/compile package/feeds/packages/luasrcdiet/host/compile package/libs/toolchain/compile package/utils/lua/host/compile
0014-packages-light-cf9a5607,package/feeds/luci/luci-app-firewall/compile,light,24,upstream default (serial unless framework changes it),package/feeds/luci/luci-app-firewall/Makefile,package/feeds/luci/csstidy/host/compile package/feeds/luci/luci-base/compile package/feeds/luci/luci-base/host/compile package/feeds/packages/luasrcdiet/host/compile package/libs/toolchain/compile package/network/config/firewall4/compile package/utils/lua/host/compile
0014-packages-light-cf9a5607,package/feeds/luci/luci-app-natmap/compile,light,24,upstream default (serial unless framework changes it),package/feeds/luci/luci-app-natmap/Makefile,package/feeds/luci/csstidy/host/compile package/feeds/luci/luci-base/compile package/feeds/luci/luci-base/host/compile package/feeds/packages/luasrcdiet/host/compile package/feeds/packages/natmap/compile package/libs/toolchain/compile package/utils/lua/host/compile
0014-packages-light-cf9a5607,package/feeds/luci/luci-app-omcproxy/compile,light,24,upstream default (serial unless framework changes it),package/feeds/luci/luci-app-omcproxy/Makefile,package/feeds/luci/csstidy/host/compile package/feeds/luci/luci-base/compile package/feeds/luci/luci-base/host/compile package/feeds/packages/luasrcdiet/host/compile package/libs/toolchain/compile package/network/services/omcproxy/compile package/utils/lua/host/compile
0014-packages-light-cf9a5607,package/feeds/luci/luci-app-p910nd/compile,light,24,upstream default (serial unless framework changes it),package/feeds/luci/luci-app-p910nd/Makefile,package/feeds/luci/csstidy/host/compile package/feeds/luci/luci-base/compile package/feeds/luci/luci-base/host/compile package/feeds/packages/luasrcdiet/host/compile package/feeds/packages/p910nd/compile package/libs/toolchain/compile package/utils/lua/host/compile
0014-packages-light-cf9a5607,package/feeds/luci/luci-app-package-manager/compile,light,24,upstream default (serial unless framework changes it),package/feeds/luci/luci-app-package-manager/Makefile,package/feeds/luci/csstidy/host/compile package/feeds/luci/luci-base/compile package/feeds/luci/luci-base/host/compile package/feeds/packages/luasrcdiet/host/compile package/libs/toolchain/compile package/utils/lua/host/compile
0014-packages-light-cf9a5607,package/feeds/luci/luci-app-softether/compile,light,24,upstream default (serial unless framework changes it),package/feeds/luci/luci-app-softether/Makefile,package/feeds/luci/csstidy/host/compile package/feeds/luci/luci-base/compile package/feeds/luci/luci-base/host/compile package/feeds/packages/luasrcdiet/host/compile package/feeds/packages/softethervpn5/compile package/libs/toolchain/compile package/utils/lua/host/compile
0014-packages-light-cf9a5607,package/feeds/luci/luci-app-statistics/compile,light,24,upstream default (serial unless framework changes it),package/feeds/luci/luci-app-statistics/Makefile,package/feeds/luci/csstidy/host/compile package/feeds/luci/luci-base/compile package/feeds/luci/luci-base/host/compile package/feeds/packages/collectd/compile package/feeds/packages/luasrcdiet/host/compile package/feeds/packages/rrdtool1/compile package/libs/toolchain/compile package/utils/lua/host/compile
0014-packages-light-cf9a5607,package/feeds/luci/luci-app-ttyd/compile,light,24,upstream default (serial unless framework changes it),package/feeds/luci/luci-app-ttyd/Makefile,package/feeds/luci/csstidy/host/compile package/feeds/luci/luci-base/compile package/feeds/luci/luci-base/host/compile package/feeds/packages/luasrcdiet/host/compile package/feeds/packages/ttyd/compile package/libs/toolchain/compile package/utils/lua/host/compile
0014-packages-light-cf9a5607,package/feeds/luci/luci-app-udpxy/compile,light,24,upstream default (serial unless framework changes it),package/feeds/luci/luci-app-udpxy/Makefile,package/feeds/luci/csstidy/host/compile package/feeds/luci/luci-base/compile package/feeds/luci/luci-base/host/compile package/feeds/packages/luasrcdiet/host/compile package/feeds/packages/udpxy/compile package/libs/toolchain/compile package/utils/lua/host/compile
0014-packages-light-cf9a5607,package/feeds/luci/luci-app-uhttpd/compile,light,24,upstream default (serial unless framework changes it),package/feeds/luci/luci-app-uhttpd/Makefile,package/feeds/luci/csstidy/host/compile package/feeds/luci/luci-base/compile package/feeds/luci/luci-base/host/compile package/feeds/packages/luasrcdiet/host/compile package/libs/toolchain/compile package/network/services/uhttpd/compile package/utils/lua/host/compile
0014-packages-light-cf9a5607,package/feeds/luci/luci-app-upnp/compile,light,24,upstream default (serial unless framework changes it),package/feeds/luci/luci-app-upnp/Makefile,package/feeds/luci/csstidy/host/compile package/feeds/luci/luci-base/compile package/feeds/luci/luci-base/host/compile package/feeds/packages/luasrcdiet/host/compile package/feeds/packages/miniupnpd/compile package/libs/toolchain/compile package/system/rpcd/compile package/utils/lua/host/compile
0014-packages-light-cf9a5607,package/feeds/luci/luci-app-wol/compile,light,24,upstream default (serial unless framework changes it),package/feeds/luci/luci-app-wol/Makefile,package/feeds/luci/csstidy/host/compile package/feeds/luci/luci-base/compile package/feeds/luci/luci-base/host/compile package/feeds/packages/etherwake/compile package/feeds/packages/luasrcdiet/host/compile package/libs/toolchain/compile package/utils/lua/host/compile
0014-packages-light-cf9a5607,package/feeds/luci/luci-lua-runtime/compile,light,24,upstream default (serial unless framework changes it),package/feeds/luci/luci-lua-runtime/Makefile,package/feeds/luci/csstidy/host/compile package/feeds/luci/luci-base/compile package/feeds/luci/luci-base/host/compile package/feeds/luci/luci-lib-base/compile package/feeds/luci/luci-lib-ip/compile package/feeds/luci/luci-lib-jsonc/compile package/feeds/luci/luci-lib-nixio/compile package/feeds/luci/lucihttp/compile package/feeds/luci/ucode-mod-lua/compile package/feeds/packages/luasrcdiet/host/compile package/libs/toolchain/compile package/system/ubus/compile package/utils/lua/compile package/utils/lua/host/compile
0014-packages-light-cf9a5607,package/feeds/luci/luci-mod-dashboard/compile,light,24,upstream default (serial unless framework changes it),package/feeds/luci/luci-mod-dashboard/Makefile,package/feeds/luci/csstidy/host/compile package/feeds/luci/luci-base/compile package/feeds/luci/luci-base/host/compile package/feeds/packages/luasrcdiet/host/compile package/libs/toolchain/compile package/network/utils/iwinfo/compile package/utils/lua/host/compile
0014-packages-light-cf9a5607,package/feeds/luci/luci-mod-network/compile,light,24,upstream default (serial unless framework changes it),package/feeds/luci/luci-mod-network/Makefile,package/feeds/luci/csstidy/host/compile package/feeds/luci/luci-base/compile package/feeds/luci/luci-base/host/compile package/feeds/packages/luasrcdiet/host/compile package/libs/toolchain/compile package/system/rpcd/compile package/utils/lua/host/compile
0014-packages-light-cf9a5607,package/feeds/luci/luci-mod-status/compile,light,24,upstream default (serial unless framework changes it),package/feeds/luci/luci-mod-status/Makefile,package/feeds/luci/csstidy/host/compile package/feeds/luci/luci-base/compile package/feeds/luci/luci-base/host/compile package/feeds/packages/luasrcdiet/host/compile package/libs/toolchain/compile package/network/utils/iwinfo/compile package/system/rpcd/compile package/utils/lua/host/compile
0014-packages-light-cf9a5607,package/feeds/luci/luci-mod-system/compile,light,24,upstream default (serial unless framework changes it),package/feeds/luci/luci-mod-system/Makefile,package/feeds/luci/csstidy/host/compile package/feeds/luci/luci-base/compile package/feeds/luci/luci-base/host/compile package/feeds/packages/luasrcdiet/host/compile package/libs/toolchain/compile package/utils/lua/host/compile
0014-packages-light-cf9a5607,package/feeds/luci/luci-theme-bootstrap/compile,light,24,upstream default (serial unless framework changes it),package/feeds/luci/luci-theme-bootstrap/Makefile,package/feeds/luci/csstidy/host/compile package/feeds/luci/luci-base/compile package/feeds/luci/luci-base/host/compile package/feeds/packages/luasrcdiet/host/compile package/libs/toolchain/compile package/utils/lua/host/compile
0014-packages-light-cf9a5607,package/feeds/packages/git/compile,light,24,1,package/feeds/packages/git/Makefile,package/feeds/packages/curl/compile package/feeds/packages/perl-cgi/compile package/feeds/packages/perl/compile package/libs/openssl/compile package/libs/toolchain/compile package/libs/zlib/compile
0014-packages-light-cf9a5607,package/feeds/packages/python-calver/host/compile,light,24,upstream default (serial unless framework changes it),package/feeds/packages/python-calver/Makefile,package/feeds/packages/python-build/host/compile package/feeds/packages/python-installer/host/compile package/feeds/packages/python-wheel/host/compile package/feeds/packages/python3/host/compile
0014-packages-light-cf9a5607,package/feeds/packages/python-setuptools-scm/host/compile,light,24,upstream default (serial unless framework changes it),package/feeds/packages/python-setuptools-scm/Makefile,package/feeds/packages/python-build/host/compile package/feeds/packages/python-installer/host/compile package/feeds/packages/python-packaging/host/compile package/feeds/packages/python-typing-extensions/host/compile package/feeds/packages/python-wheel/host/compile package/feeds/packages/python3/host/compile
0014-packages-light-cf9a5607,package/feeds/packages/python3/compile,light,24,1,package/feeds/packages/python3/Makefile,package/feeds/packages/bluez/compile package/feeds/packages/gdbm/compile package/feeds/packages/libffi/compile package/feeds/packages/python-build/host/compile package/feeds/packages/python-installer/host/compile package/feeds/packages/python-wheel/host/compile package/feeds/packages/python3/host/compile package/feeds/packages/sqlite3/compile package/feeds/packages/xz/compile package/libs/ncurses/compile package/libs/openssl/compile package/libs/readline/compile package/libs/toolchain/compile package/libs/zlib/compile package/system/ca-certificates/compile package/utils/bzip2/compile package/utils/util-linux/compile
0014-packages-light-cf9a5607,package/kernel/mac80211/compile,light,24,1,package/kernel/mac80211/Makefile,package/firmware/linux-firmware/compile package/firmware/wireless-regdb/compile package/kernel/linux/compile package/network/config/wifi-scripts/compile package/network/services/hostapd/compile package/network/utils/iw/compile package/network/utils/iwinfo/compile
0014-packages-light-cf9a5607,package/mm-ui-bands/compile,light,24,upstream default (serial unless framework changes it),package/mm-ui-bands/Makefile,package/feeds/luci/csstidy/host/compile package/feeds/luci/luci-base/host/compile package/feeds/luci/luci-proto-modemmanager/compile package/feeds/packages/luasrcdiet/host/compile package/feeds/packages/modemmanager/compile package/libs/toolchain/compile package/system/uci/compile package/utils/jsonfilter/compile package/utils/lua/host/compile
0014-packages-light-cf9a5607,package/mm-ui-sms/luci-app-sms-manager/compile,light,24,upstream default (serial unless framework changes it),package/mm-ui-sms/luci-app-sms-manager/Makefile,package/feeds/luci/csstidy/host/compile package/feeds/luci/luci-base/host/compile package/feeds/luci/luci-proto-modemmanager/compile package/feeds/packages/luasrcdiet/host/compile package/feeds/packages/mailsend/compile package/feeds/packages/modemmanager/compile package/libs/libubox/compile package/libs/toolchain/compile package/system/rpcd/compile package/system/uci/compile package/utils/lua/host/compile
0014-packages-light-cf9a5607,package/system/procd/compile,light,24,upstream default (serial unless framework changes it),package/system/procd/Makefile,package/libs/libjson-c/compile package/libs/libselinux/compile package/libs/libubox/compile package/libs/toolchain/compile package/libs/udebug/compile package/system/fstools/compile package/system/ubox/compile package/system/ubus/compile package/system/uci/compile
0015-packages-light-6984aa98,package/base-files/compile,light,24,upstream default (serial unless framework changes it),package/base-files/Makefile,package/libs/toolchain/compile package/network/config/netifd/compile package/system/fstools/compile package/system/fwtool/compile package/system/openwrt-keyring/compile package/system/procd/compile package/system/ucert/host/compile package/system/usign/compile package/system/usign/host/compile package/utils/busybox/compile package/utils/jsonfilter/compile package/utils/mtd-utils/compile
0015-packages-light-6984aa98,package/feeds/luci/luci-app-cpulimit/compile,light,24,upstream default (serial unless framework changes it),package/feeds/luci/luci-app-cpulimit/Makefile,package/feeds/luci/csstidy/host/compile package/feeds/luci/luci-base/host/compile package/feeds/luci/luci-lua-runtime/compile package/feeds/packages/cpulimit/compile package/feeds/packages/luasrcdiet/host/compile package/libs/toolchain/compile package/utils/lua/host/compile
0015-packages-light-6984aa98,package/feeds/luci/luci-app-nfs/compile,light,24,upstream default (serial unless framework changes it),package/feeds/luci/luci-app-nfs/Makefile,package/feeds/luci/csstidy/host/compile package/feeds/luci/luci-base/host/compile package/feeds/luci/luci-lua-runtime/compile package/feeds/packages/luasrcdiet/host/compile package/feeds/packages/nfs-kernel-server/compile package/libs/toolchain/compile package/utils/lua/host/compile package/utils/util-linux/compile
0015-packages-light-6984aa98,package/feeds/luci/luci-app-softethervpn/compile,light,24,upstream default (serial unless framework changes it),package/feeds/luci/luci-app-softethervpn/Makefile,package/feeds/luci/csstidy/host/compile package/feeds/luci/luci-base/host/compile package/feeds/luci/luci-lua-runtime/compile package/feeds/packages/luasrcdiet/host/compile package/feeds/packages/softethervpn5/compile package/kernel/linux/compile package/libs/libiconv-full/compile package/libs/ncurses/compile package/libs/openssl/compile package/libs/readline/compile package/libs/toolchain/compile package/libs/zlib/compile package/utils/lua/host/compile
0015-packages-light-6984aa98,package/feeds/luci/luci-app-usb-printer/compile,light,24,upstream default (serial unless framework changes it),package/feeds/luci/luci-app-usb-printer/Makefile,package/feeds/luci/csstidy/host/compile package/feeds/luci/luci-base/host/compile package/feeds/luci/luci-lua-runtime/compile package/feeds/packages/luasrcdiet/host/compile package/feeds/packages/p910nd/compile package/kernel/linux/compile package/libs/toolchain/compile package/utils/lua/host/compile
0015-packages-light-6984aa98,package/feeds/luci/luci-app-vsftpd/compile,light,24,upstream default (serial unless framework changes it),package/feeds/luci/luci-app-vsftpd/Makefile,package/feeds/luci/csstidy/host/compile package/feeds/luci/luci-base/host/compile package/feeds/luci/luci-lua-runtime/compile package/feeds/packages/luasrcdiet/host/compile package/feeds/packages/vsftpd/compile package/libs/toolchain/compile package/utils/lua/host/compile
0015-packages-light-6984aa98,package/feeds/luci/luci-compat/compile,light,24,upstream default (serial unless framework changes it),package/feeds/luci/luci-compat/Makefile,package/feeds/luci/csstidy/host/compile package/feeds/luci/luci-base/host/compile package/feeds/luci/luci-lua-runtime/compile package/feeds/packages/luasrcdiet/host/compile package/libs/toolchain/compile package/utils/lua/host/compile
0015-packages-light-6984aa98,package/feeds/luci/luci-lib-ipkg/compile,light,24,upstream default (serial unless framework changes it),package/feeds/luci/luci-lib-ipkg/Makefile,package/feeds/luci/csstidy/host/compile package/feeds/luci/luci-base/compile package/feeds/luci/luci-base/host/compile package/feeds/luci/luci-lua-runtime/compile package/feeds/packages/luasrcdiet/host/compile package/libs/toolchain/compile package/utils/lua/host/compile
0015-packages-light-6984aa98,package/feeds/luci/luci-lib-json/compile,light,24,upstream default (serial unless framework changes it),package/feeds/luci/luci-lib-json/Makefile,package/feeds/luci/csstidy/host/compile package/feeds/luci/luci-base/host/compile package/feeds/luci/luci-lua-runtime/compile package/feeds/packages/luasrcdiet/host/compile package/libs/toolchain/compile package/utils/lua/host/compile
0015-packages-light-6984aa98,package/feeds/luci/luci-mod-admin-full/compile,light,24,upstream default (serial unless framework changes it),package/feeds/luci/luci-mod-admin-full/Makefile,package/feeds/luci/csstidy/host/compile package/feeds/luci/luci-base/compile package/feeds/luci/luci-base/host/compile package/feeds/luci/luci-mod-network/compile package/feeds/luci/luci-mod-status/compile package/feeds/luci/luci-mod-system/compile package/feeds/packages/luasrcdiet/host/compile package/libs/toolchain/compile package/utils/lua/host/compile
0015-packages-light-6984aa98,package/feeds/packages/macremapper/compile,light,24,upstream default (serial unless framework changes it),package/feeds/packages/macremapper/Makefile,package/kernel/linux/compile package/kernel/mac80211/compile
0015-packages-light-6984aa98,package/feeds/packages/python-argcomplete/compile,light,24,upstream default (serial unless framework changes it),package/feeds/packages/python-argcomplete/Makefile,package/feeds/packages/python-setuptools-scm/host/compile package/feeds/packages/python3/compile package/libs/toolchain/compile
0015-packages-light-6984aa98,package/feeds/packages/python-click/compile,light,24,upstream default (serial unless framework changes it),package/feeds/packages/python-click/Makefile,package/feeds/packages/python3/compile package/libs/toolchain/compile
0015-packages-light-6984aa98,package/feeds/packages/python-packaging/compile,light,24,upstream default (serial unless framework changes it),package/feeds/packages/python-packaging/Makefile,package/feeds/packages/python-flit-core/host/compile package/feeds/packages/python3/compile package/libs/toolchain/compile
0015-packages-light-6984aa98,package/feeds/packages/python-pluggy/host/compile,light,24,upstream default (serial unless framework changes it),package/feeds/packages/python-pluggy/Makefile,package/feeds/packages/python-build/host/compile package/feeds/packages/python-installer/host/compile package/feeds/packages/python-setuptools-scm/host/compile package/feeds/packages/python-wheel/host/compile package/feeds/packages/python3/host/compile
0015-packages-light-6984aa98,package/feeds/packages/python-psutil/compile,light,24,upstream default (serial unless framework changes it),package/feeds/packages/python-psutil/Makefile,package/feeds/packages/python3/compile package/libs/toolchain/compile
0015-packages-light-6984aa98,package/feeds/packages/python-setuptools/compile,light,24,upstream default (serial unless framework changes it),package/feeds/packages/python-setuptools/Makefile,package/feeds/packages/python3/compile package/libs/toolchain/compile
0015-packages-light-6984aa98,package/feeds/packages/python-trove-classifiers/host/compile,light,24,upstream default (serial unless framework changes it),package/feeds/packages/python-trove-classifiers/Makefile,package/feeds/packages/python-build/host/compile package/feeds/packages/python-calver/host/compile package/feeds/packages/python-installer/host/compile package/feeds/packages/python-wheel/host/compile package/feeds/packages/python3/host/compile
0015-packages-light-6984aa98,package/feeds/packages/rsync/compile,light,24,1,package/feeds/packages/rsync/Makefile,package/feeds/packages/acl/compile package/feeds/packages/attr/compile package/feeds/packages/liblz4/compile package/feeds/packages/python3/compile package/feeds/packages/zstd/compile package/libs/popt/compile package/libs/toolchain/compile package/libs/zlib/compile
0015-packages-light-6984aa98,package/feeds/packages/scapy/compile,light,24,upstream default (serial unless framework changes it),package/feeds/packages/scapy/Makefile,package/feeds/packages/python3/compile package/libs/toolchain/compile
0015-packages-light-6984aa98,package/luci-app-adguardhome/luci-app-adguardhome/compile,light,24,upstream default (serial unless framework changes it),package/luci-app-adguardhome/luci-app-adguardhome/Makefile,package/feeds/luci/csstidy/host/compile package/feeds/luci/luci-base/host/compile package/feeds/luci/luci-lua-runtime/compile package/feeds/packages/curl/compile package/feeds/packages/luasrcdiet/host/compile package/libs/toolchain/compile package/system/ca-certificates/compile package/utils/lua/host/compile
0015-packages-light-6984aa98,package/mtk/applications/luci-app-turboacc-mtk/compile,light,24,upstream default (serial unless framework changes it),package/mtk/applications/luci-app-turboacc-mtk/Makefile,package/feeds/luci/csstidy/host/compile package/feeds/luci/luci-app-ttyd/compile package/feeds/luci/luci-base/host/compile package/feeds/packages/luasrcdiet/host/compile package/kernel/linux/compile package/libs/toolchain/compile package/network/utils/fullconenat/compile package/utils/lua/host/compile
0016-packages-light-186fbb5e,package/feeds/luci/luci-app-diskman/compile,light,24,upstream default (serial unless framework changes it),package/feeds/luci/luci-app-diskman/Makefile,package/feeds/luci/csstidy/host/compile package/feeds/luci/luci-base/host/compile package/feeds/luci/luci-compat/compile package/feeds/luci/luci-lua-runtime/compile package/feeds/packages/btrfs-progs/compile package/feeds/packages/dosfstools/compile package/feeds/packages/exfatprogs/compile package/feeds/packages/luasrcdiet/host/compile package/feeds/packages/parted/compile package/feeds/packages/smartmontools/compile package/kernel/linux/compile package/libs/toolchain/compile package/utils/e2fsprogs/compile package/utils/lua/host/compile package/utils/util-linux/compile
0016-packages-light-186fbb5e,package/feeds/luci/luci-light/compile,light,24,upstream default (serial unless framework changes it),package/feeds/luci/luci-light/Makefile,package/feeds/luci/csstidy/host/compile package/feeds/luci/luci-app-firewall/compile package/feeds/luci/luci-base/host/compile package/feeds/luci/luci-mod-admin-full/compile package/feeds/luci/luci-proto-ipv6/compile package/feeds/luci/luci-proto-ppp/compile package/feeds/luci/luci-theme-bootstrap/compile package/feeds/luci/rpcd-mod-rrdns/compile package/feeds/packages/luasrcdiet/host/compile package/libs/toolchain/compile package/network/services/uhttpd/compile package/utils/lua/host/compile
0016-packages-light-186fbb5e,package/feeds/luci/luci-mod-rpc/compile,light,24,upstream default (serial unless framework changes it),package/feeds/luci/luci-mod-rpc/Makefile,package/feeds/luci/csstidy/host/compile package/feeds/luci/luci-base/host/compile package/feeds/luci/luci-lib-json/compile package/feeds/luci/luci-lua-runtime/compile package/feeds/packages/luasrcdiet/host/compile package/libs/toolchain/compile package/utils/lua/host/compile
0016-packages-light-186fbb5e,package/feeds/packages/libdcwproto/compile,light,24,1,package/feeds/packages/libdcwproto/Makefile,package/feeds/packages/macremapper/compile package/libs/toolchain/compile
0016-packages-light-186fbb5e,package/feeds/packages/python-hatchling/host/compile,light,24,upstream default (serial unless framework changes it),package/feeds/packages/python-hatchling/Makefile,package/feeds/packages/python-build/host/compile package/feeds/packages/python-editables/host/compile package/feeds/packages/python-installer/host/compile package/feeds/packages/python-packaging/host/compile package/feeds/packages/python-pathspec/host/compile package/feeds/packages/python-pluggy/host/compile package/feeds/packages/python-trove-classifiers/host/compile package/feeds/packages/python3/host/compile
0016-packages-light-186fbb5e,package/feeds/packages/speedtest-cli/compile,light,24,upstream default (serial unless framework changes it),package/feeds/packages/speedtest-cli/Makefile,package/feeds/packages/python-setuptools/compile package/feeds/packages/python3/compile package/libs/toolchain/compile
0016-packages-light-186fbb5e,package/luci-app-advancedplus/compile,light,24,upstream default (serial unless framework changes it),package/luci-app-advancedplus/Makefile,package/feeds/luci/csstidy/host/compile package/feeds/luci/luci-base/host/compile package/feeds/luci/luci-compat/compile package/feeds/luci/luci-lua-runtime/compile package/feeds/packages/curl/compile package/feeds/packages/luasrcdiet/host/compile package/libs/toolchain/compile package/utils/lua/host/compile
0017-packages-light-f068e76e,package/feeds/luci/luci-ssl-openssl/compile,light,24,upstream default (serial unless framework changes it),package/feeds/luci/luci-ssl-openssl/Makefile,package/feeds/luci/csstidy/host/compile package/feeds/luci/luci-app-package-manager/compile package/feeds/luci/luci-base/host/compile package/feeds/luci/luci-light/compile package/feeds/packages/luasrcdiet/host/compile package/libs/openssl/compile package/libs/toolchain/compile package/libs/ustream-ssl/compile package/utils/lua/host/compile
0017-packages-light-f068e76e,package/feeds/luci/luci/compile,light,24,upstream default (serial unless framework changes it),package/feeds/luci/luci/Makefile,package/feeds/luci/csstidy/host/compile package/feeds/luci/luci-app-package-manager/compile package/feeds/luci/luci-base/host/compile package/feeds/luci/luci-light/compile package/feeds/packages/luasrcdiet/host/compile package/libs/toolchain/compile package/utils/lua/host/compile
0017-packages-light-f068e76e,package/feeds/packages/python-hatch-vcs/host/compile,light,24,upstream default (serial unless framework changes it),package/feeds/packages/python-hatch-vcs/Makefile,package/feeds/packages/python-build/host/compile package/feeds/packages/python-hatchling/host/compile package/feeds/packages/python-installer/host/compile package/feeds/packages/python-setuptools-scm/host/compile package/feeds/packages/python3/host/compile
0017-packages-light-f068e76e,package/feeds/packages/python-userpath/compile,light,24,upstream default (serial unless framework changes it),package/feeds/packages/python-userpath/Makefile,package/feeds/packages/python-click/compile package/feeds/packages/python-hatchling/host/compile package/feeds/packages/python-psutil/compile package/feeds/packages/python3/compile package/libs/toolchain/compile
0018-packages-light-f856389f,package/emortal/default-settings/compile,light,24,upstream default (serial unless framework changes it),package/emortal/default-settings/Makefile,package/feeds/luci/luci-base/compile package/feeds/luci/luci/compile package/libs/toolchain/compile
0018-packages-light-f856389f,package/feeds/packages/python-platformdirs/compile,light,24,upstream default (serial unless framework changes it),package/feeds/packages/python-platformdirs/Makefile,package/feeds/packages/python-hatch-vcs/host/compile package/feeds/packages/python-hatchling/host/compile package/feeds/packages/python3/compile package/libs/toolchain/compile
0019-packages-light-3227578f,package/feeds/packages/pipx/compile,light,24,upstream default (serial unless framework changes it),package/feeds/packages/pipx/Makefile,package/feeds/packages/python-argcomplete/compile package/feeds/packages/python-hatch-vcs/host/compile package/feeds/packages/python-hatchling/host/compile package/feeds/packages/python-packaging/compile package/feeds/packages/python-platformdirs/compile package/feeds/packages/python-userpath/compile package/feeds/packages/python3/compile package/libs/toolchain/compile
0020-packages-go-0c97ad89,package/devel/golang-host-compat/host/compile,go,8,1,package/devel/golang-host-compat/Makefile,
0021-packages-cpp-4060c714,package/feeds/packages/boost/host/compile,cpp,8,1,package/feeds/packages/boost/Makefile,
0022-packages-cpp-2fcc8ccd,package/feeds/packages/boost/compile,cpp,8,1,package/feeds/packages/boost/Makefile,package/feeds/packages/boost/host/compile package/libs/toolchain/compile
0023-packages-light-f7a511c8,package/feeds/packages/trojan-plus/compile,light,24,1,package/feeds/packages/trojan-plus/Makefile,package/feeds/packages/boost/compile package/libs/openssl/compile package/libs/toolchain/compile
0023-packages-light-f7a511c8,package/feeds/packages/trojan/compile,light,24,1,package/feeds/packages/trojan/Makefile,package/feeds/packages/boost/compile package/libs/openssl/compile package/libs/toolchain/compile
0024-packages-go-b4be5684,package/feeds/packages/filebrowser/compile,go,8,1,package/feeds/packages/filebrowser/Makefile,package/devel/golang-host-compat/host/compile package/feeds/packages/node-pnpm/host/compile package/feeds/packages/node/host/compile package/libs/toolchain/compile
0025-packages-go-81f2c357,package/feeds/packages/golang/host/compile,go,8,1,package/feeds/packages/golang/Makefile,
0026-packages-go-91f18e14,package/feeds/packages/adguardhome/compile,go,8,1,package/feeds/packages/adguardhome/Makefile,package/feeds/packages/golang/host/compile package/libs/toolchain/compile package/system/ca-certificates/compile
0027-packages-go-499648ad,package/feeds/packages/cloudflared/compile,go,8,1,package/feeds/packages/cloudflared/Makefile,package/feeds/packages/golang/host/compile package/libs/toolchain/compile package/system/ca-certificates/compile
0028-packages-light-3f97a759,package/feeds/luci/luci-app-cloudflared/compile,light,24,upstream default (serial unless framework changes it),package/feeds/luci/luci-app-cloudflared/Makefile,package/feeds/luci/csstidy/host/compile package/feeds/luci/luci-base/host/compile package/feeds/packages/cloudflared/compile package/feeds/packages/luasrcdiet/host/compile package/libs/toolchain/compile package/utils/lua/host/compile
0029-packages-go-1efcd62e,package/feeds/packages/daed/compile,go,8,1,package/feeds/packages/daed/Makefile,package/feeds/packages/golang/host/compile package/feeds/packages/v2ray-geodata/compile package/kernel/bpf-headers/compile package/kernel/linux/compile package/libs/toolchain/compile package/system/ca-certificates/compile
0030-packages-light-9d003800,package/feeds/luci/luci-app-daed/compile,light,24,upstream default (serial unless framework changes it),package/feeds/luci/luci-app-daed/Makefile,package/feeds/luci/csstidy/host/compile package/feeds/luci/luci-base/host/compile package/feeds/packages/daed/compile package/feeds/packages/luasrcdiet/host/compile package/libs/toolchain/compile package/utils/lua/host/compile
0031-packages-go-e04c809f,package/feeds/packages/ddns-go/compile,go,8,1,package/feeds/packages/ddns-go/Makefile,package/feeds/packages/golang/host/compile package/libs/toolchain/compile package/system/ca-certificates/compile
0032-packages-light-69c99f7b,package/feeds/luci/luci-app-ddns-go/compile,light,24,upstream default (serial unless framework changes it),package/feeds/luci/luci-app-ddns-go/Makefile,package/feeds/luci/csstidy/host/compile package/feeds/luci/luci-base/host/compile package/feeds/packages/ddns-go/compile package/feeds/packages/luasrcdiet/host/compile package/libs/toolchain/compile package/utils/lua/host/compile
0033-packages-go-3ff46a31,package/feeds/packages/frp/compile,go,8,1,package/feeds/packages/frp/Makefile,package/feeds/packages/golang/host/compile package/libs/toolchain/compile
0034-packages-light-fd0571d1,package/feeds/luci/luci-app-frpc/compile,light,24,upstream default (serial unless framework changes it),package/feeds/luci/luci-app-frpc/Makefile,package/feeds/luci/csstidy/host/compile package/feeds/luci/luci-base/compile package/feeds/luci/luci-base/host/compile package/feeds/packages/frp/compile package/feeds/packages/luasrcdiet/host/compile package/libs/toolchain/compile package/utils/lua/host/compile
0035-packages-go-cbbbe328,package/feeds/packages/geoipupdate/compile,go,8,1,package/feeds/packages/geoipupdate/Makefile,package/feeds/packages/golang/host/compile package/libs/toolchain/compile
0036-packages-go-26cd4a2a,package/feeds/packages/geoview/compile,go,8,1,package/feeds/packages/geoview/Makefile,package/feeds/packages/golang/host/compile package/libs/toolchain/compile
0037-packages-go-35b331e7,package/feeds/packages/go-nats/compile,go,8,1,package/feeds/packages/go-nats/Makefile,package/feeds/packages/golang/host/compile package/libs/toolchain/compile
0038-packages-go-d38ee884,package/feeds/packages/hysteria/compile,go,8,1,package/feeds/packages/hysteria/Makefile,package/feeds/packages/golang/host/compile package/libs/toolchain/compile package/system/ca-certificates/compile
0039-packages-chromium-dd45289e,package/feeds/packages/naiveproxy/compile,chromium,5,1,package/feeds/packages/naiveproxy/Makefile,package/feeds/packages/gn/host/compile package/libs/toolchain/compile
0040-packages-go-4a124ecf,package/feeds/packages/nexttrace/compile,go,8,1,package/feeds/packages/nexttrace/Makefile,package/feeds/packages/golang/host/compile package/libs/toolchain/compile package/system/ca-certificates/compile
0041-packages-cpp-88d2ba36,package/feeds/packages/nmap/compile,cpp,8,1,package/feeds/packages/nmap/Makefile,package/feeds/packages/libssh2/compile package/feeds/packages/lua5.4/compile package/feeds/packages/python3/compile package/libs/libpcap/compile package/libs/openssl/compile package/libs/pcre2/compile package/libs/toolchain/compile package/libs/zlib/compile package/system/ca-certificates/compile
0042-packages-go-2add49c1,package/feeds/packages/nps/compile,go,8,1,package/feeds/packages/nps/Makefile,package/feeds/packages/golang/host/compile package/libs/toolchain/compile package/system/ca-certificates/compile
0043-packages-light-42160537,package/feeds/luci/luci-app-nps/compile,light,24,upstream default (serial unless framework changes it),package/feeds/luci/luci-app-nps/Makefile,package/feeds/luci/csstidy/host/compile package/feeds/luci/luci-base/host/compile package/feeds/luci/luci-lua-runtime/compile package/feeds/packages/luasrcdiet/host/compile package/feeds/packages/nps/compile package/feeds/packages/wget/compile package/libs/toolchain/compile package/utils/lua/host/compile
0044-packages-cpp-fd45f428,package/feeds/packages/protobuf/compile,cpp,8,upstream default (serial unless framework changes it),package/feeds/packages/protobuf/Makefile,package/libs/toolchain/compile package/libs/zlib/compile
0045-packages-cpp-083daea8,package/feeds/packages/protobuf/host/compile,cpp,8,upstream default (serial unless framework changes it),package/feeds/packages/protobuf/Makefile,
0046-packages-light-479f0593,package/feeds/packages/netdata/compile,light,24,1,package/feeds/packages/netdata/Makefile,package/feeds/packages/bash/compile package/feeds/packages/curl/compile package/feeds/packages/libuv/compile package/feeds/packages/protobuf/compile package/feeds/packages/protobuf/host/compile package/libs/libjson-c/compile package/libs/libmnl/compile package/libs/openssl/compile package/libs/toolchain/compile package/libs/zlib/compile package/utils/util-linux/compile
0047-packages-light-029713e8,package/feeds/luci/luci-app-netdata/compile,light,24,upstream default (serial unless framework changes it),package/feeds/luci/luci-app-netdata/Makefile,package/feeds/luci/csstidy/host/compile package/feeds/luci/luci-base/host/compile package/feeds/packages/luasrcdiet/host/compile package/feeds/packages/netdata/compile package/libs/toolchain/compile package/utils/lua/host/compile
0048-packages-go-73c139c7,package/feeds/packages/rclone/compile,go,8,1,package/feeds/packages/rclone/Makefile,package/feeds/packages/fuse3/compile package/feeds/packages/golang/host/compile package/libs/toolchain/compile package/system/ca-certificates/compile
0049-packages-rust-host-3589ae7e,package/feeds/packages/rust/host/compile,rust-host,2,upstream default (serial unless framework changes it),package/feeds/packages/rust/Makefile,
0050-packages-rust-9306c6e0,package/feeds/packages/rust-bindgen/host/compile,rust,4,1,package/feeds/packages/rust-bindgen/Makefile,package/feeds/packages/rust/host/compile
0051-packages-cpp-3d359588,package/feeds/packages/samba4/host/compile,cpp,8,upstream default (serial unless framework changes it),package/feeds/packages/samba4/Makefile,package/feeds/packages/perl-parse-yapp/host/compile package/feeds/packages/perl/host/compile package/feeds/packages/python3/host/compile package/feeds/packages/rpcsvc-proto/host/compile
0052-packages-cpp-4349ddc3,package/feeds/packages/samba4/compile,cpp,8,upstream default (serial unless framework changes it),package/feeds/packages/samba4/Makefile,package/feeds/packages/attr/compile package/feeds/packages/avahi/compile package/feeds/packages/gnutls/compile package/feeds/packages/libpam/compile package/feeds/packages/libtasn1/compile package/feeds/packages/libtasn1/host/compile package/feeds/packages/libtirpc/compile package/feeds/packages/liburing/compile package/feeds/packages/perl/host/compile package/feeds/packages/samba4/host/compile package/libs/libcap/compile package/libs/openssl/compile package/libs/popt/compile package/libs/readline/compile package/libs/toolchain/compile package/libs/zlib/compile package/utils/util-linux/compile
0053-packages-light-90c44c7a,package/feeds/luci/luci-app-samba4/compile,light,24,upstream default (serial unless framework changes it),package/feeds/luci/luci-app-samba4/Makefile,package/feeds/luci/csstidy/host/compile package/feeds/luci/luci-base/compile package/feeds/luci/luci-base/host/compile package/feeds/packages/luasrcdiet/host/compile package/feeds/packages/samba4/compile package/libs/toolchain/compile package/utils/lua/host/compile
0054-packages-light-28e11f4e,package/emortal/autosamba/compile,light,24,upstream default (serial unless framework changes it),package/emortal/autosamba/Makefile,package/feeds/luci/luci-app-samba4/compile package/feeds/packages/wsdd2/compile package/libs/toolchain/compile
0055-packages-rust-1d213b9e,package/feeds/packages/shadow-tls/compile,rust,4,1,package/feeds/packages/shadow-tls/Makefile,package/feeds/packages/rust/host/compile package/libs/toolchain/compile
0056-packages-rust-6c019752,package/feeds/packages/shadowsocks-rust/compile,rust,4,1,package/feeds/packages/shadowsocks-rust/Makefile,package/feeds/packages/rust/host/compile package/libs/toolchain/compile
0057-packages-go-061f9c30,package/feeds/packages/sing-box/compile,go,8,1,package/feeds/packages/sing-box/Makefile,package/feeds/packages/golang/host/compile package/kernel/linux/compile package/libs/toolchain/compile package/system/ca-certificates/compile
0058-packages-rust-3e4a73ee,package/feeds/packages/smartdns/compile,rust,4,1,package/feeds/packages/smartdns/Makefile,package/feeds/packages/node/host/compile package/feeds/packages/rust-bindgen/host/compile package/libs/openssl/compile package/libs/toolchain/compile
0059-packages-light-d859d8ab,package/feeds/luci/luci-app-smartdns/compile,light,24,upstream default (serial unless framework changes it),package/feeds/luci/luci-app-smartdns/Makefile,package/feeds/luci/csstidy/host/compile package/feeds/luci/luci-base/host/compile package/feeds/packages/luasrcdiet/host/compile package/feeds/packages/smartdns/compile package/libs/toolchain/compile package/utils/lua/host/compile
0060-packages-go-b2d93feb,package/feeds/packages/tailscale/compile,go,8,1,package/feeds/packages/tailscale/Makefile,package/feeds/packages/golang/host/compile package/kernel/linux/compile package/libs/toolchain/compile package/system/ca-certificates/compile
0061-packages-go-1f5c632e,package/feeds/packages/v2ray-plugin/compile,go,8,1,package/feeds/packages/v2ray-plugin/Makefile,package/feeds/packages/golang/host/compile package/libs/toolchain/compile package/system/ca-certificates/compile
0062-packages-go-54cd5347,package/feeds/packages/xray-core/compile,go,8,1,package/feeds/packages/xray-core/Makefile,package/feeds/packages/golang/host/compile package/libs/toolchain/compile package/system/ca-certificates/compile
0063-packages-go-37f247b9,package/feeds/packages/xray-plugin/compile,go,8,1,package/feeds/packages/xray-plugin/Makefile,package/feeds/packages/golang/host/compile package/libs/toolchain/compile package/system/ca-certificates/compile
0064-packages-light-dd75b114,package/feeds/luci/luci-app-passwall/compile,light,24,upstream default (serial unless framework changes it),package/feeds/luci/luci-app-passwall/Makefile,package/feeds/luci/csstidy/host/compile package/feeds/luci/luci-base/host/compile package/feeds/luci/luci-compat/compile package/feeds/luci/luci-lib-jsonc/compile package/feeds/luci/luci-lua-runtime/compile package/feeds/packages/chinadns-ng/compile package/feeds/packages/coreutils/compile package/feeds/packages/curl/compile package/feeds/packages/dns2socks/compile package/feeds/packages/geoview/compile package/feeds/packages/haproxy/compile package/feeds/packages/hysteria/compile package/feeds/packages/ipt2socks/compile package/feeds/packages/luasrcdiet/host/compile package/feeds/packages/microsocks/compile package/feeds/packages/naiveproxy/compile package/feeds/packages/shadow-tls/compile package/feeds/packages/shadowsocks-rust/compile package/feeds/packages/simple-obfs/compile package/feeds/packages/sing-box/compile package/feeds/packages/tcping/compile package/feeds/packages/unzip/compile package/feeds/packages/v2ray-geodata/compile package/feeds/packages/v2ray-plugin/compile package/feeds/packages/xray-core/compile package/feeds/packages/xray-plugin/compile package/kernel/linux/compile package/libs/toolchain/compile package/network/utils/iproute2/compile package/network/utils/resolveip/compile package/system/uci/compile package/utils/lua/compile package/utils/lua/host/compile
0065-packages-go-173fd46c,package/feeds/packages/yq/compile,go,8,1,package/feeds/packages/yq/Makefile,package/feeds/packages/golang/host/compile package/libs/toolchain/compile
0066-packages-go-edfaf79e,package/feeds/packages/ztdns/compile,go,8,1,package/feeds/packages/ztdns/Makefile,package/feeds/packages/golang/host/compile package/libs/toolchain/compile
0067-packages-go-e35ffe54,package/luci-app-nikki/mihomo-meta/compile,go,8,1,package/luci-app-nikki/mihomo-meta/Makefile,package/devel/golang-host-compat/host/compile package/kernel/linux/compile package/libs/toolchain/compile package/network/utils/iproute2/compile package/system/ca-certificates/compile
0068-packages-light-b7264ca2,package/luci-app-nikki/nikki/compile,light,24,upstream default (serial unless framework changes it),package/luci-app-nikki/nikki/Makefile,package/feeds/packages/curl/compile package/feeds/packages/yq/compile package/kernel/linux/compile package/libs/toolchain/compile package/luci-app-nikki/mihomo-meta/compile package/network/config/firewall4/compile package/network/utils/iproute2/compile package/system/ca-certificates/compile
0069-packages-light-45013d27,package/luci-app-nikki/luci-app-nikki/compile,light,24,upstream default (serial unless framework changes it),package/luci-app-nikki/luci-app-nikki/Makefile,package/feeds/luci/csstidy/host/compile package/feeds/luci/luci-base/compile package/feeds/luci/luci-base/host/compile package/feeds/packages/luasrcdiet/host/compile package/libs/toolchain/compile package/luci-app-nikki/nikki/compile package/utils/lua/host/compile
0070-packages-mtk-62d34d74,package/mtk/drivers/conninfra/compile,mtk,8,upstream default (serial unless framework changes it),package/mtk/drivers/conninfra/Makefile,
0071-packages-mtk-5f2b4f68,package/mtk/drivers/warp/compile,mtk,8,upstream default (serial unless framework changes it),package/mtk/drivers/warp/Makefile,package/kernel/linux/compile
0072-packages-mtk-97bc6365,package/mtk/drivers/wifi-profile/compile,mtk,8,upstream default (serial unless framework changes it),package/mtk/drivers/wifi-profile/Makefile,package/libs/toolchain/compile
0073-packages-light-4cfb4efc,package/mtk/applications/mtwifi-cfg/compile,light,24,upstream default (serial unless framework changes it),package/mtk/applications/mtwifi-cfg/Makefile,package/feeds/packages/lua-cjson/compile package/libs/toolchain/compile package/mtk/applications/datconf/compile package/mtk/drivers/wifi-profile/compile package/network/utils/iwinfo/compile
0074-packages-light-3d0f85f0,package/mtk/applications/luci-app-mtwifi-cfg/compile,light,24,upstream default (serial unless framework changes it),package/mtk/applications/luci-app-mtwifi-cfg/Makefile,package/feeds/luci/csstidy/host/compile package/feeds/luci/luci-base/host/compile package/feeds/packages/luasrcdiet/host/compile package/libs/toolchain/compile package/mtk/applications/mtwifi-cfg/compile package/utils/lua/host/compile
0075-packages-mtk-f0109be2,package/mtk/drivers/mt_wifi/compile,mtk,8,1,package/mtk/drivers/mt_wifi/Makefile,package/kernel/linux/compile package/mtk/drivers/conninfra/compile package/mtk/drivers/warp/compile package/mtk/drivers/wifi-profile/compile
0076-package-completion-4c92b624,package/compile,light,24,framework,,
0077-package-install-0e83ac37,package/install,images,1,framework,,
0078-images-b1223e8a,target/install,images,4,framework,,
0079-buildinfo-a0a1e235,buildinfo,images,1,framework,,
0080-index-36f08819,package/index,images,4,framework,,
0081-overview-c8a9dde0,json_overview_image_info,images,1,framework,,
0082-checksum-96fa8f22,checksum,images,1,framework,,
