package	x86_selection	r3_selection	triage	note	x86_version	r3_version	r3_makefile	depends	provides	conflicts	build_depends
6in4	y	n	generic-candidate	目标已有定义，可迁移功能选择；尚未完成目标架构编译验证	29	29	package/network/ipv6/6in4/Makefile	+libc @IPV6 +kmod-sit +uclient-fetch +resolveip			
6to4	y	n	generic-candidate	目标已有定义，可迁移功能选择；尚未完成目标架构编译验证	13	13	package/network/ipv6/6to4/Makefile	+libc @IPV6 +kmod-sit			
UAmask	y	n	runtime-review	可用源码候选；核对默认启动、端口、规则和卸载路径	0.4.3-r1	1	package/UA-Mask/openwrt/package/Makefile	+libc @(aarch64||arm||i386||i686||loongarch64||mips||mips64||mips64el||mipsel||riscv64||x86_64) +luci-compat +libubox		ua3f-tproxy ua3f-tproxy-ipt UAmask-ipt	golang/host
acme	y	n	generic-candidate	目标已有定义，可迁移功能选择；尚未完成目标架构编译验证	4.0.0	4.0.0	package/feeds/packages/acme/Makefile	+libc +acme-acmesh			
acme-acmesh	y	n	generic-candidate	目标已有定义，可迁移功能选择；尚未完成目标架构编译验证	3.1.1-r1	3.1.1-r1	package/feeds/packages/acme-acmesh/Makefile	+libc +acme-common +wget-ssl +ca-bundle +openssl-util +socat	acme-client		
acme-common	y	n	generic-candidate	目标已有定义，可迁移功能选择；尚未完成目标架构编译验证	1.4.3	1.4.3	package/feeds/packages/acme-common/Makefile	+libc 			
adb	y	n	generic-candidate	目标已有定义，可迁移功能选择；尚未完成目标架构编译验证	5.0.2~6fe92d1a3fb17545d82d020a3c995f32e6b71f9d-r3	5.0.2~6fe92d1a3fb17545d82d020a3c995f32e6b71f9d-r3	package/utils/adb/Makefile	+libc +zlib +libopenssl +libpthread			
adb-enablemodem	y	n	modem-review	保留 ModemManager 单一拨号管理；诊断工具可按需保留	2017.03.05-r1	2017.03.05-r1	package/network/utils/adb-enablemodem/Makefile	+libc +adb			
adguardhome	y	n	runtime-review	可用源码候选；核对默认启动、端口、规则和卸载路径	0.107.57-r1	0.107.57-r1	package/feeds/packages/adguardhome/Makefile	+libc @(aarch64||arm||i386||i686||loongarch64||mips||mips64||mips64el||mipsel||riscv64||x86_64) +ca-bundle			golang/host
aircrack-ng	y	n	wireless-review	依赖主线无线栈，不能作为 MTK 私有驱动管理组件直接套用	1.7-r1	1.7-r1	package/feeds/packages/aircrack-ng/Makefile	+libc +AIRCRACK_NG_HWLOC:libhwloc +libpcap +libpcre2 +libpthread +libstdcpp +AIRCRACK_NG_OPENSSL:libopenssl +AIRCRACK_NG_GCRYPT:libgcrypt +AIRCRACK_NG_SQLITE3:libsqlite3 +libnl-core +libnl-genl +zlib			
amd64-microcode	y	n	exclude-hardware	x86/外设驱动与固件不整体搬；板级包由 R3 Mini 选择	20241110-r2	20260221-r2	package/firmware/linux-firmware/Makefile	+libc 			
amdgpu-firmware	y	n	exclude-hardware	x86/外设驱动与固件不整体搬；板级包由 R3 Mini 选择	20241110-r2	20260221-r2	package/firmware/linux-firmware/Makefile	+libc 			
arp-scan	y	n	generic-candidate	目标已有定义，可迁移功能选择；尚未完成目标架构编译验证	1.10.0-r2	1.10.0-r2	package/feeds/packages/arp-scan/Makefile	+libc +libpcap			
arp-scan-database	y	n	generic-candidate	目标已有定义，可迁移功能选择；尚未完成目标架构编译验证	1.10.0-r2	1.10.0-r2	package/feeds/packages/arp-scan/Makefile	+libc 			
atftp	y	n	generic-candidate	目标已有定义，可迁移功能选择；尚未完成目标架构编译验证	0.8.0-r3	0.8.0-r3	package/feeds/packages/atftp/Makefile	+libc +libreadline +libncurses			
atftpd	y	n	runtime-review	可用源码候选；核对默认启动、端口、规则和卸载路径	0.8.0-r3	0.8.0-r3	package/feeds/packages/atftp/Makefile	+libc +libpcre2 +libpthread			
atop	y	n	generic-candidate	目标已有定义，可迁移功能选择；尚未完成目标架构编译验证	2.12.0-r1	2.12.0-r1	package/feeds/packages/atop/Makefile	+libc +zlib +libncurses +glib2			
attendedsysupgrade-common	y	n	generic-candidate	目标已有定义，可迁移功能选择；尚未完成目标架构编译验证	9	9	package/feeds/packages/attendedsysupgrade-common/Makefile	+libc +rpcd +rpcd-mod-rpcsys			
attr	y	n	generic-candidate	目标已有定义，可迁移功能选择；尚未完成目标架构编译验证	2.5.2-r3	2.5.2-r3	package/feeds/packages/attr/Makefile	+libc +libattr			
autocore	y	n	replace	使用目标仓库 autocore-arm；不能覆盖板级初始化	42						
automount	y	y	keep-target	保留目标版本和硬件相关选择；已有包仍需检查服务配置	10	10	package/emortal/automount/Makefile	+libc +block-mount +e2fsprogs +USB_SUPPORT:kmod-usb-storage +USB_SUPPORT:kmod-usb-storage-extras +(!TARGET_ramips&&USB_SUPPORT):kmod-usb-storage-uas +kmod-fs-ext4 +kmod-fs-exfat +kmod-fs-vfat +ntfs3-mount			
autosamba	y	n	runtime-review	可用源码候选；核对默认启动、端口、规则和卸载路径	1-r12	1-r12	package/emortal/autosamba/Makefile	+libc +luci-app-samba4 +wsdd2			
avahi-dbus-daemon	y	n	runtime-review	可用源码候选；核对默认启动、端口、规则和卸载路径	0.9_rc4-r1	0.9_rc5-r1	package/feeds/packages/avahi/Makefile	+libc +libavahi-dbus-support +libexpat +librt +libdaemon	avahi-daemon		
badblocks	y	n	generic-candidate	目标已有定义，可迁移功能选择；尚未完成目标架构编译验证	1.47.0-r2	1.47.0-r2	package/utils/e2fsprogs/Makefile	+libc +e2fsprogs			util-linux
banip	y	n	runtime-review	可用源码候选；核对默认启动、端口、规则和卸载路径	1.5.6-r7	1.5.6-r7	package/feeds/packages/banip/Makefile	+libc +jshn +jsonfilter +firewall4 +ca-bundle +rpcd +rpcd-mod-rpcsys			
base-files	y	y	keep-target	保留目标版本和硬件相关选择；已有包仍需检查服务配置	0~bb287fd576	1860~ec9ef10efc	package/base-files/Makefile	+libc +netifd +jsonfilter +SIGNED_PACKAGES:usign +SIGNED_PACKAGES:openwrt-keyring +NAND_SUPPORT:ubi-utils +fstools +fwtool +SELINUX:procd-selinux +!SELINUX:procd +USE_SECCOMP:procd-seccomp +SELINUX:busybox-selinux +!SELINUX:busybox			usign/host ucert/host
bash	y	n	generic-candidate	目标已有定义，可迁移功能选择；尚未完成目标架构编译验证	5.2.37-r1	5.2.37-r1	package/feeds/packages/bash/Makefile	+libc +libncurses +libreadline			
bc	y	n	generic-candidate	目标已有定义，可迁移功能选择；尚未完成目标架构编译验证	1.07.1-r1	1.07.1-r1	package/feeds/packages/bc/Makefile	+libc +libreadline +libncurses			
blkid	y	y	keep-target	保留目标版本和硬件相关选择；已有包仍需检查服务配置	2.40.2-r1	2.40.2-r1	package/utils/util-linux/Makefile	+libc +libblkid +libuuid			
block-mount	y	y	keep-target	保留目标版本和硬件相关选择；已有包仍需检查服务配置	2024.07.14~408c2cc48e6694446c89da7f8121b399063e1067-r1	2024.07.14~408c2cc48e6694446c89da7f8121b399063e1067-r1	package/system/fstools/Makefile	+libc +ubox +libubox +libuci +libblobmsg-json +libjson-c +fstools			util-linux
blockd	y	n	generic-candidate	目标已有定义，可迁移功能选择；尚未完成目标架构编译验证	2024.07.14~408c2cc48e6694446c89da7f8121b399063e1067-r1	2024.07.14~408c2cc48e6694446c89da7f8121b399063e1067-r1	package/system/fstools/Makefile	+libc +block-mount +libubus +kmod-fs-autofs4 +libblobmsg-json +libjson-c			util-linux
bnx2-firmware	y	n	exclude-hardware	x86/外设驱动与固件不整体搬；板级包由 R3 Mini 选择	20241110-r2	20260221-r2	package/firmware/linux-firmware/Makefile	+libc 			
bnx2x-firmware	y	n	exclude-hardware	x86/外设驱动与固件不整体搬；板级包由 R3 Mini 选择	20241110-r2	20260221-r2	package/firmware/linux-firmware/Makefile	+libc 			
boost	y	n	dependency	用目标构建系统重算依赖；Python/Perl 功能模块可按需补全	1.86.0-r1	1.86.0-r1	package/feeds/packages/boost/Makefile	+libc +libstdcpp +libpthread +librt			boost/host
boost-date_time	y	n	dependency	用目标构建系统重算依赖；Python/Perl 功能模块可按需补全	1.86.0-r1	1.86.0-r1	package/feeds/packages/boost/Makefile	+libc +libstdcpp +libpthread +librt			boost/host
boost-program_options	y	n	dependency	用目标构建系统重算依赖；Python/Perl 功能模块可按需补全	1.86.0-r1	1.86.0-r1	package/feeds/packages/boost/Makefile	+libc +libstdcpp +libpthread +librt			boost/host
boost-system	y	n	dependency	用目标构建系统重算依赖；Python/Perl 功能模块可按需补全	1.86.0-r1	1.86.0-r1	package/feeds/packages/boost/Makefile	+libc +libstdcpp +libpthread +librt			boost/host
bridge	y	n	generic-candidate	目标已有定义，可迁移功能选择；尚未完成目标架构编译验证	1.7.1-r1	1.7.1-r1	package/feeds/packages/bridge-utils/Makefile	+libc 			
bridger	y	n	missing-special	当前目标无此包；不是同名通用包迁移，见报告	2024.04.22~40b1c5b6be4e73a6749cf2997c664520eb20055d						
broadcom-43224-sprom	y	n	exclude-hardware	x86/外设驱动与固件不整体搬；板级包由 R3 Mini 选择	2023.04.27~d36f7fcb37711106a3a2652b576436cb09aa5b6f-r1	2023.04.27~d36f7fcb37711106a3a2652b576436cb09aa5b6f-r1	package/firmware/broadcom-sprom/Makefile	+libc 			
btop	y	n	generic-candidate	目标已有定义，可迁移功能选择；尚未完成目标架构编译验证	1.4.5-r2	1.4.5-r2	package/feeds/packages/btop/Makefile	+libc +libstdcpp			
btrfs-progs	y	n	generic-candidate	目标已有定义，可迁移功能选择；尚未完成目标架构编译验证	6.11-r1	6.11-r1	package/feeds/packages/btrfs-progs/Makefile	+libc +libattr +libuuid +libmount +zlib +libblkid +liblzo +libpthread +kmod-fs-btrfs +BTRFS_PROGS_ZSTD:libzstd			acl
busybox	y	y	keep-target	保留目标版本和硬件相关选择；已有包仍需检查服务配置	1.36.1-r2	1.36.1-r2	package/utils/busybox/Makefile	+libc +BUSYBOX_CONFIG_PAM:libpam +BUSYBOX_CONFIG_NTPD:jsonfilter +(USE_GLIBC&&BUSYBOX_CONFIG_FEATURE_MOUNT_NFS)||(USE_GLIBC&&BUSYBOX_CONFIG_FEATURE_INETD_RPC):libtirpc		busybox-selinux	BUSYBOX_CONFIG_PAM:libpam
ca-bundle	y	y	keep-target	保留目标版本和硬件相关选择；已有包仍需检查服务配置	20250419-r1	20260223-r1	package/system/ca-certificates/Makefile	+libc 	ca-certs		
ca-certificates	y	n	generic-candidate	目标已有定义，可迁移功能选择；尚未完成目标架构编译验证	20250419-r1	20260223-r1	package/system/ca-certificates/Makefile	+libc 	ca-certs		
cfdisk	y	n	generic-candidate	目标已有定义，可迁移功能选择；尚未完成目标架构编译验证	2.40.2-r1	2.40.2-r1	package/utils/util-linux/Makefile	+libc +libblkid +libncurses +libsmartcols +libfdisk +libmount			
cgdisk	y	n	generic-candidate	目标已有定义，可迁移功能选择；尚未完成目标架构编译验证	1.0.10-r1	1.0.10-r1	package/feeds/packages/gptfdisk/Makefile	+libc +libstdcpp +libuuid +libncursesw			
cgi-io	y	y	keep-target	保留目标版本和硬件相关选择；已有包仍需检查服务配置	2022.08.10~901b0f0463c9d16a8cf5b9ed37118d8484bc9176-r21	2026.07.21~31cb3c89f02d918d7f17bf62a80c852fc38a1ca1-r1	package/feeds/packages/cgi-io/Makefile	+libc +libubox +libubus			
chat	y	n	generic-candidate	目标已有定义，可迁移功能选择；尚未完成目标架构编译验证	2.5.1-r1	2.5.1-r1	package/network/services/ppp/Makefile	+libc 			libpcap
chinadns-ng	y	n	runtime-review	可用源码候选；核对默认启动、端口、规则和卸载路径	2025.08.09-r1	2025.08.09-r1	package/feeds/packages/chinadns-ng/Makefile	+libc @(aarch64||arm||i386||mips||mipsel||riscv64||x86_64)			
cifsmount	y	n	generic-candidate	目标已有定义，可迁移功能选择；尚未完成目标架构编译验证	6.11-r2	6.11-r2	package/feeds/packages/cifs-utils/Makefile	+libc +kmod-fs-cifs			
cloudflared	y	n	generic-candidate	目标已有定义，可迁移功能选择；尚未完成目标架构编译验证	2025.5.0-r1	2025.5.0-r1	package/feeds/packages/cloudflared/Makefile	+libc @(aarch64||arm||i386||i686||loongarch64||mips||mips64||mips64el||mipsel||riscv64||x86_64) +ca-bundle			golang/host
collectd	y	n	runtime-review	可用源码候选；核对默认启动、端口、规则和卸载路径	5.12.0-r54	5.12.0-r56	package/feeds/packages/collectd/Makefile	+libc +libpthread +zlib +libltdl +jshn			PACKAGE_collectd-mod-write-prometheus:protobuf-c/host
collectd-mod-cpu	y	n	generic-candidate	目标已有定义，可迁移功能选择；尚未完成目标架构编译验证	5.12.0-r54	5.12.0-r56	package/feeds/packages/collectd/Makefile	+libc collectd			PACKAGE_collectd-mod-write-prometheus:protobuf-c/host
collectd-mod-interface	y	n	generic-candidate	目标已有定义，可迁移功能选择；尚未完成目标架构编译验证	5.12.0-r54	5.12.0-r56	package/feeds/packages/collectd/Makefile	+libc collectd			PACKAGE_collectd-mod-write-prometheus:protobuf-c/host
collectd-mod-iwinfo	y	n	generic-candidate	目标已有定义，可迁移功能选择；尚未完成目标架构编译验证	5.12.0-r54	5.12.0-r56	package/feeds/packages/collectd/Makefile	+libc collectd +PACKAGE_collectd-mod-iwinfo:libiwinfo			PACKAGE_collectd-mod-write-prometheus:protobuf-c/host
collectd-mod-load	y	n	generic-candidate	目标已有定义，可迁移功能选择；尚未完成目标架构编译验证	5.12.0-r54	5.12.0-r56	package/feeds/packages/collectd/Makefile	+libc collectd			PACKAGE_collectd-mod-write-prometheus:protobuf-c/host
collectd-mod-memory	y	n	generic-candidate	目标已有定义，可迁移功能选择；尚未完成目标架构编译验证	5.12.0-r54	5.12.0-r56	package/feeds/packages/collectd/Makefile	+libc collectd			PACKAGE_collectd-mod-write-prometheus:protobuf-c/host
collectd-mod-network	y	n	generic-candidate	目标已有定义，可迁移功能选择；尚未完成目标架构编译验证	5.12.0-r54	5.12.0-r56	package/feeds/packages/collectd/Makefile	+libc collectd +PACKAGE_COLLECTD_ENCRYPTED_NETWORK:libgcrypt			PACKAGE_collectd-mod-write-prometheus:protobuf-c/host
collectd-mod-rrdtool	y	n	generic-candidate	目标已有定义，可迁移功能选择；尚未完成目标架构编译验证	5.12.0-r54	5.12.0-r56	package/feeds/packages/collectd/Makefile	+libc collectd +PACKAGE_collectd-mod-rrdtool:librrd1			PACKAGE_collectd-mod-write-prometheus:protobuf-c/host
comgt	y	n	modem-review	保留 ModemManager 单一拨号管理；诊断工具可按需保留	0.32-r36	0.32-r36	package/network/utils/comgt/Makefile	+libc +chat			
comgt-directip	y	n	modem-review	保留 ModemManager 单一拨号管理；诊断工具可按需保留	0.32-r36	0.32-r36	package/network/utils/comgt/Makefile	+libc +comgt +kmod-usb-serial +kmod-usb-serial-sierrawireless +kmod-usb-net +kmod-usb-net-sierrawireless			
comgt-ncm	y	n	modem-review	保留 ModemManager 单一拨号管理；诊断工具可按需保留	0.32-r36	0.32-r36	package/network/utils/comgt/Makefile	+libc +comgt +wwan +kmod-usb-serial-option +kmod-usb-net-huawei-cdc-ncm			
conntrack	y	n	generic-candidate	目标已有定义，可迁移功能选择；尚未完成目标架构编译验证	1.4.8-r1	1.4.8-r1	package/feeds/packages/conntrack-tools/Makefile	+libc +libnetfilter-conntrack +libnetfilter-cttimeout +libnetfilter-cthelper +libnetfilter-queue			libtirpc
conntrackd	y	n	runtime-review	可用源码候选；核对默认启动、端口、规则和卸载路径	1.4.8-r1	1.4.8-r1	package/feeds/packages/conntrack-tools/Makefile	+libc +libnetfilter-conntrack +libnetfilter-cttimeout +libnetfilter-cthelper +libnetfilter-queue			libtirpc
coremark	y	n	generic-candidate	目标已有定义，可迁移功能选择；尚未完成目标架构编译验证	2023.01.25~d5fad6bd094899101a4e5fd53af7298160ced6ab-r1	2023.01.25~d5fad6bd094899101a4e5fd53af7298160ced6ab-r1	package/feeds/packages/coremark/Makefile	+libc 			
coreutils	y	n	generic-candidate	目标已有定义，可迁移功能选择；尚未完成目标架构编译验证	9.7-r1	9.7-r1	package/feeds/packages/coreutils/Makefile	+libc 			
coreutils-base64	y	n	generic-candidate	目标已有定义，可迁移功能选择；尚未完成目标架构编译验证	9.7-r1	9.7-r1	package/feeds/packages/coreutils/Makefile	+libc +coreutils			
coreutils-cat	y	n	generic-candidate	目标已有定义，可迁移功能选择；尚未完成目标架构编译验证	9.7-r1	9.7-r1	package/feeds/packages/coreutils/Makefile	+libc +coreutils			
coreutils-cp	y	n	generic-candidate	目标已有定义，可迁移功能选择；尚未完成目标架构编译验证	9.7-r1	9.7-r1	package/feeds/packages/coreutils/Makefile	+libc +coreutils +libacl			
coreutils-date	y	n	generic-candidate	目标已有定义，可迁移功能选择；尚未完成目标架构编译验证	9.7-r1	9.7-r1	package/feeds/packages/coreutils/Makefile	+libc +coreutils			
coreutils-dd	y	n	generic-candidate	目标已有定义，可迁移功能选择；尚未完成目标架构编译验证	9.7-r1	9.7-r1	package/feeds/packages/coreutils/Makefile	+libc +coreutils			
coreutils-echo	y	n	generic-candidate	目标已有定义，可迁移功能选择；尚未完成目标架构编译验证	9.7-r1	9.7-r1	package/feeds/packages/coreutils/Makefile	+libc +coreutils			
coreutils-kill	y	n	generic-candidate	目标已有定义，可迁移功能选择；尚未完成目标架构编译验证	9.7-r1	9.7-r1	package/feeds/packages/coreutils/Makefile	+libc +coreutils			
coreutils-ln	y	n	generic-candidate	目标已有定义，可迁移功能选择；尚未完成目标架构编译验证	9.7-r1	9.7-r1	package/feeds/packages/coreutils/Makefile	+libc +coreutils			
coreutils-ls	y	n	generic-candidate	目标已有定义，可迁移功能选择；尚未完成目标架构编译验证	9.7-r1	9.7-r1	package/feeds/packages/coreutils/Makefile	+libc +coreutils +libacl +libcap			
coreutils-mkdir	y	n	generic-candidate	目标已有定义，可迁移功能选择；尚未完成目标架构编译验证	9.7-r1	9.7-r1	package/feeds/packages/coreutils/Makefile	+libc +coreutils			
coreutils-mv	y	n	generic-candidate	目标已有定义，可迁移功能选择；尚未完成目标架构编译验证	9.7-r1	9.7-r1	package/feeds/packages/coreutils/Makefile	+libc +coreutils +libacl			
coreutils-nohup	y	n	generic-candidate	目标已有定义，可迁移功能选择；尚未完成目标架构编译验证	9.7-r1	9.7-r1	package/feeds/packages/coreutils/Makefile	+libc +coreutils			
coreutils-pwd	y	n	generic-candidate	目标已有定义，可迁移功能选择；尚未完成目标架构编译验证	9.7-r1	9.7-r1	package/feeds/packages/coreutils/Makefile	+libc +coreutils			
coreutils-rm	y	n	generic-candidate	目标已有定义，可迁移功能选择；尚未完成目标架构编译验证	9.7-r1	9.7-r1	package/feeds/packages/coreutils/Makefile	+libc +coreutils			
coreutils-sleep	y	n	generic-candidate	目标已有定义，可迁移功能选择；尚未完成目标架构编译验证	9.7-r1	9.7-r1	package/feeds/packages/coreutils/Makefile	+libc +coreutils			
coreutils-stat	y	n	generic-candidate	目标已有定义，可迁移功能选择；尚未完成目标架构编译验证	9.7-r1	9.7-r1	package/feeds/packages/coreutils/Makefile	+libc +coreutils			
coreutils-tail	y	n	generic-candidate	目标已有定义，可迁移功能选择；尚未完成目标架构编译验证	9.7-r1	9.7-r1	package/feeds/packages/coreutils/Makefile	+libc +coreutils			
coreutils-timeout	y	n	generic-candidate	目标已有定义，可迁移功能选择；尚未完成目标架构编译验证	9.7-r1	9.7-r1	package/feeds/packages/coreutils/Makefile	+libc +coreutils +librt			
coreutils-touch	y	n	generic-candidate	目标已有定义，可迁移功能选择；尚未完成目标架构编译验证	9.7-r1	9.7-r1	package/feeds/packages/coreutils/Makefile	+libc +coreutils			
coreutils-uname	y	n	generic-candidate	目标已有定义，可迁移功能选择；尚未完成目标架构编译验证	9.7-r1	9.7-r1	package/feeds/packages/coreutils/Makefile	+libc +coreutils			
cpulimit	y	n	generic-candidate	目标已有定义，可迁移功能选择；尚未完成目标架构编译验证	0.3.2-r1	0.3.2-r1	package/feeds/packages/cpulimit/Makefile	+libc 			
cpusage	y	n	generic-candidate	目标已有定义，可迁移功能选择；尚未完成目标架构编译验证	1	1	package/feeds/packages/cpusage/Makefile	+libc 			
cups	y	n	runtime-review	可用源码候选；核对默认启动、端口、规则和卸载路径	2.3.3-r1	2.3.3-r1	package/feeds/packages/cups/Makefile	+libc +libcups +libusb-1.0 +libstdcpp			
cups-bjnp	y	n	generic-candidate	目标已有定义，可迁移功能选择；尚未完成目标架构编译验证	2.0.3-r2	2.0.3-r2	package/feeds/packages/cups-bjnp/Makefile	+libc cups			
cups-bsd	y	n	generic-candidate	目标已有定义，可迁移功能选择；尚未完成目标架构编译验证	2.3.3-r1	2.3.3-r1	package/feeds/packages/cups/Makefile	+libc +libcups			
cups-client	y	n	generic-candidate	目标已有定义，可迁移功能选择；尚未完成目标架构编译验证	2.3.3-r1	2.3.3-r1	package/feeds/packages/cups/Makefile	+libc +libcups +libcupsimage			
cups-filters	y	n	heavy-build	存在 aarch64 候选；关注工具链、下载和编译成本	2.3.3-r1	2.3.3-r1	package/feeds/packages/cups/Makefile	+libc +libcups +libcupsimage			
cups-ppdc	y	n	generic-candidate	目标已有定义，可迁移功能选择；尚未完成目标架构编译验证	2.3.3-r1	2.3.3-r1	package/feeds/packages/cups/Makefile	+libc +libcups +libstdcpp			
curl	y	y	keep-target	保留目标版本和硬件相关选择；已有包仍需检查服务配置	8.12.1-r1	8.19.0-r2	package/feeds/packages/curl/Makefile	+libc +libcurl			
dbus	y	y	keep-target	保留目标版本和硬件相关选择；已有包仍需检查服务配置	1.14.10-r2	1.14.10-r2	package/feeds/packages/dbus/Makefile	+libc +libexpat +libdbus			
ddns-go	y	n	generic-candidate	目标已有定义，可迁移功能选择；尚未完成目标架构编译验证	6.11.2-r1	6.11.2-r1	package/feeds/packages/ddns-go/Makefile	+libc @(aarch64||arm||i386||i686||loongarch64||mips||mips64||mips64el||mipsel||riscv64||x86_64) +ca-bundle			golang/host
default-settings	y	y	keep-target	保留目标版本和硬件相关选择；已有包仍需检查服务配置	29	29	package/emortal/default-settings/Makefile	+libc +luci			
default-settings-chn	y	y	keep-target	保留目标版本和硬件相关选择；已有包仍需检查服务配置	29	29	package/emortal/default-settings/Makefile	+libc +default-settings +@LUCI_LANG_zh_Hans +luci-i18n-base-zh-cn			
dejavu-fonts-ttf-DejaVuSans-Bold	y	n	generic-candidate	目标已有定义，可迁移功能选择；尚未完成目标架构编译验证	2.37-r1	2.37-r1	package/feeds/packages/dejavu-fonts-ttf/Makefile	+libc 			
dhcp-forwarder	y	n	runtime-review	可用源码候选；核对默认启动、端口、规则和卸载路径	0.11-r1	0.11-r1	package/feeds/packages/dhcp-forwarder/Makefile	+libc 			
dhcpcd	y	n	runtime-review	可用源码候选；核对默认启动、端口、规则和卸载路径	10.0.10-r1	10.0.10-r1	package/feeds/packages/dhcpcd/Makefile	+libc 			
dmesg	y	n	generic-candidate	目标已有定义，可迁移功能选择；尚未完成目标架构编译验证	2.40.2-r1	2.40.2-r1	package/utils/util-linux/Makefile	+libc +libncursesw			
dns-over-https	y	n	runtime-review	可用源码候选；核对默认启动、端口、规则和卸载路径	2.3.0-r2	2.3.0-r2	package/feeds/packages/dns-over-https/Makefile	+libc @(aarch64||arm||i386||i686||loongarch64||mips||mips64||mips64el||mipsel||riscv64||x86_64)			golang/host
dns2socks	y	n	runtime-review	可用源码候选；核对默认启动、端口、规则和卸载路径	2.1-r2	2.1-r2	package/feeds/packages/dns2socks/Makefile	+libc +libpthread			
dns2tcp	y	n	runtime-review	可用源码候选；核对默认启动、端口、规则和卸载路径	1.1.2-r1	1.1.2-r1	package/feeds/packages/dns2tcp/Makefile	+libc 			
dnsforwarder	y	n	runtime-review	可用源码候选；核对默认启动、端口、规则和卸载路径	6.6.0-r1	6.6.0-r1	package/feeds/packages/dnsforwarder/Makefile	+libc +coreutils +coreutils-base64 +dnsmasq-full +libpthread +wget-ssl			
dnsmasq-full	y	y	keep-target	保留目标版本和硬件相关选择；已有包仍需检查服务配置	2.90-r5	2.90-r5	package/network/services/dnsmasq/Makefile	+libc +libubus +PACKAGE_dnsmasq_full_dnssec:libnettle +PACKAGE_dnsmasq_full_ipset:kmod-ipt-ipset +PACKAGE_dnsmasq_full_conntrack:libnetfilter-conntrack +PACKAGE_dnsmasq_full_nftset:nftables-json	dnsmasq		
dos2unix	y	n	generic-candidate	目标已有定义，可迁移功能选择；尚未完成目标架构编译验证	7.5.5-r1	7.5.5-r1	package/feeds/packages/dos2unix/Makefile	+libc 	mac2unix		
dosfstools	y	n	generic-candidate	目标已有定义，可迁移功能选择；尚未完成目标架构编译验证	4.2-r4	4.2-r4	package/feeds/packages/dosfstools/Makefile	+libc +BUILD_NLS:libiconv-full			
dropbear	y	y	keep-target	保留目标版本和硬件相关选择；已有包仍需检查服务配置	2024.86-r1	2024.86-r2	package/network/services/dropbear/Makefile	+libc +DROPBEAR_ZLIB:zlib			
e100-firmware	y	n	exclude-hardware	x86/外设驱动与固件不整体搬；板级包由 R3 Mini 选择	20241110-r2	20260221-r2	package/firmware/linux-firmware/Makefile	+libc 			
e2fsprogs	y	y	keep-target	保留目标版本和硬件相关选择；已有包仍需检查服务配置	1.47.0-r2	1.47.0-r2	package/utils/e2fsprogs/Makefile	+libc +libuuid +libext2fs +libe2p			util-linux
eapol-test	y	n	wireless-review	依赖主线无线栈，不能作为 MTK 私有驱动管理组件直接套用	2024.09.15~5ace39b0a4cdbe18ddbc4e18f80ee3876233c20b-r2	2024.09.15~5ace39b0a4cdbe18ddbc4e18f80ee3876233c20b-r2	package/network/services/hostapd/Makefile	+libc +libnl-tiny +ucode +libucode +ucode-mod-fs +ucode-mod-nl80211 +ucode-mod-rtnl +ucode-mod-ubus +ucode-mod-uloop +libubus +libblobmsg-json +libudebug			
eapol-test-mbedtls	m	n	wireless-review	依赖主线无线栈，不能作为 MTK 私有驱动管理组件直接套用	2024.09.15~5ace39b0a4cdbe18ddbc4e18f80ee3876233c20b-r2	2024.09.15~5ace39b0a4cdbe18ddbc4e18f80ee3876233c20b-r2	package/network/services/hostapd/Makefile	+libc +libnl-tiny +ucode +libucode +ucode-mod-fs +ucode-mod-nl80211 +ucode-mod-rtnl +ucode-mod-ubus +ucode-mod-uloop +libubus +libblobmsg-json +libudebug +PACKAGE_eapol-test-mbedtls:libmbedtls	eapol-test	eapol-test eapol-test-wolfssl	
eapol-test-openssl	m	n	wireless-review	依赖主线无线栈，不能作为 MTK 私有驱动管理组件直接套用	2024.09.15~5ace39b0a4cdbe18ddbc4e18f80ee3876233c20b-r2	2024.09.15~5ace39b0a4cdbe18ddbc4e18f80ee3876233c20b-r2	package/network/services/hostapd/Makefile	+libc +libnl-tiny +ucode +libucode +ucode-mod-fs +ucode-mod-nl80211 +ucode-mod-rtnl +ucode-mod-ubus +ucode-mod-uloop +libubus +libblobmsg-json +libudebug +PACKAGE_eapol-test-openssl:libopenssl +PACKAGE_eapol-test-openssl:libopenssl-legacy	eapol-test	eapol-test eapol-test-wolfssl	
eapol-test-wolfssl	m	n	wireless-review	依赖主线无线栈，不能作为 MTK 私有驱动管理组件直接套用	2024.09.15~5ace39b0a4cdbe18ddbc4e18f80ee3876233c20b-r2	2024.09.15~5ace39b0a4cdbe18ddbc4e18f80ee3876233c20b-r2	package/network/services/hostapd/Makefile	+libc +libnl-tiny +ucode +libucode +ucode-mod-fs +ucode-mod-nl80211 +ucode-mod-rtnl +ucode-mod-ubus +ucode-mod-uloop +libubus +libblobmsg-json +libudebug +PACKAGE_eapol-test-wolfssl:libwolfssl	eapol-test	eapol-test	
eject	y	n	generic-candidate	目标已有定义，可迁移功能选择；尚未完成目标架构编译验证	2.40.2-r1	2.40.2-r1	package/utils/util-linux/Makefile	+libc +libblkid +libmount +libuuid			
etherwake	y	n	generic-candidate	目标已有定义，可迁移功能选择；尚未完成目标架构编译验证	1.09-r5	1.09-r5	package/feeds/packages/etherwake/Makefile	+libc 			
etherwake-nfqueue	y	n	generic-candidate	目标已有定义，可迁移功能选择；尚未完成目标架构编译验证	2019.09.28~f71c269b58585e93575fa3e9fcc1793806fb3080-r3	2019.09.28~f71c269b58585e93575fa3e9fcc1793806fb3080-r3	package/feeds/packages/etherwake-nfqueue/Makefile	+libc +libnetfilter-queue +nftables +kmod-nft-queue			
ethtool	m	y	keep-target	保留目标版本和硬件相关选择；已有包仍需检查服务配置	6.11-r1	6.11-r1	package/network/utils/ethtool/Makefile	+libc 		ethtool-full	
ethtool-full	y	n	runtime-review	可用源码候选；核对默认启动、端口、规则和卸载路径	6.11-r1	6.11-r1	package/network/utils/ethtool/Makefile	+libc +libmnl	ethtool		
exfat-fsck	y	n	generic-candidate	目标已有定义，可迁移功能选择；尚未完成目标架构编译验证	1.2.5-r1	1.2.5-r1	package/feeds/packages/exfatprogs/Makefile	+libc 			
exfat-mkfs	y	n	generic-candidate	目标已有定义，可迁移功能选择；尚未完成目标架构编译验证	1.2.5-r1	1.2.5-r1	package/feeds/packages/exfatprogs/Makefile	+libc 			
fdisk	y	y	keep-target	保留目标版本和硬件相关选择；已有包仍需检查服务配置	2.40.2-r1	2.40.2-r1	package/utils/util-linux/Makefile	+libc +libblkid +libsmartcols +libfdisk +libncursesw			
filebrowser	y	n	generic-candidate	目标已有定义，可迁移功能选择；尚未完成目标架构编译验证	2.43.0-r1	2.43.0-r1	package/feeds/packages/filebrowser/Makefile	+libc @(aarch64||arm||i386||i686||loongarch64||mips||mips64||mips64el||mipsel||riscv64||x86_64)			golang/host node/host node-pnpm/host
firewall4	y	y	keep-target	保留目标版本和硬件相关选择；已有包仍需检查服务配置	2024.12.18~18fc0ead19faf06b8ce7ec5be84957278e942dfa-r1	2024.12.18~18fc0ead19faf06b8ce7ec5be84957278e942dfa-r1	package/network/config/firewall4/Makefile	+libc +kmod-nft-core +kmod-nft-fib +kmod-nft-nat +nftables-json +ucode +ucode-mod-fs +ucode-mod-ubus +ucode-mod-uci	uci-firewall		
fontconfig	y	n	generic-candidate	目标已有定义，可迁移功能选择；尚未完成目标架构编译验证	2.15.0-r1	2.15.0-r1	package/feeds/packages/fontconfig/Makefile	+libc +libpthread +libexpat +libfreetype			gperf/host
frpc	y	n	generic-candidate	目标已有定义，可迁移功能选择；尚未完成目标架构编译验证	0.51.3-r1	0.51.3-r1	package/feeds/packages/frp/Makefile	+libc @(aarch64||arm||i386||i686||loongarch64||mips||mips64||mips64el||mipsel||riscv64||x86_64)			golang/host
fstools	y	y	keep-target	保留目标版本和硬件相关选择；已有包仍需检查服务配置	2024.07.14~408c2cc48e6694446c89da7f8121b399063e1067-r1	2024.07.14~408c2cc48e6694446c89da7f8121b399063e1067-r1	package/system/fstools/Makefile	+libc +ubox +NAND_SUPPORT:ubi-utils			util-linux
fuse3-utils	y	n	generic-candidate	目标已有定义，可迁移功能选择；尚未完成目标架构编译验证	3.16.2-r1	3.16.2-r1	package/feeds/packages/fuse3/Makefile	+libc +libfuse3			
fwtool	y	y	keep-target	保留目标版本和硬件相关选择；已有包仍需检查服务配置	2019.11.12~8f7fe925ca205c8e8e2d0d1b16218c1e148d5173-r1	2019.11.12~8f7fe925ca205c8e8e2d0d1b16218c1e148d5173-r1	package/system/fwtool/Makefile	+libc 			fwtool/host
geoip-shell	y	n	runtime-review	可用源码候选；核对默认启动、端口、规则和卸载路径	0.5.2-r1	0.5.2-r1	package/feeds/packages/geoip-shell/Makefile	+libc +ca-bundle +kmod-nft-core +nftables +firewall4	geoip-shell		
geoipupdate	y	n	generic-candidate	目标已有定义，可迁移功能选择；尚未完成目标架构编译验证	7.1.1-r1	7.1.1-r1	package/feeds/packages/geoipupdate/Makefile	+libc @(aarch64||arm||i386||i686||loongarch64||mips||mips64||mips64el||mipsel||riscv64||x86_64)			golang/host
geoview	y	n	generic-candidate	目标已有定义，可迁移功能选择；尚未完成目标架构编译验证	0.1.10-r1	0.1.10-r1	package/feeds/packages/geoview/Makefile	+libc @(aarch64||arm||i386||i686||loongarch64||mips||mips64||mips64el||mipsel||riscv64||x86_64)			golang/host
getrandom	y	y	keep-target	保留目标版本和硬件相关选择；已有包仍需检查服务配置	2024.04.26~85f1053019caf4cd333795760950235ee4529ba7-r1	2024.04.26~85f1053019caf4cd333795760950235ee4529ba7-r1	package/system/ubox/Makefile	+libc 			
git	y	n	generic-candidate	目标已有定义，可迁移功能选择；尚未完成目标架构编译验证	2.50.1-r1	2.50.1-r1	package/feeds/packages/git/Makefile	+libc +libopenssl +libpthread +librt +zlib			
glib2	y	y	keep-target	保留目标版本和硬件相关选择；已有包仍需检查服务配置	2.82.0-r1	2.82.0-r1	package/feeds/packages/glib2/Makefile	+libc +BUILD_NLS:libiconv-full +BUILD_NLS:libintl-full +zlib +libpthread +libffi +libattr +libpcre2			
go-nats	y	n	generic-candidate	目标已有定义，可迁移功能选择；尚未完成目标架构编译验证	0.0.1-r1	0.0.1-r1	package/feeds/packages/go-nats/Makefile	+libc @(aarch64||arm||i386||i686||loongarch64||mips||mips64||mips64el||mipsel||riscv64||x86_64)			golang/host
grep	y	n	generic-candidate	目标已有定义，可迁移功能选择；尚未完成目标架构编译验证	3.11-r1	3.11-r1	package/feeds/packages/grep/Makefile	+libc +libpcre2			
grub2	y	n	exclude-hardware	x86/外设驱动与固件不整体搬；板级包由 R3 Mini 选择	2.12-r1	2.12-r1	package/boot/grub2/Makefile	+libc @TARGET_x86			grub2/host
grub2-bios-setup	y	n	exclude-hardware	x86/外设驱动与固件不整体搬；板级包由 R3 Mini 选择	2.12-r1	2.12-r1	package/boot/grub2/Makefile	+libc @TARGET_x86			grub2/host
grub2-efi	y	n	exclude-hardware	x86/外设驱动与固件不整体搬；板级包由 R3 Mini 选择	2.12-r1	2.12-r1	package/boot/grub2/Makefile	+libc @TARGET_x86			grub2/host
gzip	y	n	generic-candidate	目标已有定义，可迁移功能选择；尚未完成目标架构编译验证	1.14-r1	1.14-r1	package/feeds/packages/gzip/Makefile	+libc 			
haproxy	y	n	generic-candidate	目标已有定义，可迁移功能选择；尚未完成目标架构编译验证	3.0.19-r1	3.0.25-r1	package/feeds/packages/haproxy/Makefile	+libc +libpcre2 +libltdl +zlib +libpthread +liblua5.3 +libopenssl +libncurses +libreadline +libatomic			
hostapd	y	n	wireless-review	依赖主线无线栈，不能作为 MTK 私有驱动管理组件直接套用	2024.09.15~5ace39b0a4cdbe18ddbc4e18f80ee3876233c20b-r2	2024.09.15~5ace39b0a4cdbe18ddbc4e18f80ee3876233c20b-r2	package/network/services/hostapd/Makefile	+libc +libnl-tiny +hostapd-common +ucode +libucode +ucode-mod-fs +ucode-mod-nl80211 +ucode-mod-rtnl +ucode-mod-ubus +ucode-mod-uloop +libubus +libblobmsg-json +libudebug	hostapd		
hostapd-basic	m	n	wireless-review	依赖主线无线栈，不能作为 MTK 私有驱动管理组件直接套用	2024.09.15~5ace39b0a4cdbe18ddbc4e18f80ee3876233c20b-r2	2024.09.15~5ace39b0a4cdbe18ddbc4e18f80ee3876233c20b-r2	package/network/services/hostapd/Makefile	+libc +libnl-tiny +hostapd-common +ucode +libucode +ucode-mod-fs +ucode-mod-nl80211 +ucode-mod-rtnl +ucode-mod-ubus +ucode-mod-uloop +libubus +libblobmsg-json +libudebug	hostapd	hostapd	
hostapd-basic-mbedtls	m	n	wireless-review	依赖主线无线栈，不能作为 MTK 私有驱动管理组件直接套用	2024.09.15~5ace39b0a4cdbe18ddbc4e18f80ee3876233c20b-r2	2024.09.15~5ace39b0a4cdbe18ddbc4e18f80ee3876233c20b-r2	package/network/services/hostapd/Makefile	+libc +libnl-tiny +hostapd-common +ucode +libucode +ucode-mod-fs +ucode-mod-nl80211 +ucode-mod-rtnl +ucode-mod-ubus +ucode-mod-uloop +libubus +libblobmsg-json +libudebug +PACKAGE_hostapd-basic-mbedtls:libmbedtls	hostapd	hostapd hostapd-basic hostapd-basic-openssl hostapd-basic-wolfssl	
hostapd-basic-openssl	m	n	wireless-review	依赖主线无线栈，不能作为 MTK 私有驱动管理组件直接套用	2024.09.15~5ace39b0a4cdbe18ddbc4e18f80ee3876233c20b-r2	2024.09.15~5ace39b0a4cdbe18ddbc4e18f80ee3876233c20b-r2	package/network/services/hostapd/Makefile	+libc +libnl-tiny +hostapd-common +ucode +libucode +ucode-mod-fs +ucode-mod-nl80211 +ucode-mod-rtnl +ucode-mod-ubus +ucode-mod-uloop +libubus +libblobmsg-json +libudebug +PACKAGE_hostapd-basic-openssl:libopenssl	hostapd	hostapd hostapd-basic	
hostapd-basic-wolfssl	m	n	wireless-review	依赖主线无线栈，不能作为 MTK 私有驱动管理组件直接套用	2024.09.15~5ace39b0a4cdbe18ddbc4e18f80ee3876233c20b-r2	2024.09.15~5ace39b0a4cdbe18ddbc4e18f80ee3876233c20b-r2	package/network/services/hostapd/Makefile	+libc +libnl-tiny +hostapd-common +ucode +libucode +ucode-mod-fs +ucode-mod-nl80211 +ucode-mod-rtnl +ucode-mod-ubus +ucode-mod-uloop +libubus +libblobmsg-json +libudebug +PACKAGE_hostapd-basic-wolfssl:libwolfssl	hostapd	hostapd hostapd-basic hostapd-basic-openssl	
hostapd-common	y	y	keep-target	保留目标版本和硬件相关选择；已有包仍需检查服务配置	2024.09.15~5ace39b0a4cdbe18ddbc4e18f80ee3876233c20b-r2	2024.09.15~5ace39b0a4cdbe18ddbc4e18f80ee3876233c20b-r2	package/network/services/hostapd/Makefile	+libc 			
hostapd-utils	y	n	wireless-review	依赖主线无线栈，不能作为 MTK 私有驱动管理组件直接套用	2024.09.15~5ace39b0a4cdbe18ddbc4e18f80ee3876233c20b-r2	2024.09.15~5ace39b0a4cdbe18ddbc4e18f80ee3876233c20b-r2	package/network/services/hostapd/Makefile	+libc @PACKAGE_hostapd||PACKAGE_hostapd-basic||PACKAGE_hostapd-basic-openssl||PACKAGE_hostapd-basic-wolfssl||PACKAGE_hostapd-basic-mbedtls||PACKAGE_hostapd-mini||PACKAGE_hostapd-openssl||PACKAGE_hostapd-wolfssl||PACKAGE_hostapd-mbedtls||PACKAGE_wpad||PACKAGE_wpad-mesh-openssl||PACKAGE_wpad-mesh-wolfssl||PACKAGE_wpad-mesh-mbedtls||PACKAGE_wpad-basic||PACKAGE_wpad-basic-openssl||PACKAGE_wpad-basic-wolfssl||PACKAGE_wpad-basic-mbedtls||PACKAGE_wpad-mini||PACKAGE_wpad-openssl||PACKAGE_wpad-wolfssl||PACKAGE_wpad-mbedtls			
hs20-client	m	n	generic-candidate	目标已有定义，可迁移功能选择；尚未完成目标架构编译验证	2020.06.08~5a8b366233f5585e68a4ffbb604fbb4a848eb325-r10	2020.06.08~5a8b366233f5585e68a4ffbb604fbb4a848eb325-r10	package/feeds/packages/hs20/Makefile	+libc +hs20-common +libopenssl +libcurl +libxml2			
hs20-common	m	n	generic-candidate	目标已有定义，可迁移功能选择；尚未完成目标架构编译验证	2020.06.08~5a8b366233f5585e68a4ffbb604fbb4a848eb325-r10	2020.06.08~5a8b366233f5585e68a4ffbb604fbb4a848eb325-r10	package/feeds/packages/hs20/Makefile	+libc 			
hs20-server	m	n	generic-candidate	目标已有定义，可迁移功能选择；尚未完成目标架构编译验证	2020.06.08~5a8b366233f5585e68a4ffbb604fbb4a848eb325-r10	2020.06.08~5a8b366233f5585e68a4ffbb604fbb4a848eb325-r10	package/feeds/packages/hs20/Makefile	+libc +hs20-common +libopenssl +libsqlite3 +libxml2 +php8 +php8-cgi +php8-mod-xml +php8-mod-pdo-sqlite +openssl-util +sqlite3-cli +uhttpd +xxd			
htop	y	n	generic-candidate	目标已有定义，可迁移功能选择；尚未完成目标架构编译验证	3.4.1-r1	3.4.1-r1	package/feeds/packages/htop/Makefile	+libc +libncurses			HTOP_LMSENSORS:lm-sensors
httping	y	n	generic-candidate	目标已有定义，可迁移功能选择；尚未完成目标架构编译验证	3.5-r3	3.5-r3	package/feeds/packages/httping/Makefile	+libc +BUILD_NLS:libintl-full +libopenssl			
hwinfo	y	n	generic-candidate	目标已有定义，可迁移功能选择；尚未完成目标架构编译验证	21.71-r4	21.71-r4	package/feeds/packages/hwinfo/Makefile	+libc +libuuid			hwinfo/host
hysteria	y	n	heavy-build	存在 aarch64 候选；关注工具链、下载和编译成本	2.6.5-r1	2.6.5-r1	package/feeds/packages/hysteria/Makefile	+libc @(aarch64||arm||i386||i686||loongarch64||mips||mips64||mips64el||mipsel||riscv64||x86_64) +ca-bundle			golang/host
i915-firmware	y	n	exclude-hardware	x86/外设驱动与固件不整体搬；板级包由 R3 Mini 选择	20241110-r2	20260221-r2	package/firmware/linux-firmware/Makefile	+libc +i915-firmware-dmc +i915-firmware-guc +i915-firmware-huc +i915-firmware-gsc			
i915-firmware-dmc	y	n	exclude-hardware	x86/外设驱动与固件不整体搬；板级包由 R3 Mini 选择	20241110-r2	20260221-r2	package/firmware/linux-firmware/Makefile	+libc 			
i915-firmware-gsc	y	n	exclude-hardware	x86/外设驱动与固件不整体搬；板级包由 R3 Mini 选择	20241110-r2	20260221-r2	package/firmware/linux-firmware/Makefile	+libc 			
i915-firmware-guc	y	n	exclude-hardware	x86/外设驱动与固件不整体搬；板级包由 R3 Mini 选择	20241110-r2	20260221-r2	package/firmware/linux-firmware/Makefile	+libc 			
i915-firmware-huc	y	n	exclude-hardware	x86/外设驱动与固件不整体搬；板级包由 R3 Mini 选择	20241110-r2	20260221-r2	package/firmware/linux-firmware/Makefile	+libc 			
ibt-firmware	y	n	exclude-hardware	x86/外设驱动与固件不整体搬；板级包由 R3 Mini 选择	20241110-r2	20260221-r2	package/firmware/linux-firmware/Makefile	+libc 			
igmpproxy	y	n	runtime-review	可用源码候选；核对默认启动、端口、规则和卸载路径	0.4-r1	0.4-r1	package/feeds/packages/igmpproxy/Makefile	+libc +USE_GLIBC:librt			
intel-microcode	y	n	exclude-hardware	x86/外设驱动与固件不整体搬；板级包由 R3 Mini 选择	20250211-r1	20250211-r1	package/firmware/intel-microcode/Makefile	+libc @TARGET_x86			iucode-tool/host
ip-bridge	y	n	generic-candidate	目标已有定义，可迁移功能选择；尚未完成目标架构编译验证	6.11.0-r1	6.11.0-r1	package/network/utils/iproute2/Makefile	+libc +libnl-tiny +(PACKAGE_devlink||PACKAGE_rdma):libmnl			iptables
ip-full	y	n	generic-candidate	目标已有定义，可迁移功能选择；尚未完成目标架构编译验证	6.11.0-r1	6.11.0-r1	package/network/utils/iproute2/Makefile	+libc +libnl-tiny +libbpf +(PACKAGE_devlink||PACKAGE_rdma):libmnl	ip		iptables
ip6tables-extra	y	n	runtime-review	可用源码候选；核对默认启动、端口、规则和卸载路径	1.8.10-r1	1.8.10-r1	package/network/utils/iptables/Makefile	+libc +libxtables +kmod-ip6tables-extra			
ip6tables-mod-fullconenat	y	n	runtime-review	可用源码候选；核对默认启动、端口、规则和卸载路径	2023.01.01~74c5e6f3c7faaf33ece451697537c81781781c20-r1	2023.01.01~74c5e6f3c7faaf33ece451697537c81781781c20-r1	package/network/utils/fullconenat/Makefile	+libc ip6tables +kmod-nf-nat6 +kmod-ipt-fullconenat +ip6tables-mod-nat			
ip6tables-mod-nat	y	n	runtime-review	可用源码候选；核对默认启动、端口、规则和卸载路径	1.8.10-r1	1.8.10-r1	package/network/utils/iptables/Makefile	+libc +libxtables +kmod-ipt-nat6			
ip6tables-nft	y	n	runtime-review	可用源码候选；核对默认启动、端口、规则和卸载路径	1.8.10-r1	1.8.10-r1	package/network/utils/iptables/Makefile	+libc @IPV6 +kmod-ip6tables +xtables-nft	ip6tables		
iperf3	y	n	generic-candidate	目标已有定义，可迁移功能选择；尚未完成目标架构编译验证	3.17.1-r4	3.17.1-r4	package/feeds/packages/iperf3/Makefile	+libc +libiperf3			
ipset	y	n	generic-candidate	目标已有定义，可迁移功能选择；尚未完成目标架构编译验证	7.21-r1	7.21-r1	package/network/utils/ipset/Makefile	+libc +kmod-ipt-ipset +libmnl +libipset			
ipset-dns	y	n	runtime-review	可用源码候选；核对默认启动、端口、规则和卸载路径	2017.10.08~ade2cf88e933f4f90451e0a6171f0aa4a523f989-r1	2017.10.08~ade2cf88e933f4f90451e0a6171f0aa4a523f989-r1	package/network/services/ipset-dns/Makefile	+libc +libmnl			
ipt2socks	y	n	generic-candidate	目标已有定义，可迁移功能选择；尚未完成目标架构编译验证	1.1.4-r2	1.1.4-r2	package/feeds/packages/ipt2socks/Makefile	+libc 			
iptables-mod-conntrack-extra	y	n	runtime-review	可用源码候选；核对默认启动、端口、规则和卸载路径	1.8.10-r1	1.8.10-r1	package/network/utils/iptables/Makefile	+libc +libxtables +kmod-ipt-conntrack-extra			
iptables-mod-extra	y	n	runtime-review	可用源码候选；核对默认启动、端口、规则和卸载路径	1.8.10-r1	1.8.10-r1	package/network/utils/iptables/Makefile	+libc +libxtables +kmod-ipt-extra			
iptables-mod-filter	y	n	runtime-review	可用源码候选；核对默认启动、端口、规则和卸载路径	1.8.10-r1	1.8.10-r1	package/network/utils/iptables/Makefile	+libc +libxtables +kmod-ipt-filter			
iptables-mod-fullconenat	y	n	runtime-review	可用源码候选；核对默认启动、端口、规则和卸载路径	2023.01.01~74c5e6f3c7faaf33ece451697537c81781781c20-r1	2023.01.01~74c5e6f3c7faaf33ece451697537c81781781c20-r1	package/network/utils/fullconenat/Makefile	+libc +iptables +kmod-ipt-fullconenat			
iptables-mod-geoip	y	n	runtime-review	可用源码候选；核对默认启动、端口、规则和卸载路径	3.26-r1	3.26-r1	package/feeds/packages/xtables-addons/Makefile	+libc iptables +kmod-ipt-geoip			iptables
iptables-mod-ipopt	y	n	runtime-review	可用源码候选；核对默认启动、端口、规则和卸载路径	1.8.10-r1	1.8.10-r1	package/network/utils/iptables/Makefile	+libc +libxtables +kmod-ipt-ipopt			
iptables-mod-nat-extra	y	n	runtime-review	可用源码候选；核对默认启动、端口、规则和卸载路径	1.8.10-r1	1.8.10-r1	package/network/utils/iptables/Makefile	+libc +libxtables +kmod-ipt-nat-extra			
iptables-mod-nfqueue	y	n	runtime-review	可用源码候选；核对默认启动、端口、规则和卸载路径	1.8.10-r1	1.8.10-r1	package/network/utils/iptables/Makefile	+libc +libxtables +kmod-nfnetlink-queue +kmod-ipt-nfqueue			
iptables-mod-tproxy	y	n	runtime-review	可用源码候选；核对默认启动、端口、规则和卸载路径	1.8.10-r1	1.8.10-r1	package/network/utils/iptables/Makefile	+libc +libxtables +kmod-ipt-tproxy			
iptables-nft	y	n	runtime-review	可用源码候选；核对默认启动、端口、规则和卸载路径	1.8.10-r1	1.8.10-r1	package/network/utils/iptables/Makefile	+libc +kmod-ipt-core +xtables-nft	iptables		
iptgeoip	y	n	generic-candidate	目标已有定义，可迁移功能选择；尚未完成目标架构编译验证	3.26-r1	3.26-r1	package/feeds/packages/xtables-addons/Makefile	+libc iptables +iptables-mod-geoip +perl +perlbase-getopt +perlbase-io +perl-text-csv_xs +perl-net-cidr-lite +wget-ssl +!BUSYBOX_CONFIG_ZCAT:gzip			iptables
irqbalance	y	n	runtime-review	可用源码候选；核对默认启动、端口、规则和卸载路径	1.9.5-r1	1.9.5-r1	package/feeds/packages/irqbalance/Makefile	+libc +BUILD_NLS:libiconv-full +BUILD_NLS:libintl-full			glib2
iw	y	n	wireless-review	依赖主线无线栈，不能作为 MTK 私有驱动管理组件直接套用	6.9-r1	6.9-r1	package/network/utils/iw/Makefile	+libc +libnl-tiny			
iwinfo	y	y	keep-target	保留目标版本和硬件相关选择；已有包仍需检查服务配置	2024.10.20~b94f066e3f5839b8509483cdd8f4f582a45fa233-r1	2024.10.20~b94f066e3f5839b8509483cdd8f4f582a45fa233-r1	package/network/utils/iwinfo/Makefile	+libc +libiwinfo			
iwlwifi-firmware-ax101	y	n	exclude-hardware	x86/外设驱动与固件不整体搬；板级包由 R3 Mini 选择	20241110-r2	20260221-r2	package/firmware/linux-firmware/Makefile	+libc 			
iwlwifi-firmware-ax200	y	n	exclude-hardware	x86/外设驱动与固件不整体搬；板级包由 R3 Mini 选择	20241110-r2	20260221-r2	package/firmware/linux-firmware/Makefile	+libc 			
iwlwifi-firmware-ax201	y	n	exclude-hardware	x86/外设驱动与固件不整体搬；板级包由 R3 Mini 选择	20241110-r2	20260221-r2	package/firmware/linux-firmware/Makefile	+libc 			
iwlwifi-firmware-ax210	y	n	exclude-hardware	x86/外设驱动与固件不整体搬；板级包由 R3 Mini 选择	20241110-r2	20260221-r2	package/firmware/linux-firmware/Makefile	+libc 			
iwlwifi-firmware-ax411	y	n	exclude-hardware	x86/外设驱动与固件不整体搬；板级包由 R3 Mini 选择	20241110-r2	20260221-r2	package/firmware/linux-firmware/Makefile	+libc 			
iwlwifi-firmware-be200	y	n	exclude-hardware	x86/外设驱动与固件不整体搬；板级包由 R3 Mini 选择	20241110-r2	20260221-r2	package/firmware/linux-firmware/Makefile	+libc 			
iwlwifi-firmware-iwl100	y	n	exclude-hardware	x86/外设驱动与固件不整体搬；板级包由 R3 Mini 选择	20241110-r2	20260221-r2	package/firmware/linux-firmware/Makefile	+libc 			
iwlwifi-firmware-iwl1000	y	n	exclude-hardware	x86/外设驱动与固件不整体搬；板级包由 R3 Mini 选择	20241110-r2	20260221-r2	package/firmware/linux-firmware/Makefile	+libc 			
iwlwifi-firmware-iwl105	y	n	exclude-hardware	x86/外设驱动与固件不整体搬；板级包由 R3 Mini 选择	20241110-r2	20260221-r2	package/firmware/linux-firmware/Makefile	+libc 			
iwlwifi-firmware-iwl135	y	n	exclude-hardware	x86/外设驱动与固件不整体搬；板级包由 R3 Mini 选择	20241110-r2	20260221-r2	package/firmware/linux-firmware/Makefile	+libc 			
iwlwifi-firmware-iwl2000	y	n	exclude-hardware	x86/外设驱动与固件不整体搬；板级包由 R3 Mini 选择	20241110-r2	20260221-r2	package/firmware/linux-firmware/Makefile	+libc 			
iwlwifi-firmware-iwl2030	y	n	exclude-hardware	x86/外设驱动与固件不整体搬；板级包由 R3 Mini 选择	20241110-r2	20260221-r2	package/firmware/linux-firmware/Makefile	+libc 			
iwlwifi-firmware-iwl3160	y	n	exclude-hardware	x86/外设驱动与固件不整体搬；板级包由 R3 Mini 选择	20241110-r2	20260221-r2	package/firmware/linux-firmware/Makefile	+libc 			
iwlwifi-firmware-iwl3168	y	n	exclude-hardware	x86/外设驱动与固件不整体搬；板级包由 R3 Mini 选择	20241110-r2	20260221-r2	package/firmware/linux-firmware/Makefile	+libc 			
iwlwifi-firmware-iwl5000	y	n	exclude-hardware	x86/外设驱动与固件不整体搬；板级包由 R3 Mini 选择	20241110-r2	20260221-r2	package/firmware/linux-firmware/Makefile	+libc 			
iwlwifi-firmware-iwl5150	y	n	exclude-hardware	x86/外设驱动与固件不整体搬；板级包由 R3 Mini 选择	20241110-r2	20260221-r2	package/firmware/linux-firmware/Makefile	+libc 			
iwlwifi-firmware-iwl6000g2	y	n	exclude-hardware	x86/外设驱动与固件不整体搬；板级包由 R3 Mini 选择	20241110-r2	20260221-r2	package/firmware/linux-firmware/Makefile	+libc 			
iwlwifi-firmware-iwl6000g2a	y	n	exclude-hardware	x86/外设驱动与固件不整体搬；板级包由 R3 Mini 选择	20241110-r2	20260221-r2	package/firmware/linux-firmware/Makefile	+libc 			
iwlwifi-firmware-iwl6000g2b	y	n	exclude-hardware	x86/外设驱动与固件不整体搬；板级包由 R3 Mini 选择	20241110-r2	20260221-r2	package/firmware/linux-firmware/Makefile	+libc 			
iwlwifi-firmware-iwl6050	y	n	exclude-hardware	x86/外设驱动与固件不整体搬；板级包由 R3 Mini 选择	20241110-r2	20260221-r2	package/firmware/linux-firmware/Makefile	+libc 			
iwlwifi-firmware-iwl7260	y	n	exclude-hardware	x86/外设驱动与固件不整体搬；板级包由 R3 Mini 选择	20241110-r2	20260221-r2	package/firmware/linux-firmware/Makefile	+libc 			
iwlwifi-firmware-iwl7265	y	n	exclude-hardware	x86/外设驱动与固件不整体搬；板级包由 R3 Mini 选择	20241110-r2	20260221-r2	package/firmware/linux-firmware/Makefile	+libc 			
iwlwifi-firmware-iwl7265d	y	n	exclude-hardware	x86/外设驱动与固件不整体搬；板级包由 R3 Mini 选择	20241110-r2	20260221-r2	package/firmware/linux-firmware/Makefile	+libc 			
iwlwifi-firmware-iwl8260c	y	n	exclude-hardware	x86/外设驱动与固件不整体搬；板级包由 R3 Mini 选择	20241110-r2	20260221-r2	package/firmware/linux-firmware/Makefile	+libc 			
iwlwifi-firmware-iwl8265	y	n	exclude-hardware	x86/外设驱动与固件不整体搬；板级包由 R3 Mini 选择	20241110-r2	20260221-r2	package/firmware/linux-firmware/Makefile	+libc 			
iwlwifi-firmware-iwl9000	y	n	exclude-hardware	x86/外设驱动与固件不整体搬；板级包由 R3 Mini 选择	20241110-r2	20260221-r2	package/firmware/linux-firmware/Makefile	+libc 			
iwlwifi-firmware-iwl9260	y	n	exclude-hardware	x86/外设驱动与固件不整体搬；板级包由 R3 Mini 选择	20241110-r2	20260221-r2	package/firmware/linux-firmware/Makefile	+libc 			
jansson	y	y	keep-target	保留目标版本和硬件相关选择；已有包仍需检查服务配置	2.14-r3	2.14-r3	package/libs/jansson/Makefile	+libc 			
jq	y	n	generic-candidate	目标已有定义，可迁移功能选择；尚未完成目标架构编译验证	1.8.1-r1	1.8.1-r1	package/feeds/packages/jq/Makefile	+libc 	jq		
jshn	y	y	keep-target	保留目标版本和硬件相关选择；已有包仍需检查服务配置	2025.07.23~49056d178f42da98048a5d4c23f83a6f6bc6dd80-r1	2024.12.19~3868f47c8f6c6570e62a3cdf8a7f26ffb1a67e6a-r1	package/libs/libubox/Makefile	+libc +libjson-c +libubox +libblobmsg-json			lua
jsonfilter	y	y	keep-target	保留目标版本和硬件相关选择；已有包仍需检查服务配置	2025.04.18~8a86fb78235b5d7925b762b7b0934517890cc034-r1	2025.04.18~8a86fb78235b5d7925b762b7b0934517890cc034-r1	package/utils/jsonfilter/Makefile	+libc +libubox +libjson-c			
kmod-8139cp	y	n	exclude-hardware	x86/外设驱动与固件不整体搬；板级包由 R3 Mini 选择	<LINUX_VERSION>-r	<LINUX_VERSION>-r	package/kernel/linux/Makefile	@PCI_SUPPORT +kmod-mii			
kmod-8139too	y	n	exclude-hardware	x86/外设驱动与固件不整体搬；板级包由 R3 Mini 选择	<LINUX_VERSION>-r	<LINUX_VERSION>-r	package/kernel/linux/Makefile	@PCI_SUPPORT +kmod-mii			
kmod-acpi-video	y	n	exclude-hardware	x86/外设驱动与固件不整体搬；板级包由 R3 Mini 选择	<LINUX_VERSION>-r	<LINUX_VERSION>-r	package/kernel/linux/Makefile	@TARGET_x86||TARGET_loongarch64 +kmod-backlight			
kmod-amazon-ena	y	n	exclude-hardware	x86/外设驱动与固件不整体搬；板级包由 R3 Mini 选择	<LINUX_VERSION>-r	<LINUX_VERSION>-r	package/kernel/linux/Makefile	@TARGET_x86_64||TARGET_armsr			
kmod-amd-xgbe	y	n	exclude-hardware	x86/外设驱动与固件不整体搬；板级包由 R3 Mini 选择	<LINUX_VERSION>-r	<LINUX_VERSION>-r	package/kernel/linux/Makefile	@PCI_SUPPORT @TARGET_x86_64 +kmod-lib-crc32c +kmod-ptp +kmod-libphy +kmod-mdio-devres			
kmod-asn1-decoder	y	y	keep-target	保留目标版本和硬件相关选择；已有包仍需检查服务配置	<LINUX_VERSION>-r	<LINUX_VERSION>-r	package/kernel/linux/Makefile				
kmod-asn1-encoder	y	n	generic-kernel-review	通用内核功能；只用目标内核源码重编，依赖/用途逐项核对	<LINUX_VERSION>-r	<LINUX_VERSION>-r	package/kernel/linux/Makefile				
kmod-ata-ahci	y	n	exclude-hardware	x86/外设驱动与固件不整体搬；板级包由 R3 Mini 选择	<LINUX_VERSION>-r	<LINUX_VERSION>-r	package/kernel/linux/Makefile	+kmod-ata-core 			
kmod-ata-core	y	n	exclude-hardware	x86/外设驱动与固件不整体搬；板级包由 R3 Mini 选择	<LINUX_VERSION>-r	<LINUX_VERSION>-r	package/kernel/linux/Makefile	@PCI_SUPPORT||TARGET_sunxi +kmod-scsi-core			
kmod-b43	y	n	exclude-hardware	x86/外设驱动与固件不整体搬；板级包由 R3 Mini 选择	<LINUX_VERSION>.6.12.52-r1	<LINUX_VERSION>.6.12.6-r2	package/kernel/mac80211/Makefile	@PCI_SUPPORT +kmod-mac80211 +kmod-lib-cordic  			
kmod-backlight	y	n	exclude-hardware	x86/外设驱动与固件不整体搬；板级包由 R3 Mini 选择	<LINUX_VERSION>-r	<LINUX_VERSION>-r	package/kernel/linux/Makefile	@DISPLAY_SUPPORT			
kmod-bcma	y	n	exclude-hardware	x86/外设驱动与固件不整体搬；板级包由 R3 Mini 选择	<LINUX_VERSION>-r	<LINUX_VERSION>-r	package/kernel/linux/Makefile	@PCI_SUPPORT @!TARGET_bcm47xx @!TARGET_bcm53xx			
kmod-be2net	y	n	exclude-hardware	x86/外设驱动与固件不整体搬；板级包由 R3 Mini 选择	<LINUX_VERSION>-r	<LINUX_VERSION>-r	package/kernel/linux/Makefile	@PCI_SUPPORT +kmod-hwmon-core			
kmod-bluetooth	y	n	exclude-hardware	x86/外设驱动与固件不整体搬；板级包由 R3 Mini 选择	<LINUX_VERSION>-r	<LINUX_VERSION>-r	package/kernel/linux/Makefile	@USB_SUPPORT +kmod-usb-core +kmod-crypto-hash +kmod-crypto-ecb +kmod-lib-crc16 +kmod-hid +kmod-crypto-cmac +kmod-regmap-core +kmod-crypto-ecdh +USE_RFKILL:kmod-rfkill 			
kmod-bnx2x	y	n	exclude-hardware	x86/外设驱动与固件不整体搬；板级包由 R3 Mini 选择	<LINUX_VERSION>-r	<LINUX_VERSION>-r	package/kernel/linux/Makefile	@PCI_SUPPORT +bnx2x-firmware +kmod-lib-crc32c +kmod-mdio +kmod-ptp +kmod-lib-zlib-inflate			
kmod-bnxt-en	y	n	exclude-hardware	x86/外设驱动与固件不整体搬；板级包由 R3 Mini 选择	<LINUX_VERSION>-r	<LINUX_VERSION>-r	package/kernel/linux/Makefile	@PCI_SUPPORT +kmod-hwmon-core +kmod-lib-crc32c +kmod-mdio +kmod-ptp			
kmod-bonding	y	n	generic-kernel-review	通用内核功能；只用目标内核源码重编，依赖/用途逐项核对	<LINUX_VERSION>-r	<LINUX_VERSION>-r	package/kernel/linux/Makefile	PACKAGE_kmod-tls:kmod-tls			
kmod-br-netfilter	y	y	keep-target	保留目标版本和硬件相关选择；已有包仍需检查服务配置	<LINUX_VERSION>-r	<LINUX_VERSION>-r	package/kernel/linux/Makefile	+kmod-ipt-core			
kmod-brcmsmac	y	n	exclude-hardware	x86/外设驱动与固件不整体搬；板级包由 R3 Mini 选择	<LINUX_VERSION>.6.12.52-r1	<LINUX_VERSION>.6.12.6-r2	package/kernel/mac80211/Makefile	@!TARGET_bcm47xx_legacy +kmod-mac80211 +!TARGET_bcm47xx:kmod-bcma +kmod-lib-cordic +kmod-lib-crc8 +kmod-brcmutil +!BRCMSMAC_USE_FW_FROM_WL:brcmsmac-firmware			
kmod-brcmutil	y	n	exclude-hardware	x86/外设驱动与固件不整体搬；板级包由 R3 Mini 选择	<LINUX_VERSION>.6.12.52-r1	<LINUX_VERSION>.6.12.6-r2	package/kernel/mac80211/Makefile	@PCI_SUPPORT||USB_SUPPORT			
kmod-button-hotplug	y	n	exclude-hardware	x86/外设驱动与固件不整体搬；板级包由 R3 Mini 选择	<LINUX_VERSION>-r3	<LINUX_VERSION>-r3	package/kernel/button-hotplug/Makefile	+kmod-input-core			
kmod-cfg80211	y	n	exclude-hardware	x86/外设驱动与固件不整体搬；板级包由 R3 Mini 选择	<LINUX_VERSION>.6.12.52-r1	<LINUX_VERSION>.6.12.6-r2	package/kernel/mac80211/Makefile	+iw +iwinfo +wifi-scripts +wireless-regdb +USE_RFKILL:kmod-rfkill			
kmod-crypto-acompress	y	y	keep-target	保留目标版本和硬件相关选择；已有包仍需检查服务配置	<LINUX_VERSION>-r	<LINUX_VERSION>-r	package/kernel/linux/Makefile				
kmod-crypto-aead	y	y	keep-target	保留目标版本和硬件相关选择；已有包仍需检查服务配置	<LINUX_VERSION>-r	<LINUX_VERSION>-r	package/kernel/linux/Makefile	+kmod-crypto-null			
kmod-crypto-arc4	y	y	keep-target	保留目标版本和硬件相关选择；已有包仍需检查服务配置	<LINUX_VERSION>-r	<LINUX_VERSION>-r	package/kernel/linux/Makefile	+kmod-crypto-user			
kmod-crypto-blake2b	y	y	keep-target	保留目标版本和硬件相关选择；已有包仍需检查服务配置	<LINUX_VERSION>-r	<LINUX_VERSION>-r	package/kernel/linux/Makefile	+kmod-crypto-hash			
kmod-crypto-cbc	y	n	generic-kernel-review	通用内核功能；只用目标内核源码重编，依赖/用途逐项核对	<LINUX_VERSION>-r	<LINUX_VERSION>-r	package/kernel/linux/Makefile	+kmod-crypto-manager			
kmod-crypto-ccm	y	n	generic-kernel-review	通用内核功能；只用目标内核源码重编，依赖/用途逐项核对	<LINUX_VERSION>-r	<LINUX_VERSION>-r	package/kernel/linux/Makefile	+kmod-crypto-ctr +kmod-crypto-aead			
kmod-crypto-cmac	y	n	generic-kernel-review	通用内核功能；只用目标内核源码重编，依赖/用途逐项核对	<LINUX_VERSION>-r	<LINUX_VERSION>-r	package/kernel/linux/Makefile	+kmod-crypto-hash			
kmod-crypto-crc32	y	n	generic-kernel-review	通用内核功能；只用目标内核源码重编，依赖/用途逐项核对	<LINUX_VERSION>-r	<LINUX_VERSION>-r	package/kernel/linux/Makefile	+kmod-crypto-hash			
kmod-crypto-crc32c	y	y	keep-target	保留目标版本和硬件相关选择；已有包仍需检查服务配置	<LINUX_VERSION>-r	<LINUX_VERSION>-r	package/kernel/linux/Makefile	+kmod-crypto-hash			
kmod-crypto-ctr	y	n	generic-kernel-review	通用内核功能；只用目标内核源码重编，依赖/用途逐项核对	<LINUX_VERSION>-r	<LINUX_VERSION>-r	package/kernel/linux/Makefile	+kmod-crypto-manager +kmod-crypto-seqiv			
kmod-crypto-cts	y	n	generic-kernel-review	通用内核功能；只用目标内核源码重编，依赖/用途逐项核对	<LINUX_VERSION>-r	<LINUX_VERSION>-r	package/kernel/linux/Makefile	+kmod-crypto-manager			
kmod-crypto-des	y	y	keep-target	保留目标版本和硬件相关选择；已有包仍需检查服务配置	<LINUX_VERSION>-r	<LINUX_VERSION>-r	package/kernel/linux/Makefile				
kmod-crypto-ecb	y	y	keep-target	保留目标版本和硬件相关选择；已有包仍需检查服务配置	<LINUX_VERSION>-r	<LINUX_VERSION>-r	package/kernel/linux/Makefile	+kmod-crypto-manager			
kmod-crypto-ecdh	y	n	generic-kernel-review	通用内核功能；只用目标内核源码重编，依赖/用途逐项核对	<LINUX_VERSION>-r	<LINUX_VERSION>-r	package/kernel/linux/Makefile	+kmod-crypto-kpp +kmod-crypto-rng			
kmod-crypto-gcm	y	n	generic-kernel-review	通用内核功能；只用目标内核源码重编，依赖/用途逐项核对	<LINUX_VERSION>-r	<LINUX_VERSION>-r	package/kernel/linux/Makefile	+kmod-crypto-ctr +kmod-crypto-ghash +kmod-crypto-null			
kmod-crypto-geniv	y	n	generic-kernel-review	通用内核功能；只用目标内核源码重编，依赖/用途逐项核对	<LINUX_VERSION>-r	<LINUX_VERSION>-r	package/kernel/linux/Makefile	+kmod-crypto-rng +kmod-crypto-aead			
kmod-crypto-gf128	y	n	generic-kernel-review	通用内核功能；只用目标内核源码重编，依赖/用途逐项核对	<LINUX_VERSION>-r	<LINUX_VERSION>-r	package/kernel/linux/Makefile				
kmod-crypto-ghash	y	n	generic-kernel-review	通用内核功能；只用目标内核源码重编，依赖/用途逐项核对	<LINUX_VERSION>-r	<LINUX_VERSION>-r	package/kernel/linux/Makefile	+kmod-crypto-gf128 +kmod-crypto-hash			
kmod-crypto-hash	y	y	keep-target	保留目标版本和硬件相关选择；已有包仍需检查服务配置	<LINUX_VERSION>-r	<LINUX_VERSION>-r	package/kernel/linux/Makefile				
kmod-crypto-hmac	y	y	keep-target	保留目标版本和硬件相关选择；已有包仍需检查服务配置	<LINUX_VERSION>-r	<LINUX_VERSION>-r	package/kernel/linux/Makefile	+kmod-crypto-hash +kmod-crypto-manager			
kmod-crypto-kpp	y	y	keep-target	保留目标版本和硬件相关选择；已有包仍需检查服务配置	<LINUX_VERSION>-r	<LINUX_VERSION>-r	package/kernel/linux/Makefile				
kmod-crypto-lib-chacha20	y	y	keep-target	保留目标版本和硬件相关选择；已有包仍需检查服务配置	<LINUX_VERSION>-r	<LINUX_VERSION>-r	package/kernel/linux/Makefile				
kmod-crypto-lib-chacha20poly1305	y	y	keep-target	保留目标版本和硬件相关选择；已有包仍需检查服务配置	<LINUX_VERSION>-r	<LINUX_VERSION>-r	package/kernel/linux/Makefile	+kmod-crypto-lib-chacha20 +kmod-crypto-lib-poly1305			
kmod-crypto-lib-curve25519	y	y	keep-target	保留目标版本和硬件相关选择；已有包仍需检查服务配置	<LINUX_VERSION>-r	<LINUX_VERSION>-r	package/kernel/linux/Makefile	+PACKAGE_kmod-crypto-kpp:kmod-crypto-kpp			
kmod-crypto-lib-poly1305	y	y	keep-target	保留目标版本和硬件相关选择；已有包仍需检查服务配置	<LINUX_VERSION>-r	<LINUX_VERSION>-r	package/kernel/linux/Makefile	+PACKAGE_kmod-crypto-hash:kmod-crypto-hash			
kmod-crypto-manager	y	y	keep-target	保留目标版本和硬件相关选择；已有包仍需检查服务配置	<LINUX_VERSION>-r	<LINUX_VERSION>-r	package/kernel/linux/Makefile	+kmod-crypto-aead +kmod-crypto-hash			
kmod-crypto-md5	y	y	keep-target	保留目标版本和硬件相关选择；已有包仍需检查服务配置	<LINUX_VERSION>-r	<LINUX_VERSION>-r	package/kernel/linux/Makefile	+kmod-crypto-hash			
kmod-crypto-null	y	y	keep-target	保留目标版本和硬件相关选择；已有包仍需检查服务配置	<LINUX_VERSION>-r	<LINUX_VERSION>-r	package/kernel/linux/Makefile	+kmod-crypto-hash			
kmod-crypto-rng	y	y	keep-target	保留目标版本和硬件相关选择；已有包仍需检查服务配置	<LINUX_VERSION>-r	<LINUX_VERSION>-r	package/kernel/linux/Makefile	+kmod-crypto-hash +kmod-crypto-hmac +kmod-crypto-sha512 +kmod-crypto-sha3			
kmod-crypto-seqiv	y	n	generic-kernel-review	通用内核功能；只用目标内核源码重编，依赖/用途逐项核对	<LINUX_VERSION>-r	<LINUX_VERSION>-r	package/kernel/linux/Makefile	+kmod-crypto-aead +kmod-crypto-rng +kmod-crypto-geniv			
kmod-crypto-sha1	y	y	keep-target	保留目标版本和硬件相关选择；已有包仍需检查服务配置	<LINUX_VERSION>-r	<LINUX_VERSION>-r	package/kernel/linux/Makefile	+kmod-crypto-hash			
kmod-crypto-sha256	y	y	keep-target	保留目标版本和硬件相关选择；已有包仍需检查服务配置	<LINUX_VERSION>-r	<LINUX_VERSION>-r	package/kernel/linux/Makefile	+kmod-crypto-hash			
kmod-crypto-sha3	y	y	keep-target	保留目标版本和硬件相关选择；已有包仍需检查服务配置	<LINUX_VERSION>-r	<LINUX_VERSION>-r	package/kernel/linux/Makefile	+kmod-crypto-hash			
kmod-crypto-sha512	y	y	keep-target	保留目标版本和硬件相关选择；已有包仍需检查服务配置	<LINUX_VERSION>-r	<LINUX_VERSION>-r	package/kernel/linux/Makefile	+kmod-crypto-hash			
kmod-crypto-user	y	y	keep-target	保留目标版本和硬件相关选择；已有包仍需检查服务配置	<LINUX_VERSION>-r	<LINUX_VERSION>-r	package/kernel/linux/Makefile	+kmod-crypto-hash +kmod-crypto-manager +kmod-crypto-rng			
kmod-crypto-xxhash	y	y	keep-target	保留目标版本和硬件相关选择；已有包仍需检查服务配置	<LINUX_VERSION>-r	<LINUX_VERSION>-r	package/kernel/linux/Makefile	+kmod-crypto-hash +kmod-lib-xxhash			
kmod-dax	y	n	exclude-hardware	x86/外设驱动与固件不整体搬；板级包由 R3 Mini 选择	<LINUX_VERSION>-r	<LINUX_VERSION>-r	package/kernel/linux/Makefile				
kmod-dm	y	n	generic-kernel-review	通用内核功能；只用目标内核源码重编，依赖/用途逐项核对	<LINUX_VERSION>-r	<LINUX_VERSION>-r	package/kernel/linux/Makefile	+kmod-crypto-manager +kmod-dax +KERNEL_KEYS:kmod-keys-encrypted			
kmod-dma-buf	y	n	exclude-hardware	x86/外设驱动与固件不整体搬；板级包由 R3 Mini 选择	<LINUX_VERSION>-r	<LINUX_VERSION>-r	package/kernel/linux/Makefile				
kmod-dnsresolver	y	n	generic-kernel-review	通用内核功能；只用目标内核源码重编，依赖/用途逐项核对	<LINUX_VERSION>-r	<LINUX_VERSION>-r	package/kernel/linux/Makefile				
kmod-drm	y	n	exclude-hardware	x86/外设驱动与固件不整体搬；板级包由 R3 Mini 选择	<LINUX_VERSION>-r	<LINUX_VERSION>-r	package/kernel/linux/Makefile	+kmod-dma-buf +kmod-i2c-core +PACKAGE_kmod-backlight:kmod-backlight +kmod-fb			
kmod-drm-amdgpu	y	n	exclude-hardware	x86/外设驱动与固件不整体搬；板级包由 R3 Mini 选择	<LINUX_VERSION>-r	<LINUX_VERSION>-r	package/kernel/linux/Makefile	@TARGET_x86||TARGET_loongarch64 @DISPLAY_SUPPORT +kmod-backlight +kmod-drm-ttm +kmod-drm-ttm-helper +kmod-drm-kms-helper +kmod-i2c-algo-bit +amdgpu-firmware +kmod-drm-display-helper +kmod-drm-buddy +kmod-acpi-video +kmod-drm-exec +kmod-drm-suballoc-helper			
kmod-drm-buddy	y	n	exclude-hardware	x86/外设驱动与固件不整体搬；板级包由 R3 Mini 选择	<LINUX_VERSION>-r	<LINUX_VERSION>-r	package/kernel/linux/Makefile	@DISPLAY_SUPPORT +kmod-drm			
kmod-drm-display-helper	y	n	exclude-hardware	x86/外设驱动与固件不整体搬；板级包由 R3 Mini 选择	<LINUX_VERSION>-r	<LINUX_VERSION>-r	package/kernel/linux/Makefile	@DISPLAY_SUPPORT +kmod-drm-kms-helper			
kmod-drm-exec	y	n	exclude-hardware	x86/外设驱动与固件不整体搬；板级包由 R3 Mini 选择	<LINUX_VERSION>-r	<LINUX_VERSION>-r	package/kernel/linux/Makefile	@DISPLAY_SUPPORT +kmod-drm			
kmod-drm-i915	y	n	exclude-hardware	x86/外设驱动与固件不整体搬；板级包由 R3 Mini 选择	<LINUX_VERSION>-r	<LINUX_VERSION>-r	package/kernel/linux/Makefile	@(TARGET_x86_64||TARGET_x86_generic||TARGET_x86_legacy) @DISPLAY_SUPPORT +kmod-backlight +kmod-drm-ttm +kmod-drm-ttm-helper +kmod-drm-kms-helper +kmod-i2c-algo-bit +i915-firmware-dmc +kmod-drm-display-helper +kmod-drm-buddy +kmod-acpi-video +kmod-drm-exec +kmod-drm-suballoc-helper			
kmod-drm-kms-helper	y	n	exclude-hardware	x86/外设驱动与固件不整体搬；板级包由 R3 Mini 选择	<LINUX_VERSION>-r	<LINUX_VERSION>-r	package/kernel/linux/Makefile	@DISPLAY_SUPPORT +kmod-drm +kmod-fb +kmod-fb-sys-fops +kmod-fb-cfb-copyarea +kmod-fb-cfb-fillrect +kmod-fb-cfb-imgblt +kmod-fb-sys-ram			
kmod-drm-suballoc-helper	y	n	exclude-hardware	x86/外设驱动与固件不整体搬；板级包由 R3 Mini 选择	<LINUX_VERSION>-r	<LINUX_VERSION>-r	package/kernel/linux/Makefile	@DISPLAY_SUPPORT +kmod-drm			
kmod-drm-ttm	y	n	exclude-hardware	x86/外设驱动与固件不整体搬；板级包由 R3 Mini 选择	<LINUX_VERSION>-r	<LINUX_VERSION>-r	package/kernel/linux/Makefile	@DISPLAY_SUPPORT +kmod-drm			
kmod-drm-ttm-helper	y	n	exclude-hardware	x86/外设驱动与固件不整体搬；板级包由 R3 Mini 选择	<LINUX_VERSION>-r	<LINUX_VERSION>-r	package/kernel/linux/Makefile	@DISPLAY_SUPPORT +kmod-drm-ttm			
kmod-dsa	y	n	exclude-hardware	x86/外设驱动与固件不整体搬；板级包由 R3 Mini 选择	<LINUX_VERSION>-r	<LINUX_VERSION>-r	package/kernel/linux/Makefile	+kmod-mdio-devres +kmod-net-selftests +kmod-phylink			
kmod-dsa-b53	y	n	exclude-hardware	x86/外设驱动与固件不整体搬；板级包由 R3 Mini 选择	<LINUX_VERSION>-r	<LINUX_VERSION>-r	package/kernel/linux/Makefile	+kmod-dsa			
kmod-dsa-b53-mdio	y	n	exclude-hardware	x86/外设驱动与固件不整体搬；板级包由 R3 Mini 选择	<LINUX_VERSION>-r	<LINUX_VERSION>-r	package/kernel/linux/Makefile	+kmod-dsa-b53			
kmod-dummy	y	y	keep-target	保留目标版本和硬件相关选择；已有包仍需检查服务配置	<LINUX_VERSION>-r	<LINUX_VERSION>-r	package/kernel/linux/Makefile				
kmod-dwmac-intel	y	n	exclude-hardware	x86/外设驱动与固件不整体搬；板级包由 R3 Mini 选择	<LINUX_VERSION>-r	<LINUX_VERSION>-r	package/kernel/linux/Makefile	@TARGET_x86_64 +kmod-stmmac-core			
kmod-e1000	y	n	exclude-hardware	x86/外设驱动与固件不整体搬；板级包由 R3 Mini 选择	<LINUX_VERSION>-r	<LINUX_VERSION>-r	package/kernel/linux/Makefile	@PCI_SUPPORT			
kmod-e1000e	y	n	exclude-hardware	x86/外设驱动与固件不整体搬；板级包由 R3 Mini 选择	<LINUX_VERSION>-r	<LINUX_VERSION>-r	package/kernel/linux/Makefile	@PCIE_SUPPORT +kmod-ptp			
kmod-ebtables	y	n	generic-kernel-review	通用内核功能；只用目标内核源码重编，依赖/用途逐项核对	<LINUX_VERSION>-r	<LINUX_VERSION>-r	package/kernel/linux/Makefile	+kmod-ipt-core			
kmod-ebtables-ipv4	y	n	generic-kernel-review	通用内核功能；只用目标内核源码重编，依赖/用途逐项核对	<LINUX_VERSION>-r	<LINUX_VERSION>-r	package/kernel/linux/Makefile	+kmod-ebtables 			
kmod-ebtables-ipv6	y	n	generic-kernel-review	通用内核功能；只用目标内核源码重编，依赖/用途逐项核对	<LINUX_VERSION>-r	<LINUX_VERSION>-r	package/kernel/linux/Makefile	@IPV6 +kmod-ebtables 			
kmod-fb	y	n	exclude-hardware	x86/外设驱动与固件不整体搬；板级包由 R3 Mini 选择	<LINUX_VERSION>-r	<LINUX_VERSION>-r	package/kernel/linux/Makefile	@DISPLAY_SUPPORT			
kmod-fb-cfb-copyarea	y	n	exclude-hardware	x86/外设驱动与固件不整体搬；板级包由 R3 Mini 选择	<LINUX_VERSION>-r	<LINUX_VERSION>-r	package/kernel/linux/Makefile	+kmod-fb			
kmod-fb-cfb-fillrect	y	n	exclude-hardware	x86/外设驱动与固件不整体搬；板级包由 R3 Mini 选择	<LINUX_VERSION>-r	<LINUX_VERSION>-r	package/kernel/linux/Makefile	+kmod-fb			
kmod-fb-cfb-imgblt	y	n	exclude-hardware	x86/外设驱动与固件不整体搬；板级包由 R3 Mini 选择	<LINUX_VERSION>-r	<LINUX_VERSION>-r	package/kernel/linux/Makefile	+kmod-fb			
kmod-fb-sys-fops	y	n	exclude-hardware	x86/外设驱动与固件不整体搬；板级包由 R3 Mini 选择	<LINUX_VERSION>-r	<LINUX_VERSION>-r	package/kernel/linux/Makefile	+kmod-fb			
kmod-fb-sys-ram	y	n	exclude-hardware	x86/外设驱动与固件不整体搬；板级包由 R3 Mini 选择	<LINUX_VERSION>-r	<LINUX_VERSION>-r	package/kernel/linux/Makefile	+kmod-fb			
kmod-fixed-phy	y	n	exclude-hardware	x86/外设驱动与固件不整体搬；板级包由 R3 Mini 选择	<LINUX_VERSION>-r	<LINUX_VERSION>-r	package/kernel/linux/Makefile	+kmod-libphy			
kmod-forcedeth	y	n	exclude-hardware	x86/外设驱动与固件不整体搬；板级包由 R3 Mini 选择	<LINUX_VERSION>-r	<LINUX_VERSION>-r	package/kernel/linux/Makefile	@PCI_SUPPORT			
kmod-fs-autofs4	y	n	generic-kernel-review	通用内核功能；只用目标内核源码重编，依赖/用途逐项核对	<LINUX_VERSION>-r	<LINUX_VERSION>-r	package/kernel/linux/Makefile				
kmod-fs-btrfs	y	y	keep-target	保留目标版本和硬件相关选择；已有包仍需检查服务配置	<LINUX_VERSION>-r	<LINUX_VERSION>-r	package/kernel/linux/Makefile	+kmod-lib-crc32c +kmod-lib-lzo +kmod-lib-zlib-inflate +kmod-lib-zlib-deflate +kmod-lib-raid6 +kmod-lib-xor +kmod-lib-zstd +kmod-crypto-blake2b +kmod-crypto-xxhash			
kmod-fs-cifs	y	n	generic-kernel-review	通用内核功能；只用目标内核源码重编，依赖/用途逐项核对	<LINUX_VERSION>-r	<LINUX_VERSION>-r	package/kernel/linux/Makefile	+kmod-nls-base  +kmod-fs-smbfs-common +kmod-crypto-md5 +kmod-crypto-sha256 +kmod-crypto-sha512 +kmod-crypto-cmac +kmod-crypto-hmac +kmod-crypto-aead +kmod-crypto-ccm +kmod-crypto-ecb +kmod-crypto-des +kmod-asn1-decoder +kmod-oid-registry +kmod-dnsresolver			
kmod-fs-configfs	y	n	generic-kernel-review	通用内核功能；只用目标内核源码重编，依赖/用途逐项核对	<LINUX_VERSION>-r	<LINUX_VERSION>-r	package/kernel/linux/Makefile				
kmod-fs-exfat	y	y	keep-target	保留目标版本和硬件相关选择；已有包仍需检查服务配置	<LINUX_VERSION>-r	<LINUX_VERSION>-r	package/kernel/linux/Makefile	+kmod-nls-base			
kmod-fs-exportfs	y	n	generic-kernel-review	通用内核功能；只用目标内核源码重编，依赖/用途逐项核对	<LINUX_VERSION>-r	<LINUX_VERSION>-r	package/kernel/linux/Makefile				
kmod-fs-ext4	y	y	keep-target	保留目标版本和硬件相关选择；已有包仍需检查服务配置	<LINUX_VERSION>-r	<LINUX_VERSION>-r	package/kernel/linux/Makefile	+kmod-lib-crc16 +kmod-crypto-hash +kmod-crypto-crc32c			
kmod-fs-f2fs	y	n	generic-kernel-review	通用内核功能；只用目标内核源码重编，依赖/用途逐项核对	<LINUX_VERSION>-r	<LINUX_VERSION>-r	package/kernel/linux/Makefile	+kmod-crypto-hash +kmod-crypto-crc32 +kmod-nls-base			
kmod-fs-msdos	y	n	generic-kernel-review	通用内核功能；只用目标内核源码重编，依赖/用途逐项核对	<LINUX_VERSION>-r	<LINUX_VERSION>-r	package/kernel/linux/Makefile	+kmod-fs-vfat +kmod-nls-base 			
kmod-fs-netfs	y	n	generic-kernel-review	通用内核功能；只用目标内核源码重编，依赖/用途逐项核对	<LINUX_VERSION>-r	<LINUX_VERSION>-r	package/kernel/linux/Makefile				
kmod-fs-nfs	y	n	generic-kernel-review	通用内核功能；只用目标内核源码重编，依赖/用途逐项核对	<LINUX_VERSION>-r	<LINUX_VERSION>-r	package/kernel/linux/Makefile	+kmod-fs-nfs-common +kmod-dnsresolver			
kmod-fs-nfs-common	y	n	generic-kernel-review	通用内核功能；只用目标内核源码重编，依赖/用途逐项核对	<LINUX_VERSION>-r	<LINUX_VERSION>-r	package/kernel/linux/Makefile	+kmod-oid-registry			
kmod-fs-nfs-common-rpcsec	y	n	generic-kernel-review	通用内核功能；只用目标内核源码重编，依赖/用途逐项核对	<LINUX_VERSION>-r	<LINUX_VERSION>-r	package/kernel/linux/Makefile	+kmod-fs-nfs-common +kmod-crypto-des +kmod-crypto-cbc +kmod-crypto-cts +kmod-crypto-md5 +kmod-crypto-sha1 +kmod-crypto-hmac +kmod-crypto-ecb +kmod-crypto-arc4			
kmod-fs-nfs-v3	y	n	generic-kernel-review	通用内核功能；只用目标内核源码重编，依赖/用途逐项核对	<LINUX_VERSION>-r	<LINUX_VERSION>-r	package/kernel/linux/Makefile	+kmod-fs-nfs			
kmod-fs-nfs-v4	y	n	generic-kernel-review	通用内核功能；只用目标内核源码重编，依赖/用途逐项核对	<LINUX_VERSION>-r	<LINUX_VERSION>-r	package/kernel/linux/Makefile	+kmod-fs-nfs			
kmod-fs-nfsd	y	n	generic-kernel-review	通用内核功能；只用目标内核源码重编，依赖/用途逐项核对	<LINUX_VERSION>-r	<LINUX_VERSION>-r	package/kernel/linux/Makefile	+kmod-fs-nfs-common +kmod-fs-exportfs +kmod-fs-nfs-common-rpcsec			
kmod-fs-ntfs	y	n	generic-kernel-review	通用内核功能；只用目标内核源码重编，依赖/用途逐项核对	<LINUX_VERSION>-r	<LINUX_VERSION>-r	package/kernel/linux/Makefile	+kmod-nls-base 			
kmod-fs-ntfs3	y	y	keep-target	保留目标版本和硬件相关选择；已有包仍需检查服务配置	<LINUX_VERSION>-r	<LINUX_VERSION>-r	package/kernel/linux/Makefile	+kmod-nls-base 			
kmod-fs-reiserfs	y	n	generic-kernel-review	通用内核功能；只用目标内核源码重编，依赖/用途逐项核对	<LINUX_VERSION>-r	<LINUX_VERSION>-r	package/kernel/linux/Makefile				
kmod-fs-smbfs-common	y	n	generic-kernel-review	通用内核功能；只用目标内核源码重编，依赖/用途逐项核对	<LINUX_VERSION>-r	<LINUX_VERSION>-r	package/kernel/linux/Makefile	+kmod-fs-netfs +kmod-nls-ucs2-utils			
kmod-fs-squashfs	y	n	generic-kernel-review	通用内核功能；只用目标内核源码重编，依赖/用途逐项核对	<LINUX_VERSION>-r	<LINUX_VERSION>-r	package/kernel/linux/Makefile				
kmod-fs-vfat	y	y	keep-target	保留目标版本和硬件相关选择；已有包仍需检查服务配置	<LINUX_VERSION>-r	<LINUX_VERSION>-r	package/kernel/linux/Makefile	+kmod-nls-base +kmod-nls-cp437 +kmod-nls-iso8859-1 +kmod-nls-utf8			
kmod-fuse	y	n	generic-kernel-review	通用内核功能；只用目标内核源码重编，依赖/用途逐项核对	<LINUX_VERSION>-r	<LINUX_VERSION>-r	package/kernel/linux/Makefile				
kmod-hid	y	n	exclude-hardware	x86/外设驱动与固件不整体搬；板级包由 R3 Mini 选择	<LINUX_VERSION>-r	<LINUX_VERSION>-r	package/kernel/linux/Makefile	+kmod-input-core +kmod-input-evdev			
kmod-hid-generic	y	n	exclude-hardware	x86/外设驱动与固件不整体搬；板级包由 R3 Mini 选择	<LINUX_VERSION>-r	<LINUX_VERSION>-r	package/kernel/linux/Makefile	+kmod-hid			
kmod-hwmon-core	y	y	keep-target	保留目标版本和硬件相关选择；已有包仍需检查服务配置	<LINUX_VERSION>-r	<LINUX_VERSION>-r	package/kernel/linux/Makefile				
kmod-i2c-algo-bit	y	n	exclude-hardware	x86/外设驱动与固件不整体搬；板级包由 R3 Mini 选择	<LINUX_VERSION>-r	<LINUX_VERSION>-r	package/kernel/linux/Makefile	+kmod-i2c-core			
kmod-i2c-core	y	n	exclude-hardware	x86/外设驱动与固件不整体搬；板级包由 R3 Mini 选择	<LINUX_VERSION>-r	<LINUX_VERSION>-r	package/kernel/linux/Makefile				
kmod-i40e	y	n	exclude-hardware	x86/外设驱动与固件不整体搬；板级包由 R3 Mini 选择	<LINUX_VERSION>-r	<LINUX_VERSION>-r	package/kernel/linux/Makefile	@PCI_SUPPORT +kmod-ptp			
kmod-iavf	y	n	exclude-hardware	x86/外设驱动与固件不整体搬；板级包由 R3 Mini 选择	<LINUX_VERSION>-r	<LINUX_VERSION>-r	package/kernel/linux/Makefile	@PCI_SUPPORT			
kmod-ice	y	n	exclude-hardware	x86/外设驱动与固件不整体搬；板级包由 R3 Mini 选择	<LINUX_VERSION>-r	<LINUX_VERSION>-r	package/kernel/linux/Makefile	@PCI_SUPPORT +kmod-ptp @!TARGET_apm821xx			
kmod-ifb	y	n	generic-kernel-review	通用内核功能；只用目标内核源码重编，依赖/用途逐项核对	<LINUX_VERSION>-r	<LINUX_VERSION>-r	package/kernel/linux/Makefile				
kmod-igb	y	n	exclude-hardware	x86/外设驱动与固件不整体搬；板级包由 R3 Mini 选择	<LINUX_VERSION>-r	<LINUX_VERSION>-r	package/kernel/linux/Makefile	@PCI_SUPPORT +kmod-i2c-core +kmod-i2c-algo-bit +kmod-ptp +kmod-hwmon-core			
kmod-igbvf	y	n	exclude-hardware	x86/外设驱动与固件不整体搬；板级包由 R3 Mini 选择	<LINUX_VERSION>-r	<LINUX_VERSION>-r	package/kernel/linux/Makefile	@PCI_SUPPORT @TARGET_x86 +kmod-i2c-core +kmod-i2c-algo-bit +kmod-ptp			
kmod-igc	y	n	exclude-hardware	x86/外设驱动与固件不整体搬；板级包由 R3 Mini 选择	<LINUX_VERSION>-r	<LINUX_VERSION>-r	package/kernel/linux/Makefile	@PCI_SUPPORT +kmod-ptp			
kmod-inet-diag	y	y	keep-target	保留目标版本和硬件相关选择；已有包仍需检查服务配置	<LINUX_VERSION>-r	<LINUX_VERSION>-r	package/kernel/linux/Makefile				
kmod-input-core	y	n	exclude-hardware	x86/外设驱动与固件不整体搬；板级包由 R3 Mini 选择	<LINUX_VERSION>-r	<LINUX_VERSION>-r	package/kernel/linux/Makefile				
kmod-input-evdev	y	n	exclude-hardware	x86/外设驱动与固件不整体搬；板级包由 R3 Mini 选择	<LINUX_VERSION>-r	<LINUX_VERSION>-r	package/kernel/linux/Makefile	+kmod-input-core			
kmod-ip6-tunnel	y	n	generic-kernel-review	通用内核功能；只用目标内核源码重编，依赖/用途逐项核对	<LINUX_VERSION>-r	<LINUX_VERSION>-r	package/kernel/linux/Makefile	@IPV6 +kmod-iptunnel6			
kmod-ip6tables	y	y	keep-target	保留目标版本和硬件相关选择；已有包仍需检查服务配置	<LINUX_VERSION>-r	<LINUX_VERSION>-r	package/kernel/linux/Makefile	@IPV6 +kmod-nf-reject6 +kmod-nf-ipt6 +kmod-ipt-core			
kmod-ip6tables-extra	y	n	generic-kernel-review	通用内核功能；只用目标内核源码重编，依赖/用途逐项核对	<LINUX_VERSION>-r	<LINUX_VERSION>-r	package/kernel/linux/Makefile	@IPV6 +kmod-ip6tables			
kmod-ipt-compat-xtables	y	n	runtime-review	可用源码候选；核对默认启动、端口、规则和卸载路径	<LINUX_VERSION>.3.26-r1	<LINUX_VERSION>.3.26-r1	package/feeds/packages/xtables-addons/Makefile	+kmod-ipt-core +IPV6:kmod-ip6tables			iptables
kmod-ipt-conntrack	y	y	keep-target	保留目标版本和硬件相关选择；已有包仍需检查服务配置	<LINUX_VERSION>-r	<LINUX_VERSION>-r	package/kernel/linux/Makefile	+kmod-ipt-core +kmod-nf-conntrack			
kmod-ipt-conntrack-extra	y	n	runtime-review	可用源码候选；核对默认启动、端口、规则和卸载路径	<LINUX_VERSION>-r	<LINUX_VERSION>-r	package/kernel/linux/Makefile	+kmod-nf-conncount +kmod-ipt-core +kmod-ipt-conntrack			
kmod-ipt-core	y	y	keep-target	保留目标版本和硬件相关选择；已有包仍需检查服务配置	<LINUX_VERSION>-r	<LINUX_VERSION>-r	package/kernel/linux/Makefile	+kmod-nf-reject +kmod-nf-ipt +kmod-nf-log			
kmod-ipt-extra	y	n	runtime-review	可用源码候选；核对默认启动、端口、规则和卸载路径	<LINUX_VERSION>-r	<LINUX_VERSION>-r	package/kernel/linux/Makefile	+kmod-ipt-core 			
kmod-ipt-filter	y	n	runtime-review	可用源码候选；核对默认启动、端口、规则和卸载路径	<LINUX_VERSION>-r	<LINUX_VERSION>-r	package/kernel/linux/Makefile	+kmod-ipt-core +kmod-lib-textsearch +kmod-ipt-conntrack			
kmod-ipt-fullconenat	y	y	keep-target	保留目标版本和硬件相关选择；已有包仍需检查服务配置	<LINUX_VERSION>.2023.01.01~74c5e6f3c7faaf33ece451697537c81781781c20-r1	<LINUX_VERSION>.2023.01.01~74c5e6f3c7faaf33ece451697537c81781781c20-r1	package/network/utils/fullconenat/Makefile	+kmod-nf-ipt +kmod-nf-nat			
kmod-ipt-geoip	y	n	runtime-review	可用源码候选；核对默认启动、端口、规则和卸载路径	<LINUX_VERSION>.3.26-r1	<LINUX_VERSION>.3.26-r1	package/feeds/packages/xtables-addons/Makefile	+kmod-ipt-core 			iptables
kmod-ipt-ipmark	y	n	runtime-review	可用源码候选；核对默认启动、端口、规则和卸载路径	<LINUX_VERSION>.3.26-r1	<LINUX_VERSION>.3.26-r1	package/feeds/packages/xtables-addons/Makefile	+kmod-ipt-core +kmod-ipt-compat-xtables			iptables
kmod-ipt-ipopt	y	n	runtime-review	可用源码候选；核对默认启动、端口、规则和卸载路径	<LINUX_VERSION>-r	<LINUX_VERSION>-r	package/kernel/linux/Makefile	+kmod-ipt-core 			
kmod-ipt-ipset	y	n	runtime-review	可用源码候选；核对默认启动、端口、规则和卸载路径	<LINUX_VERSION>-r	<LINUX_VERSION>-r	package/kernel/linux/Makefile	+kmod-ipt-core +kmod-nfnetlink			
kmod-ipt-nat	y	y	keep-target	保留目标版本和硬件相关选择；已有包仍需检查服务配置	<LINUX_VERSION>-r	<LINUX_VERSION>-r	package/kernel/linux/Makefile	+kmod-ipt-core +kmod-nf-nat			
kmod-ipt-nat-extra	y	n	runtime-review	可用源码候选；核对默认启动、端口、规则和卸载路径	<LINUX_VERSION>-r	<LINUX_VERSION>-r	package/kernel/linux/Makefile	+kmod-ipt-core +kmod-ipt-nat			
kmod-ipt-nat6	y	y	keep-target	保留目标版本和硬件相关选择；已有包仍需检查服务配置	<LINUX_VERSION>-r	<LINUX_VERSION>-r	package/kernel/linux/Makefile	@IPV6 +kmod-ipt-core +kmod-nf-nat6 +kmod-ipt-core +kmod-ipt-conntrack +kmod-ipt-core +kmod-ipt-nat +kmod-ipt-core +kmod-ip6tables			
kmod-ipt-nfqueue	y	n	runtime-review	可用源码候选；核对默认启动、端口、规则和卸载路径	<LINUX_VERSION>-r	<LINUX_VERSION>-r	package/kernel/linux/Makefile	+kmod-ipt-core +kmod-nfnetlink-queue			
kmod-ipt-offload	y	n	runtime-review	可用源码候选；核对默认启动、端口、规则和卸载路径	<LINUX_VERSION>-r	<LINUX_VERSION>-r	package/kernel/linux/Makefile	+kmod-ipt-core +kmod-nf-flow			
kmod-ipt-proto	y	n	runtime-review	可用源码候选；核对默认启动、端口、规则和卸载路径	<LINUX_VERSION>.3.26-r1	<LINUX_VERSION>.3.26-r1	package/feeds/packages/xtables-addons/Makefile	+kmod-ipt-core 			iptables
kmod-ipt-raw	y	n	runtime-review	可用源码候选；核对默认启动、端口、规则和卸载路径	<LINUX_VERSION>-r	<LINUX_VERSION>-r	package/kernel/linux/Makefile	+kmod-ipt-core 			
kmod-ipt-tproxy	y	n	runtime-review	可用源码候选；核对默认启动、端口、规则和卸载路径	<LINUX_VERSION>-r	<LINUX_VERSION>-r	package/kernel/linux/Makefile	+kmod-nf-tproxy +kmod-nf-conntrack +kmod-ipt-core 			
kmod-iptunnel	y	n	generic-kernel-review	通用内核功能；只用目标内核源码重编，依赖/用途逐项核对	<LINUX_VERSION>-r	<LINUX_VERSION>-r	package/kernel/linux/Makefile				
kmod-iptunnel4	y	n	generic-kernel-review	通用内核功能；只用目标内核源码重编，依赖/用途逐项核对	<LINUX_VERSION>-r	<LINUX_VERSION>-r	package/kernel/linux/Makefile				
kmod-iptunnel6	y	n	generic-kernel-review	通用内核功能；只用目标内核源码重编，依赖/用途逐项核对	<LINUX_VERSION>-r	<LINUX_VERSION>-r	package/kernel/linux/Makefile	@IPV6			
kmod-ipvlan	y	n	generic-kernel-review	通用内核功能；只用目标内核源码重编，依赖/用途逐项核对	<LINUX_VERSION>-r	<LINUX_VERSION>-r	package/kernel/linux/Makefile				
kmod-ixgbe	y	n	exclude-hardware	x86/外设驱动与固件不整体搬；板级包由 R3 Mini 选择	<LINUX_VERSION>-r	<LINUX_VERSION>-r	package/kernel/linux/Makefile	@PCI_SUPPORT +kmod-mdio +kmod-ptp +kmod-hwmon-core +kmod-libphy +kmod-mdio-devres			
kmod-ixgbevf	y	n	exclude-hardware	x86/外设驱动与固件不整体搬；板级包由 R3 Mini 选择	<LINUX_VERSION>-r	<LINUX_VERSION>-r	package/kernel/linux/Makefile	@PCI_SUPPORT +kmod-ixgbe			
kmod-keys-encrypted	y	n	generic-kernel-review	通用内核功能；只用目标内核源码重编，依赖/用途逐项核对	<LINUX_VERSION>-r	<LINUX_VERSION>-r	package/kernel/linux/Makefile	@KERNEL_KEYS +kmod-crypto-cbc +kmod-crypto-hmac +kmod-crypto-rng +kmod-crypto-sha256 +kmod-keys-trusted			
kmod-keys-trusted	y	n	generic-kernel-review	通用内核功能；只用目标内核源码重编，依赖/用途逐项核对	<LINUX_VERSION>-r	<LINUX_VERSION>-r	package/kernel/linux/Makefile	@KERNEL_KEYS +kmod-crypto-hash +kmod-crypto-hmac +kmod-crypto-sha1 +kmod-tpm			
kmod-lib-cordic	y	n	exclude-hardware	x86/外设驱动与固件不整体搬；板级包由 R3 Mini 选择	<LINUX_VERSION>-r	<LINUX_VERSION>-r	package/kernel/linux/Makefile				
kmod-lib-crc-ccitt	y	y	keep-target	保留目标版本和硬件相关选择；已有包仍需检查服务配置	<LINUX_VERSION>-r	<LINUX_VERSION>-r	package/kernel/linux/Makefile				
kmod-lib-crc16	y	y	keep-target	保留目标版本和硬件相关选择；已有包仍需检查服务配置	<LINUX_VERSION>-r	<LINUX_VERSION>-r	package/kernel/linux/Makefile				
kmod-lib-crc32c	y	y	keep-target	保留目标版本和硬件相关选择；已有包仍需检查服务配置	<LINUX_VERSION>-r	<LINUX_VERSION>-r	package/kernel/linux/Makefile	+kmod-crypto-crc32c			
kmod-lib-crc8	y	n	exclude-hardware	x86/外设驱动与固件不整体搬；板级包由 R3 Mini 选择	<LINUX_VERSION>-r	<LINUX_VERSION>-r	package/kernel/linux/Makefile				
kmod-lib-lzo	y	y	keep-target	保留目标版本和硬件相关选择；已有包仍需检查服务配置	<LINUX_VERSION>-r	<LINUX_VERSION>-r	package/kernel/linux/Makefile	+kmod-crypto-acompress			
kmod-lib-objagg	y	n	exclude-hardware	x86/外设驱动与固件不整体搬；板级包由 R3 Mini 选择	<LINUX_VERSION>-r	<LINUX_VERSION>-r	package/kernel/linux/Makefile				
kmod-lib-parman	y	n	exclude-hardware	x86/外设驱动与固件不整体搬；板级包由 R3 Mini 选择	<LINUX_VERSION>-r	<LINUX_VERSION>-r	package/kernel/linux/Makefile				
kmod-lib-raid6	y	y	keep-target	保留目标版本和硬件相关选择；已有包仍需检查服务配置	<LINUX_VERSION>-r	<LINUX_VERSION>-r	package/kernel/linux/Makefile				
kmod-lib-textsearch	y	y	keep-target	保留目标版本和硬件相关选择；已有包仍需检查服务配置	<LINUX_VERSION>-r	<LINUX_VERSION>-r	package/kernel/linux/Makefile				
kmod-lib-xor	y	y	keep-target	保留目标版本和硬件相关选择；已有包仍需检查服务配置	<LINUX_VERSION>-r	<LINUX_VERSION>-r	package/kernel/linux/Makefile				
kmod-lib-xxhash	y	y	keep-target	保留目标版本和硬件相关选择；已有包仍需检查服务配置	<LINUX_VERSION>-r	<LINUX_VERSION>-r	package/kernel/linux/Makefile				
kmod-lib-zlib-deflate	y	y	keep-target	保留目标版本和硬件相关选择；已有包仍需检查服务配置	<LINUX_VERSION>-r	<LINUX_VERSION>-r	package/kernel/linux/Makefile				
kmod-lib-zlib-inflate	y	y	keep-target	保留目标版本和硬件相关选择；已有包仍需检查服务配置	<LINUX_VERSION>-r	<LINUX_VERSION>-r	package/kernel/linux/Makefile				
kmod-lib-zstd	y	y	keep-target	保留目标版本和硬件相关选择；已有包仍需检查服务配置	<LINUX_VERSION>-r	<LINUX_VERSION>-r	package/kernel/linux/Makefile	+kmod-crypto-acompress +kmod-lib-xxhash			
kmod-libphy	y	y	keep-target	保留目标版本和硬件相关选择；已有包仍需检查服务配置	<LINUX_VERSION>-r	<LINUX_VERSION>-r	package/kernel/linux/Makefile				
kmod-mac80211	y	n	exclude-hardware	x86/外设驱动与固件不整体搬；板级包由 R3 Mini 选择	<LINUX_VERSION>.6.12.52-r1	<LINUX_VERSION>.6.12.6-r2	package/kernel/mac80211/Makefile	+kmod-cfg80211 +kmod-crypto-cmac +kmod-crypto-ccm +kmod-crypto-gcm +hostapd-common			
kmod-macremapper	y	n	generic-kernel-review	通用内核功能；只用目标内核源码重编，依赖/用途逐项核对	<LINUX_VERSION>.1.1.0-r2	<LINUX_VERSION>.1.1.0-r2	package/feeds/packages/macremapper/Makefile	+kmod-cfg80211 +kmod-br-netfilter			
kmod-macvlan	y	y	keep-target	保留目标版本和硬件相关选择；已有包仍需检查服务配置	<LINUX_VERSION>-r	<LINUX_VERSION>-r	package/kernel/linux/Makefile				
kmod-md-linear	y	n	generic-kernel-review	通用内核功能；只用目标内核源码重编，依赖/用途逐项核对	<LINUX_VERSION>-r	<LINUX_VERSION>-r	package/kernel/linux/Makefile	kmod-md-mod 			
kmod-md-mod	y	n	generic-kernel-review	通用内核功能；只用目标内核源码重编，依赖/用途逐项核对	<LINUX_VERSION>-r	<LINUX_VERSION>-r	package/kernel/linux/Makefile				
kmod-md-raid0	y	n	generic-kernel-review	通用内核功能；只用目标内核源码重编，依赖/用途逐项核对	<LINUX_VERSION>-r	<LINUX_VERSION>-r	package/kernel/linux/Makefile	kmod-md-mod 			
kmod-md-raid1	y	n	generic-kernel-review	通用内核功能；只用目标内核源码重编，依赖/用途逐项核对	<LINUX_VERSION>-r	<LINUX_VERSION>-r	package/kernel/linux/Makefile	kmod-md-mod 			
kmod-md-raid10	y	n	generic-kernel-review	通用内核功能；只用目标内核源码重编，依赖/用途逐项核对	<LINUX_VERSION>-r	<LINUX_VERSION>-r	package/kernel/linux/Makefile	kmod-md-mod 			
kmod-md-raid456	y	n	generic-kernel-review	通用内核功能；只用目标内核源码重编，依赖/用途逐项核对	<LINUX_VERSION>-r	<LINUX_VERSION>-r	package/kernel/linux/Makefile	kmod-md-mod +kmod-lib-raid6 +kmod-lib-xor +kmod-lib-crc32c			
kmod-mdio	y	n	exclude-hardware	x86/外设驱动与固件不整体搬；板级包由 R3 Mini 选择	<LINUX_VERSION>-r	<LINUX_VERSION>-r	package/kernel/linux/Makefile				
kmod-mdio-devres	y	n	exclude-hardware	x86/外设驱动与固件不整体搬；板级包由 R3 Mini 选择	<LINUX_VERSION>-r	<LINUX_VERSION>-r	package/kernel/linux/Makefile	+kmod-libphy +(TARGET_armsr||TARGET_bcm27xx_bcm2708||TARGET_loongarch64||TARGET_malta||TARGET_tegra):kmod-of-mdio			
kmod-mhi-bus	y	n	exclude-hardware	x86/外设驱动与固件不整体搬；板级包由 R3 Mini 选择	<LINUX_VERSION>-r	<LINUX_VERSION>-r	package/kernel/linux/Makefile				
kmod-mhi-net	y	n	exclude-hardware	x86/外设驱动与固件不整体搬；板级包由 R3 Mini 选择	<LINUX_VERSION>-r	<LINUX_VERSION>-r	package/kernel/linux/Makefile	@PCI_SUPPORT +kmod-mhi-bus			
kmod-mhi-pci-generic	y	n	exclude-hardware	x86/外设驱动与固件不整体搬；板级包由 R3 Mini 选择	<LINUX_VERSION>-r	<LINUX_VERSION>-r	package/kernel/linux/Makefile	@PCI_SUPPORT +kmod-mhi-bus			
kmod-mhi-wwan-ctrl	y	n	exclude-hardware	x86/外设驱动与固件不整体搬；板级包由 R3 Mini 选择	<LINUX_VERSION>-r	<LINUX_VERSION>-r	package/kernel/linux/Makefile	@PCI_SUPPORT +kmod-mhi-bus +kmod-wwan			
kmod-mhi-wwan-mbim	y	n	exclude-hardware	x86/外设驱动与固件不整体搬；板级包由 R3 Mini 选择	<LINUX_VERSION>-r	<LINUX_VERSION>-r	package/kernel/linux/Makefile	@PCI_SUPPORT +kmod-mhi-bus +kmod-wwan			
kmod-mii	y	y	keep-target	保留目标版本和硬件相关选择；已有包仍需检查服务配置	<LINUX_VERSION>-r	<LINUX_VERSION>-r	package/kernel/linux/Makefile				
kmod-mlx4-core	y	n	exclude-hardware	x86/外设驱动与固件不整体搬；板级包由 R3 Mini 选择	<LINUX_VERSION>-r	<LINUX_VERSION>-r	package/kernel/linux/Makefile	@PCI_SUPPORT +kmod-ptp			
kmod-mlx5-core	y	n	exclude-hardware	x86/外设驱动与固件不整体搬；板级包由 R3 Mini 选择	<LINUX_VERSION>-r	<LINUX_VERSION>-r	package/kernel/linux/Makefile	@PCI_SUPPORT +kmod-ptp +kmod-mlxfw +kmod-hwmon-core			
kmod-mlxfw	y	n	exclude-hardware	x86/外设驱动与固件不整体搬；板级包由 R3 Mini 选择	<LINUX_VERSION>-r	<LINUX_VERSION>-r	package/kernel/linux/Makefile				
kmod-mlxsw-core	y	n	exclude-hardware	x86/外设驱动与固件不整体搬；板级包由 R3 Mini 选择	<LINUX_VERSION>-r	<LINUX_VERSION>-r	package/kernel/linux/Makefile	@TARGET_x86_64 +kmod-mlxfw +kmod-hwmon-core			
kmod-mlxsw-i2c	y	n	exclude-hardware	x86/外设驱动与固件不整体搬；板级包由 R3 Mini 选择	<LINUX_VERSION>-r	<LINUX_VERSION>-r	package/kernel/linux/Makefile	+kmod-mlxsw-core +kmod-i2c-core			
kmod-mlxsw-minimal	y	n	exclude-hardware	x86/外设驱动与固件不整体搬；板级包由 R3 Mini 选择	<LINUX_VERSION>-r	<LINUX_VERSION>-r	package/kernel/linux/Makefile	+kmod-mlxsw-i2c			
kmod-mlxsw-pci	y	n	exclude-hardware	x86/外设驱动与固件不整体搬；板级包由 R3 Mini 选择	<LINUX_VERSION>-r	<LINUX_VERSION>-r	package/kernel/linux/Makefile	@PCI_SUPPORT +kmod-mlxsw-core			
kmod-mlxsw-spectrum	y	n	exclude-hardware	x86/外设驱动与固件不整体搬；板级包由 R3 Mini 选择	<LINUX_VERSION>-r	<LINUX_VERSION>-r	package/kernel/linux/Makefile	+kmod-mlxsw-pci +kmod-lib-objagg +kmod-lib-parman +kmod-ip6-tunnel +kmod-ptp +kmod-sched-act-sample +kmod-vxlan			
kmod-mmc	y	n	exclude-hardware	x86/外设驱动与固件不整体搬；板级包由 R3 Mini 选择	<LINUX_VERSION>-r	<LINUX_VERSION>-r	package/kernel/linux/Makefile	@!TARGET_uml			
kmod-mppe	y	y	keep-target	保留目标版本和硬件相关选择；已有包仍需检查服务配置	<LINUX_VERSION>-r	<LINUX_VERSION>-r	package/kernel/linux/Makefile	kmod-ppp +kmod-crypto-arc4 +kmod-crypto-sha1 +kmod-crypto-ecb			
kmod-mtk-t7xx	y	n	exclude-hardware	x86/外设驱动与固件不整体搬；板级包由 R3 Mini 选择	<LINUX_VERSION>-r	<LINUX_VERSION>-r	package/kernel/linux/Makefile	@PCI_SUPPORT +kmod-wwan			
kmod-net-selftests	y	n	generic-kernel-review	通用内核功能；只用目标内核源码重编，依赖/用途逐项核对	<LINUX_VERSION>-r	<LINUX_VERSION>-r	package/kernel/linux/Makefile	+kmod-libphy			
kmod-netem	y	n	generic-kernel-review	通用内核功能；只用目标内核源码重编，依赖/用途逐项核对	<LINUX_VERSION>-r	<LINUX_VERSION>-r	package/kernel/linux/Makefile	+kmod-sched			
kmod-netlink-diag	y	n	generic-kernel-review	通用内核功能；只用目标内核源码重编，依赖/用途逐项核对	<LINUX_VERSION>-r	<LINUX_VERSION>-r	package/kernel/linux/Makefile				
kmod-nf-conncount	y	n	generic-kernel-review	通用内核功能；只用目标内核源码重编，依赖/用途逐项核对	<LINUX_VERSION>-r	<LINUX_VERSION>-r	package/kernel/linux/Makefile	+kmod-nf-conntrack			
kmod-nf-conntrack	y	y	keep-target	保留目标版本和硬件相关选择；已有包仍需检查服务配置	<LINUX_VERSION>-r	<LINUX_VERSION>-r	package/kernel/linux/Makefile				
kmod-nf-conntrack-netlink	y	y	keep-target	保留目标版本和硬件相关选择；已有包仍需检查服务配置	<LINUX_VERSION>-r	<LINUX_VERSION>-r	package/kernel/linux/Makefile	+kmod-nfnetlink +kmod-nf-conntrack			
kmod-nf-conntrack6	y	y	keep-target	保留目标版本和硬件相关选择；已有包仍需检查服务配置	<LINUX_VERSION>-r	<LINUX_VERSION>-r	package/kernel/linux/Makefile	@IPV6 +kmod-nf-conntrack			
kmod-nf-flow	y	y	keep-target	保留目标版本和硬件相关选择；已有包仍需检查服务配置	<LINUX_VERSION>-r	<LINUX_VERSION>-r	package/kernel/linux/Makefile	+kmod-nf-conntrack			
kmod-nf-ipt	y	y	keep-target	保留目标版本和硬件相关选择；已有包仍需检查服务配置	<LINUX_VERSION>-r	<LINUX_VERSION>-r	package/kernel/linux/Makefile				
kmod-nf-ipt6	y	y	keep-target	保留目标版本和硬件相关选择；已有包仍需检查服务配置	<LINUX_VERSION>-r	<LINUX_VERSION>-r	package/kernel/linux/Makefile	+kmod-nf-ipt +kmod-nf-log6			
kmod-nf-log	y	y	keep-target	保留目标版本和硬件相关选择；已有包仍需检查服务配置	<LINUX_VERSION>-r	<LINUX_VERSION>-r	package/kernel/linux/Makefile				
kmod-nf-log6	y	y	keep-target	保留目标版本和硬件相关选择；已有包仍需检查服务配置	<LINUX_VERSION>-r	<LINUX_VERSION>-r	package/kernel/linux/Makefile	@IPV6 +kmod-nf-log			
kmod-nf-nat	y	y	keep-target	保留目标版本和硬件相关选择；已有包仍需检查服务配置	<LINUX_VERSION>-r	<LINUX_VERSION>-r	package/kernel/linux/Makefile	+kmod-nf-conntrack			
kmod-nf-nat6	y	y	keep-target	保留目标版本和硬件相关选择；已有包仍需检查服务配置	<LINUX_VERSION>-r	<LINUX_VERSION>-r	package/kernel/linux/Makefile	@IPV6 +kmod-nf-conntrack6 +kmod-nf-nat			
kmod-nf-nathelper	y	y	keep-target	保留目标版本和硬件相关选择；已有包仍需检查服务配置	<LINUX_VERSION>-r	<LINUX_VERSION>-r	package/kernel/linux/Makefile	+kmod-nf-nat			
kmod-nf-nathelper-extra	y	y	keep-target	保留目标版本和硬件相关选择；已有包仍需检查服务配置	<LINUX_VERSION>-r	<LINUX_VERSION>-r	package/kernel/linux/Makefile	+kmod-nf-nat +kmod-lib-textsearch +kmod-asn1-decoder			
kmod-nf-reject	y	y	keep-target	保留目标版本和硬件相关选择；已有包仍需检查服务配置	<LINUX_VERSION>-r	<LINUX_VERSION>-r	package/kernel/linux/Makefile				
kmod-nf-reject6	y	y	keep-target	保留目标版本和硬件相关选择；已有包仍需检查服务配置	<LINUX_VERSION>-r	<LINUX_VERSION>-r	package/kernel/linux/Makefile	@IPV6			
kmod-nf-socket	y	y	keep-target	保留目标版本和硬件相关选择；已有包仍需检查服务配置	<LINUX_VERSION>-r	<LINUX_VERSION>-r	package/kernel/linux/Makefile				
kmod-nf-tproxy	y	y	keep-target	保留目标版本和硬件相关选择；已有包仍需检查服务配置	<LINUX_VERSION>-r	<LINUX_VERSION>-r	package/kernel/linux/Makefile				
kmod-nfnetlink	y	y	keep-target	保留目标版本和硬件相关选择；已有包仍需检查服务配置	<LINUX_VERSION>-r	<LINUX_VERSION>-r	package/kernel/linux/Makefile				
kmod-nfnetlink-queue	y	n	generic-kernel-review	通用内核功能；只用目标内核源码重编，依赖/用途逐项核对	<LINUX_VERSION>-r	<LINUX_VERSION>-r	package/kernel/linux/Makefile	+kmod-nfnetlink 			
kmod-nft-bridge	y	n	runtime-review	可用源码候选；核对默认启动、端口、规则和卸载路径	<LINUX_VERSION>-r	<LINUX_VERSION>-r	package/kernel/linux/Makefile	+kmod-nft-core			
kmod-nft-compat	y	n	runtime-review	可用源码候选；核对默认启动、端口、规则和卸载路径	<LINUX_VERSION>-r	<LINUX_VERSION>-r	package/kernel/linux/Makefile	+kmod-nft-core +kmod-nf-ipt			
kmod-nft-core	y	y	keep-target	保留目标版本和硬件相关选择；已有包仍需检查服务配置	<LINUX_VERSION>-r	<LINUX_VERSION>-r	package/kernel/linux/Makefile	+kmod-nfnetlink +kmod-nf-reject +IPV6:kmod-nf-reject6 +IPV6:kmod-nf-conntrack6 +kmod-nf-nat +kmod-nf-log +IPV6:kmod-nf-log6 +kmod-lib-crc32c			
kmod-nft-fib	y	y	keep-target	保留目标版本和硬件相关选择；已有包仍需检查服务配置	<LINUX_VERSION>-r	<LINUX_VERSION>-r	package/kernel/linux/Makefile	+kmod-nft-core			
kmod-nft-fullcone	y	n	missing-special	当前目标无此包；不是同名通用包迁移，见报告	<LINUX_VERSION>.2023.05.17~07d93b626ce5ea885cd16f9ab07fac3213c355d9-r2						
kmod-nft-nat	y	y	keep-target	保留目标版本和硬件相关选择；已有包仍需检查服务配置	<LINUX_VERSION>-r	<LINUX_VERSION>-r	package/kernel/linux/Makefile	+kmod-nft-core +kmod-nf-nat			
kmod-nft-netdev	y	n	runtime-review	可用源码候选；核对默认启动、端口、规则和卸载路径	<LINUX_VERSION>-r	<LINUX_VERSION>-r	package/kernel/linux/Makefile	+kmod-nft-core			
kmod-nft-offload	y	y	keep-target	保留目标版本和硬件相关选择；已有包仍需检查服务配置	<LINUX_VERSION>-r	<LINUX_VERSION>-r	package/kernel/linux/Makefile	@IPV6 +kmod-nf-flow +kmod-nft-nat			
kmod-nft-queue	y	n	runtime-review	可用源码候选；核对默认启动、端口、规则和卸载路径	<LINUX_VERSION>-r	<LINUX_VERSION>-r	package/kernel/linux/Makefile	+kmod-nft-core +kmod-nfnetlink-queue			
kmod-nft-socket	y	y	keep-target	保留目标版本和硬件相关选择；已有包仍需检查服务配置	<LINUX_VERSION>-r	<LINUX_VERSION>-r	package/kernel/linux/Makefile	+kmod-nft-core +kmod-nf-socket			
kmod-nft-tproxy	y	y	keep-target	保留目标版本和硬件相关选择；已有包仍需检查服务配置	<LINUX_VERSION>-r	<LINUX_VERSION>-r	package/kernel/linux/Makefile	+kmod-nft-core +kmod-nf-tproxy +kmod-nf-conntrack			
kmod-nls-base	y	y	keep-target	保留目标版本和硬件相关选择；已有包仍需检查服务配置	<LINUX_VERSION>-r	<LINUX_VERSION>-r	package/kernel/linux/Makefile				
kmod-nls-cp437	y	y	keep-target	保留目标版本和硬件相关选择；已有包仍需检查服务配置	<LINUX_VERSION>-r	<LINUX_VERSION>-r	package/kernel/linux/Makefile	+kmod-nls-base 			
kmod-nls-cp932	y	n	generic-kernel-review	通用内核功能；只用目标内核源码重编，依赖/用途逐项核对	<LINUX_VERSION>-r	<LINUX_VERSION>-r	package/kernel/linux/Makefile	+kmod-nls-base 			
kmod-nls-cp936	y	n	generic-kernel-review	通用内核功能；只用目标内核源码重编，依赖/用途逐项核对	<LINUX_VERSION>-r	<LINUX_VERSION>-r	package/kernel/linux/Makefile	+kmod-nls-base 			
kmod-nls-cp950	y	n	generic-kernel-review	通用内核功能；只用目标内核源码重编，依赖/用途逐项核对	<LINUX_VERSION>-r	<LINUX_VERSION>-r	package/kernel/linux/Makefile	+kmod-nls-base 			
kmod-nls-iso8859-1	y	y	keep-target	保留目标版本和硬件相关选择；已有包仍需检查服务配置	<LINUX_VERSION>-r	<LINUX_VERSION>-r	package/kernel/linux/Makefile	+kmod-nls-base 			
kmod-nls-ucs2-utils	y	n	generic-kernel-review	通用内核功能；只用目标内核源码重编，依赖/用途逐项核对	<LINUX_VERSION>-r	<LINUX_VERSION>-r	package/kernel/linux/Makefile	+kmod-nls-base 			
kmod-nls-utf8	y	y	keep-target	保留目标版本和硬件相关选择；已有包仍需检查服务配置	<LINUX_VERSION>-r	<LINUX_VERSION>-r	package/kernel/linux/Makefile	+kmod-nls-base 			
kmod-oid-registry	y	n	generic-kernel-review	通用内核功能；只用目标内核源码重编，依赖/用途逐项核对	<LINUX_VERSION>-r	<LINUX_VERSION>-r	package/kernel/linux/Makefile				
kmod-pcie_mhi	y	n	exclude-hardware	x86/外设驱动与固件不整体搬；板级包由 R3 Mini 选择	<LINUX_VERSION>.1.3.8-r3	<LINUX_VERSION>.1.3.6-r1	package/mtk/applications/5g-modem/quectel_MHI/Makefile	+pciids +pciutils +quectel-CM-5G			
kmod-pcnet32	y	n	exclude-hardware	x86/外设驱动与固件不整体搬；板级包由 R3 Mini 选择	<LINUX_VERSION>-r	<LINUX_VERSION>-r	package/kernel/linux/Makefile	@(PCI_SUPPORT||TARGET_malta) +kmod-mii			
kmod-pcs-xpcs	y	n	exclude-hardware	x86/外设驱动与固件不整体搬；板级包由 R3 Mini 选择	<LINUX_VERSION>-r	<LINUX_VERSION>-r	package/kernel/linux/Makefile	@(TARGET_x86_64||TARGET_armsr) +kmod-phylink			
kmod-phy-ax88796b	y	n	exclude-hardware	x86/外设驱动与固件不整体搬；板级包由 R3 Mini 选择	<LINUX_VERSION>-r	<LINUX_VERSION>-r	package/kernel/linux/Makefile	+kmod-libphy			
kmod-phy-broadcom	y	n	exclude-hardware	x86/外设驱动与固件不整体搬；板级包由 R3 Mini 选择	<LINUX_VERSION>-r	<LINUX_VERSION>-r	package/kernel/linux/Makefile	+kmod-libphy +kmod-phylib-broadcom			
kmod-phy-marvell	y	n	exclude-hardware	x86/外设驱动与固件不整体搬；板级包由 R3 Mini 选择	<LINUX_VERSION>-r	<LINUX_VERSION>-r	package/kernel/linux/Makefile	+kmod-libphy			
kmod-phy-marvell-10g	y	n	exclude-hardware	x86/外设驱动与固件不整体搬；板级包由 R3 Mini 选择	<LINUX_VERSION>-r	<LINUX_VERSION>-r	package/kernel/linux/Makefile	+kmod-libphy			
kmod-phy-microchip	y	n	exclude-hardware	x86/外设驱动与固件不整体搬；板级包由 R3 Mini 选择	<LINUX_VERSION>-r	<LINUX_VERSION>-r	package/kernel/linux/Makefile	+kmod-libphy			
kmod-phy-realtek	y	n	exclude-hardware	x86/外设驱动与固件不整体搬；板级包由 R3 Mini 选择	<LINUX_VERSION>-r	<LINUX_VERSION>-r	package/kernel/linux/Makefile	+kmod-libphy +kmod-hwmon-core			
kmod-phylib-broadcom	y	n	exclude-hardware	x86/外设驱动与固件不整体搬；板级包由 R3 Mini 选择	<LINUX_VERSION>-r	<LINUX_VERSION>-r	package/kernel/linux/Makefile	+kmod-libphy			
kmod-phylink	y	n	exclude-hardware	x86/外设驱动与固件不整体搬；板级包由 R3 Mini 选择	<LINUX_VERSION>-r	<LINUX_VERSION>-r	package/kernel/linux/Makefile	+kmod-libphy			
kmod-ppp	y	y	keep-target	保留目标版本和硬件相关选择；已有包仍需检查服务配置	<LINUX_VERSION>-r	<LINUX_VERSION>-r	package/kernel/linux/Makefile	+kmod-lib-crc-ccitt +kmod-slhc			
kmod-pppoe	y	y	keep-target	保留目标版本和硬件相关选择；已有包仍需检查服务配置	<LINUX_VERSION>-r	<LINUX_VERSION>-r	package/kernel/linux/Makefile	kmod-ppp +kmod-pppox			
kmod-pppox	y	y	keep-target	保留目标版本和硬件相关选择；已有包仍需检查服务配置	<LINUX_VERSION>-r	<LINUX_VERSION>-r	package/kernel/linux/Makefile	kmod-ppp			
kmod-pps	y	n	exclude-hardware	x86/外设驱动与固件不整体搬；板级包由 R3 Mini 选择	<LINUX_VERSION>-r	<LINUX_VERSION>-r	package/kernel/linux/Makefile				
kmod-ptp	y	n	exclude-hardware	x86/外设驱动与固件不整体搬；板级包由 R3 Mini 选择	<LINUX_VERSION>-r	<LINUX_VERSION>-r	package/kernel/linux/Makefile	+kmod-pps			
kmod-qrtr	y	n	exclude-hardware	x86/外设驱动与固件不整体搬；板级包由 R3 Mini 选择	<LINUX_VERSION>-r	<LINUX_VERSION>-r	package/kernel/linux/Makefile				
kmod-qrtr-mhi	y	n	exclude-hardware	x86/外设驱动与固件不整体搬；板级包由 R3 Mini 选择	<LINUX_VERSION>-r	<LINUX_VERSION>-r	package/kernel/linux/Makefile	+kmod-mhi-bus +kmod-qrtr			
kmod-r8101	y	n	exclude-hardware	x86/外设驱动与固件不整体搬；板级包由 R3 Mini 选择	<LINUX_VERSION>.1.039.00-r3	<LINUX_VERSION>.1.039.00-r3	package/kernel/r8101/Makefile	@PCI_SUPPORT +kmod-libphy	kmod-r8169		
kmod-r8125	y	n	exclude-hardware	x86/外设驱动与固件不整体搬；板级包由 R3 Mini 选择	<LINUX_VERSION>.9.016.01-r1	<LINUX_VERSION>.9.016.00-r1	package/kernel/r8125/Makefile	@PCI_SUPPORT +kmod-libphy	kmod-r8169 kmod-r8125-rss		
kmod-r8126	y	n	exclude-hardware	x86/外设驱动与固件不整体搬；板级包由 R3 Mini 选择	<LINUX_VERSION>.10.016.00-r1	<LINUX_VERSION>.10.015.00-r3	package/kernel/r8126/Makefile	@PCI_SUPPORT +kmod-libphy	kmod-r8169 kmod-r8126-rss		
kmod-r8168	y	n	exclude-hardware	x86/外设驱动与固件不整体搬；板级包由 R3 Mini 选择	<LINUX_VERSION>.8.055.00-r5	<LINUX_VERSION>.8.055.00-r3	package/kernel/r8168/Makefile	@PCI_SUPPORT +kmod-libphy	kmod-r8169 kmod-r8168-rss		
kmod-r8169	y	n	exclude-hardware	x86/外设驱动与固件不整体搬；板级包由 R3 Mini 选择	<LINUX_VERSION>-r	<LINUX_VERSION>-r	package/kernel/linux/Makefile	@PCI_SUPPORT +kmod-mii +r8169-firmware +kmod-phy-realtek +kmod-mdio-devres			
kmod-random-core	y	n	exclude-hardware	x86/外设驱动与固件不整体搬；板级包由 R3 Mini 选择	<LINUX_VERSION>-r	<LINUX_VERSION>-r	package/kernel/linux/Makefile				
kmod-regmap-core	y	n	exclude-hardware	x86/外设驱动与固件不整体搬；板级包由 R3 Mini 选择	<LINUX_VERSION>-r	<LINUX_VERSION>-r	package/kernel/linux/Makefile				
kmod-sched	y	n	runtime-review	可用源码候选；核对默认启动、端口、规则和卸载路径	<LINUX_VERSION>-r	<LINUX_VERSION>-r	package/kernel/linux/Makefile	+kmod-sched-core +kmod-lib-crc32c +kmod-lib-textsearch			
kmod-sched-act-sample	y	n	runtime-review	可用源码候选；核对默认启动、端口、规则和卸载路径	<LINUX_VERSION>-r	<LINUX_VERSION>-r	package/kernel/linux/Makefile	+kmod-sched-core			
kmod-sched-act-vlan	y	n	runtime-review	可用源码候选；核对默认启动、端口、规则和卸载路径	<LINUX_VERSION>-r	<LINUX_VERSION>-r	package/kernel/linux/Makefile	+kmod-sched-core			
kmod-sched-bpf	y	n	runtime-review	可用源码候选；核对默认启动、端口、规则和卸载路径	<LINUX_VERSION>-r	<LINUX_VERSION>-r	package/kernel/linux/Makefile				
kmod-sched-cake	y	n	runtime-review	可用源码候选；核对默认启动、端口、规则和卸载路径	<LINUX_VERSION>-r	<LINUX_VERSION>-r	package/kernel/linux/Makefile	+kmod-sched-core			
kmod-sched-connmark	y	n	runtime-review	可用源码候选；核对默认启动、端口、规则和卸载路径	<LINUX_VERSION>-r	<LINUX_VERSION>-r	package/kernel/linux/Makefile	+kmod-sched-core +kmod-ipt-core +kmod-ipt-conntrack-extra			
kmod-sched-core	y	n	runtime-review	可用源码候选；核对默认启动、端口、规则和卸载路径	<LINUX_VERSION>-r	<LINUX_VERSION>-r	package/kernel/linux/Makefile				
kmod-sched-ctinfo	y	n	runtime-review	可用源码候选；核对默认启动、端口、规则和卸载路径	<LINUX_VERSION>-r	<LINUX_VERSION>-r	package/kernel/linux/Makefile	+kmod-sched-core +kmod-ipt-core +kmod-ipt-conntrack-extra			
kmod-sched-flower	y	n	runtime-review	可用源码候选；核对默认启动、端口、规则和卸载路径	<LINUX_VERSION>-r	<LINUX_VERSION>-r	package/kernel/linux/Makefile	+kmod-sched-core			
kmod-sched-fq-pie	y	n	runtime-review	可用源码候选；核对默认启动、端口、规则和卸载路径	<LINUX_VERSION>-r	<LINUX_VERSION>-r	package/kernel/linux/Makefile	+kmod-sched-core +kmod-sched-pie			
kmod-sched-ipset	y	n	runtime-review	可用源码候选；核对默认启动、端口、规则和卸载路径	<LINUX_VERSION>-r	<LINUX_VERSION>-r	package/kernel/linux/Makefile	+kmod-sched-core +kmod-ipt-ipset			
kmod-sched-pie	y	n	runtime-review	可用源码候选；核对默认启动、端口、规则和卸载路径	<LINUX_VERSION>-r	<LINUX_VERSION>-r	package/kernel/linux/Makefile	+kmod-sched-core			
kmod-sched-red	y	n	runtime-review	可用源码候选；核对默认启动、端口、规则和卸载路径	<LINUX_VERSION>-r	<LINUX_VERSION>-r	package/kernel/linux/Makefile	+kmod-sched-core			
kmod-scsi-core	y	y	keep-target	保留目标版本和硬件相关选择；已有包仍需检查服务配置	<LINUX_VERSION>-r	<LINUX_VERSION>-r	package/kernel/linux/Makefile				
kmod-sfp	y	n	exclude-hardware	x86/外设驱动与固件不整体搬；板级包由 R3 Mini 选择	<LINUX_VERSION>-r	<LINUX_VERSION>-r	package/kernel/linux/Makefile	+kmod-i2c-core +kmod-hwmon-core +kmod-phylink			
kmod-sit	y	n	generic-kernel-review	通用内核功能；只用目标内核源码重编，依赖/用途逐项核对	<LINUX_VERSION>-r	<LINUX_VERSION>-r	package/kernel/linux/Makefile	@IPV6 +kmod-iptunnel +kmod-iptunnel4			
kmod-slhc	y	y	keep-target	保留目标版本和硬件相关选择；已有包仍需检查服务配置	<LINUX_VERSION>-r	<LINUX_VERSION>-r	package/kernel/linux/Makefile	+kmod-lib-crc-ccitt			
kmod-ssb	y	n	exclude-hardware	x86/外设驱动与固件不整体搬；板级包由 R3 Mini 选择	<LINUX_VERSION>-r	<LINUX_VERSION>-r	package/kernel/linux/Makefile	@PCI_SUPPORT @!TARGET_bcm47xx @!TARGET_bcm63xx			
kmod-stmmac-core	y	n	exclude-hardware	x86/外设驱动与固件不整体搬；板级包由 R3 Mini 选择	<LINUX_VERSION>-r	<LINUX_VERSION>-r	package/kernel/linux/Makefile	@TARGET_x86_64||TARGET_armsr +kmod-pcs-xpcs +kmod-ptp			
kmod-tcp-bbr	y	n	generic-kernel-review	通用内核功能；只用目标内核源码重编，依赖/用途逐项核对	<LINUX_VERSION>-r	<LINUX_VERSION>-r	package/kernel/linux/Makefile				
kmod-tg3	y	n	exclude-hardware	x86/外设驱动与固件不整体搬；板级包由 R3 Mini 选择	<LINUX_VERSION>-r	<LINUX_VERSION>-r	package/kernel/linux/Makefile	@PCI_SUPPORT +!TARGET_bcm47xx:kmod-libphy +kmod-ptp			
kmod-tls	y	n	generic-kernel-review	通用内核功能；只用目标内核源码重编，依赖/用途逐项核对	<LINUX_VERSION>-r	<LINUX_VERSION>-r	package/kernel/linux/Makefile				
kmod-tpm	y	n	exclude-hardware	x86/外设驱动与固件不整体搬；板级包由 R3 Mini 选择	<LINUX_VERSION>-r	<LINUX_VERSION>-r	package/kernel/linux/Makefile	+kmod-random-core +kmod-asn1-decoder +kmod-asn1-encoder +kmod-oid-registry			
kmod-tulip	y	n	exclude-hardware	x86/外设驱动与固件不整体搬；板级包由 R3 Mini 选择	<LINUX_VERSION>-r	<LINUX_VERSION>-r	package/kernel/linux/Makefile	@PCI_SUPPORT +kmod-mii			
kmod-tun	y	n	generic-kernel-review	通用内核功能；只用目标内核源码重编，依赖/用途逐项核对	<LINUX_VERSION>-r	<LINUX_VERSION>-r	package/kernel/linux/Makefile				
kmod-udptunnel4	y	y	keep-target	保留目标版本和硬件相关选择；已有包仍需检查服务配置	<LINUX_VERSION>-r	<LINUX_VERSION>-r	package/kernel/linux/Makefile				
kmod-udptunnel6	y	y	keep-target	保留目标版本和硬件相关选择；已有包仍需检查服务配置	<LINUX_VERSION>-r	<LINUX_VERSION>-r	package/kernel/linux/Makefile	@IPV6			
kmod-usb-acm	y	y	keep-target	保留目标版本和硬件相关选择；已有包仍需检查服务配置	<LINUX_VERSION>-r	<LINUX_VERSION>-r	package/kernel/linux/Makefile	+kmod-usb-core 			
kmod-usb-core	y	y	keep-target	保留目标版本和硬件相关选择；已有包仍需检查服务配置	<LINUX_VERSION>-r	<LINUX_VERSION>-r	package/kernel/linux/Makefile	@USB_SUPPORT +kmod-nls-base 			
kmod-usb-ehci	y	y	keep-target	保留目标版本和硬件相关选择；已有包仍需检查服务配置	<LINUX_VERSION>-r	<LINUX_VERSION>-r	package/kernel/linux/Makefile	+kmod-usb-core 			
kmod-usb-hid	y	n	exclude-hardware	x86/外设驱动与固件不整体搬；板级包由 R3 Mini 选择	<LINUX_VERSION>-r	<LINUX_VERSION>-r	package/kernel/linux/Makefile	+kmod-hid +kmod-hid-generic +kmod-input-evdev +kmod-usb-core 			
kmod-usb-net	y	y	keep-target	保留目标版本和硬件相关选择；已有包仍需检查服务配置	<LINUX_VERSION>-r	<LINUX_VERSION>-r	package/kernel/linux/Makefile	+kmod-mii +kmod-usb-core 			
kmod-usb-net-aqc111	y	n	optional-peripheral	按实际 USB 外设选取；不是主板必要适配	<LINUX_VERSION>-r	<LINUX_VERSION>-r	package/kernel/linux/Makefile	+kmod-libphy +kmod-usb-net 			
kmod-usb-net-asix	y	n	optional-peripheral	按实际 USB 外设选取；不是主板必要适配	<LINUX_VERSION>-r	<LINUX_VERSION>-r	package/kernel/linux/Makefile	+kmod-libphy +kmod-net-selftests +kmod-mdio-devres +kmod-phy-ax88796b +kmod-phylink +kmod-usb-net 			
kmod-usb-net-asix-ax88179	y	n	optional-peripheral	按实际 USB 外设选取；不是主板必要适配	<LINUX_VERSION>-r	<LINUX_VERSION>-r	package/kernel/linux/Makefile	+kmod-libphy +kmod-usb-net 			
kmod-usb-net-cdc-eem	y	n	optional-peripheral	按实际 USB 外设选取；不是主板必要适配	<LINUX_VERSION>-r	<LINUX_VERSION>-r	package/kernel/linux/Makefile	+kmod-usb-net 			
kmod-usb-net-cdc-ether	y	y	keep-target	保留目标版本和硬件相关选择；已有包仍需检查服务配置	<LINUX_VERSION>-r	<LINUX_VERSION>-r	package/kernel/linux/Makefile	+kmod-usb-net 			
kmod-usb-net-cdc-mbim	y	y	keep-target	保留目标版本和硬件相关选择；已有包仍需检查服务配置	<LINUX_VERSION>-r	<LINUX_VERSION>-r	package/kernel/linux/Makefile	+kmod-usb-net +kmod-usb-wdm +kmod-usb-net-cdc-ncm			
kmod-usb-net-cdc-ncm	y	y	keep-target	保留目标版本和硬件相关选择；已有包仍需检查服务配置	<LINUX_VERSION>-r	<LINUX_VERSION>-r	package/kernel/linux/Makefile	+kmod-usb-net +kmod-usb-net-cdc-ether			
kmod-usb-net-cdc-subset	y	n	optional-peripheral	按实际 USB 外设选取；不是主板必要适配	<LINUX_VERSION>-r	<LINUX_VERSION>-r	package/kernel/linux/Makefile	+kmod-usb-net 			
kmod-usb-net-dm9601-ether	y	n	optional-peripheral	按实际 USB 外设选取；不是主板必要适配	<LINUX_VERSION>-r	<LINUX_VERSION>-r	package/kernel/linux/Makefile	+kmod-usb-net 			
kmod-usb-net-hso	y	n	optional-peripheral	按实际 USB 外设选取；不是主板必要适配	<LINUX_VERSION>-r	<LINUX_VERSION>-r	package/kernel/linux/Makefile	+kmod-usb-net  +USE_RFKILL:kmod-rfkill 			
kmod-usb-net-huawei-cdc-ncm	y	y	keep-target	保留目标版本和硬件相关选择；已有包仍需检查服务配置	<LINUX_VERSION>-r	<LINUX_VERSION>-r	package/kernel/linux/Makefile	+kmod-usb-net +kmod-usb-net-cdc-ncm +kmod-usb-wdm			
kmod-usb-net-ipheth	y	n	optional-peripheral	按实际 USB 外设选取；不是主板必要适配	<LINUX_VERSION>-r	<LINUX_VERSION>-r	package/kernel/linux/Makefile	+kmod-usb-net 			
kmod-usb-net-kalmia	y	n	optional-peripheral	按实际 USB 外设选取；不是主板必要适配	<LINUX_VERSION>-r	<LINUX_VERSION>-r	package/kernel/linux/Makefile	+kmod-usb-net 			
kmod-usb-net-kaweth	y	n	optional-peripheral	按实际 USB 外设选取；不是主板必要适配	<LINUX_VERSION>-r	<LINUX_VERSION>-r	package/kernel/linux/Makefile	+kmod-usb-net 			
kmod-usb-net-lan78xx	y	n	optional-peripheral	按实际 USB 外设选取；不是主板必要适配	<LINUX_VERSION>-r	<LINUX_VERSION>-r	package/kernel/linux/Makefile	+kmod-fixed-phy +kmod-phy-microchip +PACKAGE_kmod-of-mdio:kmod-of-mdio +kmod-usb-net 			
kmod-usb-net-mcs7830	y	n	optional-peripheral	按实际 USB 外设选取；不是主板必要适配	<LINUX_VERSION>-r	<LINUX_VERSION>-r	package/kernel/linux/Makefile	+kmod-usb-net 			
kmod-usb-net-pegasus	y	n	optional-peripheral	按实际 USB 外设选取；不是主板必要适配	<LINUX_VERSION>-r	<LINUX_VERSION>-r	package/kernel/linux/Makefile	+kmod-usb-net 			
kmod-usb-net-pl	y	n	optional-peripheral	按实际 USB 外设选取；不是主板必要适配	<LINUX_VERSION>-r	<LINUX_VERSION>-r	package/kernel/linux/Makefile	+kmod-usb-net 			
kmod-usb-net-qmi-wwan	y	y	keep-target	保留目标版本和硬件相关选择；已有包仍需检查服务配置	<LINUX_VERSION>-r	<LINUX_VERSION>-r	package/kernel/linux/Makefile	+kmod-usb-net +kmod-usb-wdm			
kmod-usb-net-qmi-wwan-fibocom	y	n	modem-review	保留 ModemManager 单一拨号管理；诊断工具可按需保留	<LINUX_VERSION>.1.0.5-r2	<LINUX_VERSION>.1.0.5-r2	package/feeds/packages/fibocom-qmi-wwan/Makefile	+kmod-usb-net +kmod-usb-wdm			
kmod-usb-net-qmi-wwan-quectel	y	n	modem-review	保留 ModemManager 单一拨号管理；诊断工具可按需保留	<LINUX_VERSION>.1.2.9-r1	<LINUX_VERSION>.1.2.9-r1	package/feeds/packages/quectel-qmi-wwan/Makefile	+kmod-usb-net +kmod-usb-wdm			
kmod-usb-net-rndis	y	y	keep-target	保留目标版本和硬件相关选择；已有包仍需检查服务配置	<LINUX_VERSION>-r	<LINUX_VERSION>-r	package/kernel/linux/Makefile	+kmod-usb-net +kmod-usb-net-cdc-ether			
kmod-usb-net-rtl8150	y	n	optional-peripheral	按实际 USB 外设选取；不是主板必要适配	<LINUX_VERSION>-r	<LINUX_VERSION>-r	package/kernel/linux/Makefile	+kmod-usb-net 			
kmod-usb-net-rtl8152	y	n	optional-peripheral	按实际 USB 外设选取；不是主板必要适配	<LINUX_VERSION>-r	<LINUX_VERSION>-r	package/kernel/linux/Makefile	+r8152-firmware +kmod-crypto-sha256 +kmod-usb-net-cdc-ncm +kmod-usb-net 			
kmod-usb-net-sierrawireless	y	y	keep-target	保留目标版本和硬件相关选择；已有包仍需检查服务配置	<LINUX_VERSION>-r	<LINUX_VERSION>-r	package/kernel/linux/Makefile	+kmod-usb-net 			
kmod-usb-printer	y	n	optional-peripheral	按实际 USB 外设选取；不是主板必要适配	<LINUX_VERSION>-r	<LINUX_VERSION>-r	package/kernel/linux/Makefile	+kmod-usb-core 			
kmod-usb-serial	y	y	keep-target	保留目标版本和硬件相关选择；已有包仍需检查服务配置	<LINUX_VERSION>-r	<LINUX_VERSION>-r	package/kernel/linux/Makefile	+kmod-usb-core 			
kmod-usb-serial-option	y	y	keep-target	保留目标版本和硬件相关选择；已有包仍需检查服务配置	<LINUX_VERSION>-r	<LINUX_VERSION>-r	package/kernel/linux/Makefile	+kmod-usb-serial +kmod-usb-serial-wwan			
kmod-usb-serial-qualcomm	y	y	keep-target	保留目标版本和硬件相关选择；已有包仍需检查服务配置	<LINUX_VERSION>-r	<LINUX_VERSION>-r	package/kernel/linux/Makefile	+kmod-usb-serial +kmod-usb-serial-wwan			
kmod-usb-serial-sierrawireless	y	y	keep-target	保留目标版本和硬件相关选择；已有包仍需检查服务配置	<LINUX_VERSION>-r	<LINUX_VERSION>-r	package/kernel/linux/Makefile	+kmod-usb-serial 			
kmod-usb-serial-wwan	y	y	keep-target	保留目标版本和硬件相关选择；已有包仍需检查服务配置	<LINUX_VERSION>-r	<LINUX_VERSION>-r	package/kernel/linux/Makefile	+kmod-usb-serial 			
kmod-usb-storage	y	y	keep-target	保留目标版本和硬件相关选择；已有包仍需检查服务配置	<LINUX_VERSION>-r	<LINUX_VERSION>-r	package/kernel/linux/Makefile	+kmod-scsi-core +kmod-usb-core 			
kmod-usb-storage-extras	y	y	keep-target	保留目标版本和硬件相关选择；已有包仍需检查服务配置	<LINUX_VERSION>-r	<LINUX_VERSION>-r	package/kernel/linux/Makefile	+kmod-usb-storage			
kmod-usb-storage-uas	y	y	keep-target	保留目标版本和硬件相关选择；已有包仍需检查服务配置	<LINUX_VERSION>-r	<LINUX_VERSION>-r	package/kernel/linux/Makefile	+kmod-usb-storage			
kmod-usb-wdm	y	y	keep-target	保留目标版本和硬件相关选择；已有包仍需检查服务配置	<LINUX_VERSION>-r	<LINUX_VERSION>-r	package/kernel/linux/Makefile	+kmod-usb-core 			
kmod-usb-xhci-hcd	y	y	keep-target	保留目标版本和硬件相关选择；已有包仍需检查服务配置	<LINUX_VERSION>-r	<LINUX_VERSION>-r	package/kernel/linux/Makefile	+kmod-usb-core 			
kmod-usb2	y	y	keep-target	保留目标版本和硬件相关选择；已有包仍需检查服务配置	<LINUX_VERSION>-r	<LINUX_VERSION>-r	package/kernel/linux/Makefile	+TARGET_bcm47xx:kmod-usb-bcma +TARGET_bcm47xx:kmod-usb-ssb +TARGET_bcm53xx:kmod-usb-bcma +TARGET_bcm53xx:kmod-phy-bcm-ns-usb2 +TARGET_ath79:kmod-phy-ath79-usb +kmod-usb-ehci +kmod-usb-core 			
kmod-usb3	y	y	keep-target	保留目标版本和硬件相关选择；已有包仍需检查服务配置	<LINUX_VERSION>-r	<LINUX_VERSION>-r	package/kernel/linux/Makefile	+kmod-usb-xhci-hcd +TARGET_bcm53xx:kmod-usb-bcma +TARGET_bcm53xx:kmod-phy-bcm-ns-usb3 +TARGET_ramips_mt7621:kmod-usb-xhci-mtk +TARGET_mediatek:kmod-usb-xhci-mtk +TARGET_apm821xx_nand:kmod-usb-xhci-pci-renesas +TARGET_lantiq_xrx200:kmod-usb-xhci-pci-renesas +TARGET_mvebu_cortexa9:kmod-usb-xhci-pci-renesas +kmod-usb-core 			
kmod-usbip	y	n	generic-kernel-review	通用内核功能；只用目标内核源码重编，依赖/用途逐项核对	<LINUX_VERSION>-r	<LINUX_VERSION>-r	package/kernel/linux/Makefile	+kmod-usb-core 			
kmod-usbip-client	y	n	generic-kernel-review	通用内核功能；只用目标内核源码重编，依赖/用途逐项核对	<LINUX_VERSION>-r	<LINUX_VERSION>-r	package/kernel/linux/Makefile	+kmod-usbip +kmod-usb-core 			
kmod-usbip-server	y	n	generic-kernel-review	通用内核功能；只用目标内核源码重编，依赖/用途逐项核对	<LINUX_VERSION>-r	<LINUX_VERSION>-r	package/kernel/linux/Makefile	+kmod-usbip +kmod-usb-core 			
kmod-usbmon	y	n	generic-kernel-review	通用内核功能；只用目标内核源码重编，依赖/用途逐项核对	<LINUX_VERSION>-r	<LINUX_VERSION>-r	package/kernel/linux/Makefile	+kmod-usb-core 			
kmod-veth	y	y	keep-target	保留目标版本和硬件相关选择；已有包仍需检查服务配置	<LINUX_VERSION>-r	<LINUX_VERSION>-r	package/kernel/linux/Makefile				
kmod-vmxnet3	y	n	exclude-hardware	x86/外设驱动与固件不整体搬；板级包由 R3 Mini 选择	<LINUX_VERSION>-r	<LINUX_VERSION>-r	package/kernel/linux/Makefile	@PCI_SUPPORT			
kmod-vxlan	y	n	generic-kernel-review	通用内核功能；只用目标内核源码重编，依赖/用途逐项核对	<LINUX_VERSION>-r	<LINUX_VERSION>-r	package/kernel/linux/Makefile	+kmod-iptunnel +kmod-udptunnel4 +IPV6:kmod-udptunnel6			
kmod-wireguard	y	y	keep-target	保留目标版本和硬件相关选择；已有包仍需检查服务配置	<LINUX_VERSION>-r	<LINUX_VERSION>-r	package/kernel/linux/Makefile	+kmod-crypto-lib-chacha20poly1305 +kmod-crypto-lib-curve25519 +kmod-udptunnel4 +IPV6:kmod-udptunnel6			
kmod-wwan	y	n	exclude-hardware	x86/外设驱动与固件不整体搬；板级包由 R3 Mini 选择	<LINUX_VERSION>-r	<LINUX_VERSION>-r	package/kernel/linux/Makefile				
kmod-zram	y	n	generic-kernel-review	通用内核功能；只用目标内核源码重编，依赖/用途逐项核对	<LINUX_VERSION>-r	<LINUX_VERSION>-r	package/kernel/linux/Makefile				
libacl	y	n	dependency	用目标构建系统重算依赖；Python/Perl 功能模块可按需补全	2.3.2-r2	2.3.2-r2	package/feeds/packages/acl/Makefile	+libc +libattr			
libatomic	y	y	keep-target	保留目标版本和硬件相关选择；已有包仍需检查服务配置	<LIBGCC_VERSION>-r4	<LIBGCC_VERSION>-r4	package/libs/toolchain/Makefile	+libgcc			
libattr	y	y	keep-target	保留目标版本和硬件相关选择；已有包仍需检查服务配置	2.5.2-r3	2.5.2-r3	package/feeds/packages/attr/Makefile	+libc 			
libavahi-client	y	n	dependency	用目标构建系统重算依赖；Python/Perl 功能模块可按需补全	0.9_rc4-r1	0.9_rc5-r1	package/feeds/packages/avahi/Makefile	+libc +avahi-dbus-daemon			
libavahi-dbus-support	y	n	dependency	用目标构建系统重算依赖；Python/Perl 功能模块可按需补全	0.9_rc4-r1	0.9_rc5-r1	package/feeds/packages/avahi/Makefile	+libc +dbus	libavahi		
libblkid	y	y	keep-target	保留目标版本和硬件相关选择；已有包仍需检查服务配置	2.40.2-r1	2.40.2-r1	package/utils/util-linux/Makefile	+libc +libuuid			
libblobmsg-json	y	y	keep-target	保留目标版本和硬件相关选择；已有包仍需检查服务配置	2025.07.23~49056d178f42da98048a5d4c23f83a6f6bc6dd80-r1	2024.12.19~3868f47c8f6c6570e62a3cdf8a7f26ffb1a67e6a-r1	package/libs/libubox/Makefile	+libc +libjson-c +libubox			lua
libbpf	y	n	dependency	用目标构建系统重算依赖；Python/Perl 功能模块可按需补全	1.5.0-r1	1.5.0-r1	package/libs/libbpf/Makefile	+libc +libelf			
libbz2	y	n	dependency	用目标构建系统重算依赖；Python/Perl 功能模块可按需补全	1.0.8-r1	1.0.8-r1	package/utils/bzip2/Makefile	+libc 			
libc	y	y	keep-target	保留目标版本和硬件相关选择；已有包仍需检查服务配置	<LIBC_VERSION>-r4	<LIBC_VERSION>-r4	package/libs/toolchain/Makefile	+libgcc			
libcap	y	y	keep-target	保留目标版本和硬件相关选择；已有包仍需检查服务配置	2.69-r1	2.69-r1	package/libs/libcap/Makefile	+libc 			
libcap-ng	y	n	dependency	用目标构建系统重算依赖；Python/Perl 功能模块可按需补全	0.8.4-r1	0.8.4-r1	package/feeds/packages/libcap-ng/Makefile	+libc 			
libcares	y	n	dependency	用目标构建系统重算依赖；Python/Perl 功能模块可按需补全	1.34.6-r1	1.34.6-r1	package/feeds/packages/c-ares/Makefile	+libc 			
libcbor	y	n	dependency	用目标构建系统重算依赖；Python/Perl 功能模块可按需补全	0.11.0-r2	0.11.0-r2	package/feeds/packages/libcbor/Makefile	+libc 			
libcomerr	y	y	keep-target	保留目标版本和硬件相关选择；已有包仍需检查服务配置	1.47.0-r2	1.47.0-r2	package/utils/e2fsprogs/Makefile	+libc +libuuid			util-linux
libcups	y	n	dependency	用目标构建系统重算依赖；Python/Perl 功能模块可按需补全	2.3.3-r1	2.3.3-r1	package/feeds/packages/cups/Makefile	+libc +libpthread +libpng +libjpeg +zlib			
libcupsimage	y	n	dependency	用目标构建系统重算依赖；Python/Perl 功能模块可按需补全	2.3.3-r1	2.3.3-r1	package/feeds/packages/cups/Makefile	+libc +libcups			
libcurl	y	y	keep-target	保留目标版本和硬件相关选择；已有包仍需检查服务配置	8.12.1-r1	8.19.0-r2	package/feeds/packages/curl/Makefile	+libc +LIBCURL_WOLFSSL:libwolfssl +LIBCURL_OPENSSL:libopenssl +LIBCURL_GNUTLS:libgnutls +LIBCURL_MBEDTLS:libmbedtls +LIBCURL_ZLIB:zlib +LIBCURL_ZSTD:libzstd +LIBCURL_THREADED_RESOLVER:libpthread +LIBCURL_LDAP:libopenldap +LIBCURL_LIBIDN2:libidn2 +LIBCURL_SSH2:libssh2 +LIBCURL_HTTP2:libnghttp2 +LIBCURL_HTTP3:libnghttp3 +LIBCURL_HTTP3:libngtcp2 +ca-bundle			
libdaemon	y	n	dependency	用目标构建系统重算依赖；Python/Perl 功能模块可按需补全	0.14-r5	0.14-r5	package/feeds/packages/libdaemon/Makefile	+libc 			
libdbus	y	y	keep-target	保留目标版本和硬件相关选择；已有包仍需检查服务配置	1.14.10-r2	1.14.10-r2	package/feeds/packages/dbus/Makefile	+libc +libpthread			
libdcwproto	y	n	dependency	用目标构建系统重算依赖；Python/Perl 功能模块可按需补全	1.1.0-r1	1.1.0-r1	package/feeds/packages/libdcwproto/Makefile	+libc +kmod-macremapper			
libdcwsocket	y	n	dependency	用目标构建系统重算依赖；Python/Perl 功能模块可按需补全	1.1.0-r2	1.1.0-r2	package/feeds/packages/libdcwsocket/Makefile	+libc 			
libdevmapper	y	n	dependency	用目标构建系统重算依赖；Python/Perl 功能模块可按需补全	1.02.199	1.02.199	package/feeds/packages/lvm2/Makefile	+libc +kmod-dm +libpthread +libuuid +librt +libblkid			
libe2p	y	y	keep-target	保留目标版本和硬件相关选择；已有包仍需检查服务配置	1.47.0-r2	1.47.0-r2	package/utils/e2fsprogs/Makefile	+libc +libuuid			util-linux
libedit	m	n	dependency	用目标构建系统重算依赖；Python/Perl 功能模块可按需补全	20250104.3.1-r1	20250104.3.1-r1	package/feeds/packages/libedit/Makefile	+libc +libncurses			
libelf	y	n	dependency	用目标构建系统重算依赖；Python/Perl 功能模块可按需补全	0.192-r1	0.192-r1	package/libs/elfutils/Makefile	+libc +BUILD_NLS:libintl-full +zlib	libelf1		!USE_GLIBC:argp-standalone
libev	y	n	dependency	用目标构建系统重算依赖；Python/Perl 功能模块可按需补全	4.33-r2	4.33-r2	package/feeds/packages/libev/Makefile	+libc 			
libevdev	y	y	keep-target	保留目标版本和硬件相关选择；已有包仍需检查服务配置	1.13.1-r1	1.13.1-r1	package/feeds/packages/libevdev/Makefile	+libc 			
libevent2	y	n	dependency	用目标构建系统重算依赖；Python/Perl 功能模块可按需补全	2.1.12-r2	2.1.12-r2	package/libs/libevent2/Makefile	+libc 			
libevent2-core	y	n	dependency	用目标构建系统重算依赖；Python/Perl 功能模块可按需补全	2.1.12-r2	2.1.12-r2	package/libs/libevent2/Makefile	+libc 			
libevent2-pthreads	y	n	dependency	用目标构建系统重算依赖；Python/Perl 功能模块可按需补全	2.1.12-r2	2.1.12-r2	package/libs/libevent2/Makefile	+libc +libpthread +libevent2-core			
libexpat	y	y	keep-target	保留目标版本和硬件相关选择；已有包仍需检查服务配置	2.7.4-r1	2.8.2-r1	package/feeds/packages/expat/Makefile	+libc 			
libext2fs	y	y	keep-target	保留目标版本和硬件相关选择；已有包仍需检查服务配置	1.47.0-r2	1.47.0-r2	package/utils/e2fsprogs/Makefile	+libc +libuuid +libblkid +libss +libcomerr			util-linux
libf2fs	y	y	keep-target	保留目标版本和硬件相关选择；已有包仍需检查服务配置	1.16.0-r3	1.16.0-r3	package/utils/f2fs-tools/Makefile	+libc +libuuid		libf2fs-selinux	
libfdisk	y	y	keep-target	保留目标版本和硬件相关选择；已有包仍需检查服务配置	2.40.2-r1	2.40.2-r1	package/utils/util-linux/Makefile	+libc +libuuid +libblkid			
libffi	y	y	keep-target	保留目标版本和硬件相关选择；已有包仍需检查服务配置	3.4.7-r1	3.4.7-r1	package/feeds/packages/libffi/Makefile	+libc 			
libfido2	y	n	dependency	用目标构建系统重算依赖；Python/Perl 功能模块可按需补全	1.14.0-r1	1.14.0-r1	package/feeds/packages/libfido2/Makefile	+libc +libcbor +libopenssl +libudev +zlib			
libfreetype	y	n	dependency	用目标构建系统重算依赖；Python/Perl 功能模块可按需补全	2.13.3-r1	2.13.3-r1	package/feeds/packages/freetype/Makefile	+libc +zlib +libpng			
libfuse	y	n	dependency	用目标构建系统重算依赖；Python/Perl 功能模块可按需补全	2.9.9-r2	2.9.9-r2	package/feeds/packages/fuse/Makefile	+libc +kmod-fuse +libpthread			
libfuse3	y	n	dependency	用目标构建系统重算依赖；Python/Perl 功能模块可按需补全	3.16.2-r1	3.16.2-r1	package/feeds/packages/fuse3/Makefile	+libc +kmod-fuse +libpthread			
libgcc	y	y	keep-target	保留目标版本和硬件相关选择；已有包仍需检查服务配置	<LIBGCC_VERSION>-r4	<LIBGCC_VERSION>-r4	package/libs/toolchain/Makefile				
libgcrypt	y	n	dependency	用目标构建系统重算依赖；Python/Perl 功能模块可按需补全	1.10.3-r1	1.10.3-r1	package/feeds/packages/libgcrypt/Makefile	+libc +libgpg-error			
libgdbm	y	n	dependency	用目标构建系统重算依赖；Python/Perl 功能模块可按需补全	1.23-r1	1.23-r1	package/feeds/packages/gdbm/Makefile	+libc 			
libgmp	y	y	keep-target	保留目标版本和硬件相关选择；已有包仍需检查服务配置	6.3.0-r1	6.3.0-r1	package/libs/gmp/Makefile	+libc 			
libgnutls	y	n	dependency	用目标构建系统重算依赖；Python/Perl 功能模块可按需补全	3.8.5-r1	3.8.5-r1	package/feeds/packages/gnutls/Makefile	+libc +libnettle +!LIBNETTLE_MINI:libgmp +GNUTLS_EXT_LIBTASN1:libtasn1 +GNUTLS_PKCS11:p11-kit +GNUTLS_CRYPTODEV:kmod-cryptodev +libatomic			gettext-full/host
libgpg-error	y	n	dependency	用目标构建系统重算依赖；Python/Perl 功能模块可按需补全	1.49-r1	1.49-r1	package/feeds/packages/libgpg-error/Makefile	+libc 			
libhwloc	y	n	dependency	用目标构建系统重算依赖；Python/Perl 功能模块可按需补全	2.10.0-r1	2.10.0-r1	package/feeds/packages/hwloc/Makefile	+libc +libpciaccess			
libiconv-full	y	n	dependency	用目标构建系统重算依赖；Python/Perl 功能模块可按需补全	1.17-r2	1.17-r2	package/libs/libiconv-full/Makefile	+libc 			
libinih	y	n	dependency	用目标构建系统重算依赖；Python/Perl 功能模块可按需补全	61-r1	61-r1	package/feeds/packages/inih/Makefile	+libc 			
libip4tc	m	n	dependency	用目标构建系统重算依赖；Python/Perl 功能模块可按需补全	1.8.10-r1	1.8.10-r1	package/network/utils/iptables/Makefile	+libc 			
libip6tc	m	n	dependency	用目标构建系统重算依赖；Python/Perl 功能模块可按需补全	1.8.10-r1	1.8.10-r1	package/network/utils/iptables/Makefile	+libc 			
libiperf3	y	n	dependency	用目标构建系统重算依赖；Python/Perl 功能模块可按需补全	3.17.1-r4	3.17.1-r4	package/feeds/packages/iperf3/Makefile	+libc +libatomic			
libipset	y	n	dependency	用目标构建系统重算依赖；Python/Perl 功能模块可按需补全	7.21-r1	7.21-r1	package/network/utils/ipset/Makefile	+libc +kmod-ipt-ipset +libmnl			
libiptext	y	n	dependency	用目标构建系统重算依赖；Python/Perl 功能模块可按需补全	1.8.10-r1	1.8.10-r1	package/network/utils/iptables/Makefile	+libc +libxtables			
libiptext-nft	y	n	dependency	用目标构建系统重算依赖；Python/Perl 功能模块可按需补全	1.8.10-r1	1.8.10-r1	package/network/utils/iptables/Makefile	+libc +libxtables			
libiptext6	y	n	dependency	用目标构建系统重算依赖；Python/Perl 功能模块可按需补全	1.8.10-r1	1.8.10-r1	package/network/utils/iptables/Makefile	+libc +libxtables			
libiwinfo	y	y	keep-target	保留目标版本和硬件相关选择；已有包仍需检查服务配置	2024.10.20~b94f066e3f5839b8509483cdd8f4f582a45fa233-r1	2024.10.20~b94f066e3f5839b8509483cdd8f4f582a45fa233-r1	package/network/utils/iwinfo/Makefile	+libc +libnl-tiny +libuci +libubus +libiwinfo-data			
libiwinfo-data	y	y	keep-target	保留目标版本和硬件相关选择；已有包仍需检查服务配置	2024.10.20~b94f066e3f5839b8509483cdd8f4f582a45fa233-r1	2024.10.20~b94f066e3f5839b8509483cdd8f4f582a45fa233-r1	package/network/utils/iwinfo/Makefile	+libc 			
libjpeg-turbo	y	n	dependency	用目标构建系统重算依赖；Python/Perl 功能模块可按需补全	3.0.3-r1	3.0.3-r1	package/feeds/packages/libjpeg-turbo/Makefile	+libc 	libjpeg		
libjson-c	y	y	keep-target	保留目标版本和硬件相关选择；已有包仍需检查服务配置	0.18-r1	0.18-r1	package/libs/libjson-c/Makefile	+libc 			
libjson-script	y	y	keep-target	保留目标版本和硬件相关选择；已有包仍需检查服务配置	2025.07.23~49056d178f42da98048a5d4c23f83a6f6bc6dd80-r1	2024.12.19~3868f47c8f6c6570e62a3cdf8a7f26ffb1a67e6a-r1	package/libs/libubox/Makefile	+libc +libubox			lua
libkeyutils	y	n	dependency	用目标构建系统重算依赖；Python/Perl 功能模块可按需补全	1.6.3-r2	1.6.3-r2	package/feeds/packages/keyutils/Makefile	+libc 			
libkmod	y	n	dependency	用目标构建系统重算依赖；Python/Perl 功能模块可按需补全	32-r1	32-r1	package/feeds/packages/kmod/Makefile	+libc +zlib			
libltdl	y	n	dependency	用目标构建系统重算依赖；Python/Perl 功能模块可按需补全	2.4.7-r1	2.4.7-r1	package/libs/libtool/Makefile	+libc 			
liblua	y	y	keep-target	保留目标版本和硬件相关选择；已有包仍需检查服务配置	5.1.5-r11	5.1.5-r11	package/utils/lua/Makefile	+libc 			
liblua5.3	y	n	dependency	用目标构建系统重算依赖；Python/Perl 功能模块可按需补全	5.3.5-r6	5.3.5-r6	package/utils/lua5.3/Makefile	+libc 			
liblucihttp	y	y	keep-target	保留目标版本和硬件相关选择；已有包仍需检查服务配置	2023.03.15~9b5b683fbb2bb0010aa031d620d0ab8105516757-r1	2023.03.15~9b5b683fbb2bb0010aa031d620d0ab8105516757-r1	package/feeds/luci/lucihttp/Makefile	+libc 			
liblucihttp-lua	y	y	keep-target	保留目标版本和硬件相关选择；已有包仍需检查服务配置	2023.03.15~9b5b683fbb2bb0010aa031d620d0ab8105516757-r1	2023.03.15~9b5b683fbb2bb0010aa031d620d0ab8105516757-r1	package/feeds/luci/lucihttp/Makefile	+libc +liblucihttp +liblua			
liblucihttp-ucode	y	y	keep-target	保留目标版本和硬件相关选择；已有包仍需检查服务配置	2023.03.15~9b5b683fbb2bb0010aa031d620d0ab8105516757-r1	2023.03.15~9b5b683fbb2bb0010aa031d620d0ab8105516757-r1	package/feeds/luci/lucihttp/Makefile	+libc +liblucihttp +libucode			
liblz4	y	n	dependency	用目标构建系统重算依赖；Python/Perl 功能模块可按需补全	1.10.0-r1	1.10.0-r1	package/feeds/packages/liblz4/Makefile	+libc 			
liblzma	y	n	dependency	用目标构建系统重算依赖；Python/Perl 功能模块可按需补全	5.6.2-r2	5.6.2-r2	package/feeds/packages/xz/Makefile	+libc +libpthread			
liblzo	y	n	dependency	用目标构建系统重算依赖；Python/Perl 功能模块可按需补全	2.10-r4	2.10-r4	package/feeds/packages/lzo/Makefile	+libc 			
libmbedtls	y	n	dependency	用目标构建系统重算依赖；Python/Perl 功能模块可按需补全	3.6.5-r1	3.6.6-r2	package/libs/mbedtls/Makefile	+libc 			
libmbim	y	y	keep-target	保留目标版本和硬件相关选择；已有包仍需检查服务配置	1.30.0-r2	1.30.0-r2	package/feeds/packages/libmbim/Makefile	+libc +glib2			
libminiupnpc	y	n	dependency	用目标构建系统重算依赖；Python/Perl 功能模块可按需补全	2.2.8-r1	2.2.8-r1	package/feeds/packages/miniupnpc/Makefile	+libc 			
libmnl	y	y	keep-target	保留目标版本和硬件相关选择；已有包仍需检查服务配置	1.0.5-r1	1.0.5-r1	package/libs/libmnl/Makefile	+libc 			
libmount	y	n	dependency	用目标构建系统重算依赖；Python/Perl 功能模块可按需补全	2.40.2-r1	2.40.2-r1	package/utils/util-linux/Makefile	+libc +libblkid			
libnatpmp	y	n	dependency	用目标构建系统重算依赖；Python/Perl 功能模块可按需补全	20230423-r2	20230423-r2	package/feeds/packages/libnatpmp/Makefile	+libc 			
libncurses	y	y	keep-target	保留目标版本和硬件相关选择；已有包仍需检查服务配置	6.4-r2	6.4-r2	package/libs/ncurses/Makefile	+libc +terminfo	libncursesw		ncurses/host
libnetfilter-conntrack	y	y	keep-target	保留目标版本和硬件相关选择；已有包仍需检查服务配置	1.0.9-r2	1.0.9-r2	package/libs/libnetfilter-conntrack/Makefile	+libc +libnfnetlink +kmod-nf-conntrack-netlink +libmnl			
libnetfilter-cthelper	y	n	dependency	用目标构建系统重算依赖；Python/Perl 功能模块可按需补全	1.0.0-r2	1.0.0-r2	package/feeds/packages/libnetfilter-cthelper/Makefile	+libc +libmnl			
libnetfilter-cttimeout	y	n	dependency	用目标构建系统重算依赖；Python/Perl 功能模块可按需补全	1.0.0-r2	1.0.0-r2	package/feeds/packages/libnetfilter-cttimeout/Makefile	+libc +libmnl			
libnetfilter-queue	y	n	dependency	用目标构建系统重算依赖；Python/Perl 功能模块可按需补全	1.0.5-r4	1.0.5-r4	package/feeds/packages/libnetfilter-queue/Makefile	+libc +libmnl +libnfnetlink			
libnettle	y	y	keep-target	保留目标版本和硬件相关选择；已有包仍需检查服务配置	3.9.1-r1	3.9.1-r1	package/libs/nettle/Makefile	+libc +!LIBNETTLE_MINI:libgmp			
libnfnetlink	y	y	keep-target	保留目标版本和硬件相关选择；已有包仍需检查服务配置	1.0.2-r1	1.0.2-r1	package/libs/libnfnetlink/Makefile	+libc 			
libnftnl	y	y	keep-target	保留目标版本和硬件相关选择；已有包仍需检查服务配置	1.2.8-r1	1.2.8-r1	package/libs/libnftnl/Makefile	+libc +libmnl			
libnghttp2	y	y	keep-target	保留目标版本和硬件相关选择；已有包仍需检查服务配置	1.63.0-r1	1.63.0-r1	package/feeds/packages/nghttp2/Makefile	+libc 			
libnl-core	y	n	dependency	用目标构建系统重算依赖；Python/Perl 功能模块可按需补全	3.10.0-r1	3.10.0-r1	package/libs/libnl/Makefile	+libc +libpthread			
libnl-genl	y	n	dependency	用目标构建系统重算依赖；Python/Perl 功能模块可按需补全	3.10.0-r1	3.10.0-r1	package/libs/libnl/Makefile	+libc +libnl-core			
libnl-tiny	y	y	keep-target	保留目标版本和硬件相关选择；已有包仍需检查服务配置	2025.03.19~c0df580adbd4d555ecc1962dbe88e91d75b67a4e-r1	2025.03.19~c0df580adbd4d555ecc1962dbe88e91d75b67a4e-r1	package/libs/libnl-tiny/Makefile	+libc 			
libnvme	y	n	dependency	用目标构建系统重算依赖；Python/Perl 功能模块可按需补全	1.9-r1	1.9-r1	package/feeds/packages/libnvme/Makefile	+libc +libjson-c			
libopenssl	y	y	keep-target	保留目标版本和硬件相关选择；已有包仍需检查服务配置	3.0.18-r1	3.0.20-r1	package/libs/openssl/Makefile	+libc +OPENSSL_WITH_COMPRESSION:zlib +OPENSSL_ENGINE_BUILTIN_AFALG:kmod-crypto-user +OPENSSL_ENGINE_BUILTIN_DEVCRYPTO:kmod-cryptodev +OPENSSL_ENGINE_BUILTIN_PADLOCK:kmod-crypto-hw-padlock +(arm||armeb||mips||mipsel||powerpc||arc):libatomic			
libopenssl-conf	y	y	keep-target	保留目标版本和硬件相关选择；已有包仍需检查服务配置	3.0.18-r1	3.0.20-r1	package/libs/openssl/Makefile	+libc libopenssl			
libopenssl-legacy	m	y	keep-target	保留目标版本和硬件相关选择；已有包仍需检查服务配置	3.0.18-r1	3.0.20-r1	package/libs/openssl/Makefile	+libc libopenssl +libopenssl-conf			
libpam	y	n	dependency	用目标构建系统重算依赖；Python/Perl 功能模块可按需补全	1.5.2-r1	1.5.2-r1	package/feeds/packages/libpam/Makefile	+libc 			
libparted	y	n	dependency	用目标构建系统重算依赖；Python/Perl 功能模块可按需补全	3.6-r1	3.6-r1	package/feeds/packages/parted/Makefile	+libc +libblkid +libuuid +PARTED_LVM2:libdevmapper			
libpcap	y	n	dependency	用目标构建系统重算依赖；Python/Perl 功能模块可按需补全	1.10.5-r2	1.10.5-r2	package/libs/libpcap/Makefile	+libc 			
libpci	y	n	dependency	用目标构建系统重算依赖；Python/Perl 功能模块可按需补全	3.14.0-r2	3.14.0-r2	package/feeds/packages/pciutils/Makefile	+libc 			
libpciaccess	y	n	dependency	用目标构建系统重算依赖；Python/Perl 功能模块可按需补全	0.18.1-r1	0.18.1-r1	package/feeds/packages/libpciaccess/Makefile	+libc 			
libpcre2	y	y	keep-target	保留目标版本和硬件相关选择；已有包仍需检查服务配置	10.42-r1	10.42-r1	package/libs/pcre2/Makefile	+libc 			zlib
libpng	y	n	dependency	用目标构建系统重算依赖；Python/Perl 功能模块可按需补全	1.6.44-r2	1.6.44-r2	package/feeds/packages/libpng/Makefile	+libc +zlib			
libpopt	y	n	dependency	用目标构建系统重算依赖；Python/Perl 功能模块可按需补全	1.19-r1	1.19-r1	package/libs/popt/Makefile	+libc 			
libpthread	y	y	keep-target	保留目标版本和硬件相关选择；已有包仍需检查服务配置	<LIBC_VERSION>-r4	<LIBC_VERSION>-r4	package/libs/toolchain/Makefile	+libgcc			
libpython3	y	n	dependency	用目标构建系统重算依赖；Python/Perl 功能模块可按需补全	3.11.14-r1	3.11.14-r1	package/feeds/packages/python3/Makefile	+libc +libpthread			bluez python3/host python-build/host python-installer/host python-wheel/host
libqmi	y	y	keep-target	保留目标版本和硬件相关选择；已有包仍需检查服务配置	1.34.0-r2	1.34.0-r2	package/feeds/packages/libqmi/Makefile	+libc +glib2 +LIBQMI_WITH_MBIM_QMUX:libmbim +LIBQMI_WITH_QRTR_GLIB:libqrtr-glib			
libqrtr-glib	y	y	keep-target	保留目标版本和硬件相关选择；已有包仍需检查服务配置	1.2.2-r3	1.2.2-r3	package/feeds/packages/libqrtr-glib/Makefile	+libc +glib2			
libreadline	y	n	dependency	用目标构建系统重算依赖；Python/Perl 功能模块可按需补全	8.2-r2	8.2-r2	package/libs/readline/Makefile	+libc +libncursesw			
librrd1	y	n	dependency	用目标构建系统重算依赖；Python/Perl 功能模块可按需补全	1.0.50-r6	1.0.50-r6	package/feeds/packages/rrdtool1/Makefile	+libc +zlib			
librt	y	y	keep-target	保留目标版本和硬件相关选择；已有包仍需检查服务配置	<LIBC_VERSION>-r4	<LIBC_VERSION>-r4	package/libs/toolchain/Makefile	+libpthread			
libsensors	y	n	dependency	用目标构建系统重算依赖；Python/Perl 功能模块可按需补全	3.6.0-r1	3.6.0-r1	package/feeds/packages/lm-sensors/Makefile	+libc +sysfsutils			
libsmartcols	y	y	keep-target	保留目标版本和硬件相关选择；已有包仍需检查服务配置	2.40.2-r1	2.40.2-r1	package/utils/util-linux/Makefile	+libc +librt			
libsodium	y	n	dependency	用目标构建系统重算依赖；Python/Perl 功能模块可按需补全	1.0.19-r1	1.0.19-r1	package/feeds/packages/libsodium/Makefile	+libc 			
libsqlite3	y	n	dependency	用目标构建系统重算依赖；Python/Perl 功能模块可按需补全	3530100-r1	3530100-r1	package/feeds/packages/sqlite3/Makefile	+libc +libpthread +zlib			
libss	y	y	keep-target	保留目标版本和硬件相关选择；已有包仍需检查服务配置	1.47.0-r2	1.47.0-r2	package/utils/e2fsprogs/Makefile	+libc +libcomerr			util-linux
libssh	y	n	dependency	用目标构建系统重算依赖；Python/Perl 功能模块可按需补全	0.10.6-r2	0.10.6-r2	package/feeds/packages/libssh/Makefile	+libc +libpthread +librt +zlib +libopenssl			
libstdcpp	y	n	dependency	用目标构建系统重算依赖；Python/Perl 功能模块可按需补全	<LIBGCC_VERSION>-r4	<LIBGCC_VERSION>-r4	package/libs/toolchain/Makefile				
libsysfs	y	n	dependency	用目标构建系统重算依赖；Python/Perl 功能模块可按需补全	2.1.0-r4	2.1.0-r4	package/libs/sysfsutils/Makefile	+libc 			
libtasn1	y	n	dependency	用目标构建系统重算依赖；Python/Perl 功能模块可按需补全	4.19.0-r2	4.19.0-r2	package/feeds/packages/libtasn1/Makefile	+libc 			
libtirpc	y	n	dependency	用目标构建系统重算依赖；Python/Perl 功能模块可按需补全	1.3.6-r1	1.3.6-r1	package/feeds/packages/libtirpc/Makefile	+libc +libpthread			
libubox	y	y	keep-target	保留目标版本和硬件相关选择；已有包仍需检查服务配置	2025.07.23~49056d178f42da98048a5d4c23f83a6f6bc6dd80-r1	2024.12.19~3868f47c8f6c6570e62a3cdf8a7f26ffb1a67e6a-r1	package/libs/libubox/Makefile	+libc 			lua
libubus	y	y	keep-target	保留目标版本和硬件相关选择；已有包仍需检查服务配置	2025.10.17~60e04048a0e2f3e33651c19e62861b41be4c290f-r1	2025.10.17~60e04048a0e2f3e33651c19e62861b41be4c290f-r1	package/system/ubus/Makefile	+libc +libubox			
libubus-lua	y	y	keep-target	保留目标版本和硬件相关选择；已有包仍需检查服务配置	2025.10.17~60e04048a0e2f3e33651c19e62861b41be4c290f-r1	2025.10.17~60e04048a0e2f3e33651c19e62861b41be4c290f-r1	package/system/ubus/Makefile	+libc +libubus +liblua			
libuci	y	y	keep-target	保留目标版本和硬件相关选择；已有包仍需检查服务配置	2025.01.20~16ff0badbde7e17ec3bd1f827ffe45922956cf86-r1	2025.01.20~16ff0badbde7e17ec3bd1f827ffe45922956cf86-r1	package/system/uci/Makefile	+libc +libubox			
libuci-lua	y	n	dependency	用目标构建系统重算依赖；Python/Perl 功能模块可按需补全	2025.01.20~16ff0badbde7e17ec3bd1f827ffe45922956cf86-r1	2025.01.20~16ff0badbde7e17ec3bd1f827ffe45922956cf86-r1	package/system/uci/Makefile	+libc +libuci +liblua			
libuclient	y	y	keep-target	保留目标版本和硬件相关选择；已有包仍需检查服务配置	2024.10.22~88ae8f208dd313f69e268234f7db55956aef1cb9-r1	2024.10.22~88ae8f208dd313f69e268234f7db55956aef1cb9-r1	package/libs/uclient/Makefile	+libc +libubox			ustream-ssl
libucode	y	y	keep-target	保留目标版本和硬件相关选择；已有包仍需检查服务配置	2025.07.18~3f64c8089bf3ea4847c96b91df09fbfcaec19e1d-r1	2025.05.11~d5b3a9dc1091dd28cf6f0f60cd34fc322ef27717-r1	package/utils/ucode/Makefile	+libc +libjson-c			libmd
libudebug	y	y	keep-target	保留目标版本和硬件相关选择；已有包仍需检查服务配置	2025.08.24~edeb4d6dc690acb476a47e6b11633b5632b08437	2023.12.06~6d3f51f9fda706f0cf4732c762e4dbe8c21e12cf	package/libs/udebug/Makefile	+libc +libubox +libubus			
libudev-zero	y	y	keep-target	保留目标版本和硬件相关选择；已有包仍需检查服务配置	1.0.4-r1	1.0.4-r1	package/feeds/packages/libudev-zero/Makefile	+libc +libevdev	libudev	libudev eudev udev	
liburcu	y	n	dependency	用目标构建系统重算依赖；Python/Perl 功能模块可按需补全	0.15.2-r1	0.15.2-r1	package/feeds/packages/liburcu/Makefile	+libc +libpthread @!arc			
liburing	y	n	dependency	用目标构建系统重算依赖；Python/Perl 功能模块可按需补全	2.7-r1	2.7-r1	package/feeds/packages/liburing/Makefile	+libc @KERNEL_IO_URING			
libusb-1.0	y	y	keep-target	保留目标版本和硬件相关选择；已有包仍需检查服务配置	1.0.27-r1	1.0.27-r1	package/libs/libusb/Makefile	+libc +libpthread +librt +libatomic			
libustream-mbedtls	y	n	tls-variant	目标已用 libustream-openssl，优先 luci-ssl-openssl	2024.07.28~99bd3d2b167ccdffb6de072d02c380cb37b23e33-r1	2024.07.28~99bd3d2b167ccdffb6de072d02c380cb37b23e33-r1	package/libs/ustream-ssl/Makefile	+libc +libubox +PACKAGE_libustream-mbedtls:libmbedtls		libustream-openssl libustream-wolfssl	
libuuid	y	y	keep-target	保留目标版本和硬件相关选择；已有包仍需检查服务配置	2.40.2-r1	2.40.2-r1	package/utils/util-linux/Makefile	+libc +librt			
libuv	y	y	keep-target	保留目标版本和硬件相关选择；已有包仍需检查服务配置	1.48.0-r1	1.48.0-r1	package/feeds/packages/libuv/Makefile	+libc +libpthread +librt			
libwebsockets-full	y	y	keep-target	保留目标版本和硬件相关选择；已有包仍需检查服务配置	4.3.3-r1	4.3.3-r1	package/feeds/packages/libwebsockets/Makefile	+libc +zlib +libcap +libubox +libopenssl +libuv	libwebsockets libwebsockets-openssl		libubox
libwolfssl	m	n	dependency	用目标构建系统重算依赖；Python/Perl 功能模块可按需补全	5.7.6-r1	5.9.1-r1	package/libs/wolfssl/Makefile	+libc +WOLFSSL_HAS_DEVCRYPTO:kmod-cryptodev +WOLFSSL_HAS_AFALG:kmod-crypto-user	libcyassl	libwolfsslcpu-crypto	libtool
libwrap	y	n	dependency	用目标构建系统重算依赖；Python/Perl 功能模块可按需补全	7.6-r4	7.6-r4	package/feeds/packages/tcp_wrappers/Makefile	+libc 			
libxml2	m	n	dependency	用目标构建系统重算依赖；Python/Perl 功能模块可按需补全	2.14.5-r2	2.13.6-r1	package/libs/libxml2/Makefile	+libc +libpthread +zlib +BUILD_NLS:libiconv-full			
libxtables	y	n	dependency	用目标构建系统重算依赖；Python/Perl 功能模块可按需补全	1.8.10-r1	1.8.10-r1	package/network/utils/iptables/Makefile	+libc +IPTABLES_CONNLABEL:libnetfilter-conntrack			
libzstd	y	n	dependency	用目标构建系统重算依赖；Python/Perl 功能模块可按需补全	1.5.7-r1	1.5.7-r1	package/feeds/packages/zstd/Makefile	+libc 			
lm-sensors	y	n	generic-candidate	目标已有定义，可迁移功能选择；尚未完成目标架构编译验证	3.6.0-r1	3.6.0-r1	package/feeds/packages/lm-sensors/Makefile	+libc +sysfsutils +libsensors			
logd	y	y	keep-target	保留目标版本和硬件相关选择；已有包仍需检查服务配置	2024.04.26~85f1053019caf4cd333795760950235ee4529ba7-r1	2024.04.26~85f1053019caf4cd333795760950235ee4529ba7-r1	package/system/ubox/Makefile	+libc +libubox +libubus +libblobmsg-json +libudebug			
losetup	y	n	generic-candidate	目标已有定义，可迁移功能选择；尚未完成目标架构编译验证	2.40.2-r1	2.40.2-r1	package/utils/util-linux/Makefile	+libc +libsmartcols			
lsblk	y	n	generic-candidate	目标已有定义，可迁移功能选择；尚未完成目标架构编译验证	2.40.2-r1	2.40.2-r1	package/utils/util-linux/Makefile	+libc +libblkid +libmount +libsmartcols +libncurses			
lscpu	y	n	generic-candidate	目标已有定义，可迁移功能选择；尚未完成目标架构编译验证	2.40.2-r1	2.40.2-r1	package/utils/util-linux/Makefile	+libc +libsmartcols			
lua	y	y	keep-target	保留目标版本和硬件相关选择；已有包仍需检查服务配置	5.1.5-r11	5.1.5-r11	package/utils/lua/Makefile	+libc +liblua			
lua-cjson	y	n	generic-candidate	目标已有定义，可迁移功能选择；尚未完成目标架构编译验证	2.1.0-r5	2.1.0-r5	package/feeds/packages/lua-cjson/Makefile	+libc +liblua			
luci	y	y	keep-target	保留目标版本和硬件相关选择；已有包仍需检查服务配置	x	x	package/feeds/luci/luci/Makefile	+libc +luci-light +luci-app-package-manager			lua/host luci-base/host LUCI_CSSTIDY:csstidy/host LUCI_SRCDIET:luasrcdiet/host 
luci-app-acme	y	n	runtime-review	可用源码候选；核对默认启动、端口、规则和卸载路径	x	x	package/feeds/luci/luci-app-acme/Makefile	+libc +luci-base +acme			lua/host luci-base/host LUCI_CSSTIDY:csstidy/host LUCI_SRCDIET:luasrcdiet/host 
luci-app-adguardhome	y	n	runtime-review	可用源码候选；核对默认启动、端口、规则和卸载路径	1.1.1-r1	1.1.1-r1	package/luci-app-adguardhome/luci-app-adguardhome/Makefile	+libc +ca-certs +!wget&&!curl&&!wget-ssl:curl +luci-lua-runtime			lua/host luci-base/host LUCI_CSSTIDY:csstidy/host LUCI_SRCDIET:luasrcdiet/host 
luci-app-advancedplus	y	n	runtime-review	可用源码候选；核对默认启动、端口、规则和卸载路径	1.8.9-r20260106	1.8.9-r20260106	package/luci-app-advancedplus/Makefile	+libc +luci-compat +curl +luci-lua-runtime			lua/host luci-base/host LUCI_CSSTIDY:csstidy/host LUCI_SRCDIET:luasrcdiet/host 
luci-app-arpbind	y	n	runtime-review	可用源码候选；核对默认启动、端口、规则和卸载路径	x	x	package/feeds/luci/luci-app-arpbind/Makefile	+libc +ip			lua/host luci-base/host LUCI_CSSTIDY:csstidy/host LUCI_SRCDIET:luasrcdiet/host 
luci-app-banip	y	n	runtime-review	可用源码候选；核对默认启动、端口、规则和卸载路径	x	x	package/feeds/luci/luci-app-banip/Makefile	+libc +luci-base +banip			lua/host luci-base/host LUCI_CSSTIDY:csstidy/host LUCI_SRCDIET:luasrcdiet/host 
luci-app-cifs-mount	y	n	runtime-review	可用源码候选；核对默认启动、端口、规则和卸载路径	x	x	package/feeds/luci/luci-app-cifs-mount/Makefile	+libc +kmod-fs-cifs	luci-app-cifs		lua/host luci-base/host LUCI_CSSTIDY:csstidy/host LUCI_SRCDIET:luasrcdiet/host 
luci-app-cloudflared	y	n	runtime-review	可用源码候选；核对默认启动、端口、规则和卸载路径	1.2-r1	1.2-r1	package/feeds/luci/luci-app-cloudflared/Makefile	+libc +cloudflared			lua/host luci-base/host LUCI_CSSTIDY:csstidy/host LUCI_SRCDIET:luasrcdiet/host 
luci-app-cpulimit	y	n	runtime-review	可用源码候选；核对默认启动、端口、规则和卸载路径	x	x	package/feeds/luci/luci-app-cpulimit/Makefile	+libc +cpulimit +luci-lua-runtime			lua/host luci-base/host LUCI_CSSTIDY:csstidy/host LUCI_SRCDIET:luasrcdiet/host 
luci-app-ddns-go	y	n	runtime-review	可用源码候选；核对默认启动、端口、规则和卸载路径	x	x	package/feeds/luci/luci-app-ddns-go/Makefile	+libc +ddns-go			lua/host luci-base/host LUCI_CSSTIDY:csstidy/host LUCI_SRCDIET:luasrcdiet/host 
luci-app-diskman	y	n	runtime-review	可用源码候选；核对默认启动、端口、规则和卸载路径	0.2.13-r1	0.2.13-r1	package/feeds/luci/luci-app-diskman/Makefile	+libc +luci-compat +blkid +e2fsprogs +parted +smartmontools +dosfstools +kmod-fs-msdos +kmod-fs-ntfs3 +kmod-fs-exfat +exfat-mkfs +exfat-fsck +kmod-nls-cp932 +kmod-nls-cp936 +kmod-nls-cp950 +PACKAGE_luci-app-diskman_INCLUDE_btrfs_progs:btrfs-progs +PACKAGE_luci-app-diskman_INCLUDE_lsblk:lsblk +PACKAGE_luci-app-diskman_INCLUDE_mdadm:mdadm +PACKAGE_luci-app-diskman_INCLUDE_kmod_md_raid456:mdadm +PACKAGE_luci-app-diskman_INCLUDE_kmod_md_raid456:kmod-md-raid456 +PACKAGE_luci-app-diskman_INCLUDE_kmod_md_linears:mdadm +PACKAGE_luci-app-diskman_INCLUDE_kmod_md_linears:kmod-md-linear +luci-lua-runtime			lua/host luci-base/host LUCI_CSSTIDY:csstidy/host LUCI_SRCDIET:luasrcdiet/host 
luci-app-filemanager	y	n	runtime-review	可用源码候选；核对默认启动、端口、规则和卸载路径	x	x	package/feeds/luci/luci-app-filemanager/Makefile	+libc +luci-base			lua/host luci-base/host LUCI_CSSTIDY:csstidy/host LUCI_SRCDIET:luasrcdiet/host 
luci-app-firewall	y	y	keep-target	保留目标版本和硬件相关选择；已有包仍需检查服务配置	x	x	package/feeds/luci/luci-app-firewall/Makefile	+libc +luci-base +uci-firewall			lua/host luci-base/host LUCI_CSSTIDY:csstidy/host LUCI_SRCDIET:luasrcdiet/host 
luci-app-frpc	y	n	runtime-review	可用源码候选；核对默认启动、端口、规则和卸载路径	x	x	package/feeds/luci/luci-app-frpc/Makefile	+libc +luci-base +frpc			lua/host luci-base/host LUCI_CSSTIDY:csstidy/host LUCI_SRCDIET:luasrcdiet/host 
luci-app-modem	y	n	modem-review	保留 ModemManager 单一拨号管理；诊断工具可按需保留	1.4.4-r1	1.4.4-r1	package/luci-app-modem/Makefile	+libc +luci-compat +usbutils +pciutils +quectel-CM-5G +sms-tool +jq +luci-lua-runtime			lua/host luci-base/host LUCI_CSSTIDY:csstidy/host LUCI_SRCDIET:luasrcdiet/host 
luci-app-natmap	y	n	runtime-review	可用源码候选；核对默认启动、端口、规则和卸载路径	x	x	package/feeds/luci/luci-app-natmap/Makefile	+libc +luci-base +natmap			lua/host luci-base/host LUCI_CSSTIDY:csstidy/host LUCI_SRCDIET:luasrcdiet/host 
luci-app-netdata	y	n	runtime-review	可用源码候选；核对默认启动、端口、规则和卸载路径	x	x	package/feeds/luci/luci-app-netdata/Makefile	+libc +netdata			lua/host luci-base/host LUCI_CSSTIDY:csstidy/host LUCI_SRCDIET:luasrcdiet/host 
luci-app-nfs	y	n	runtime-review	可用源码候选；核对默认启动、端口、规则和卸载路径	1.1-r1	1.1-r1	package/feeds/luci/luci-app-nfs/Makefile	+libc +nfs-utils +nfs-kernel-server +nfs-kernel-server-utils +mount-utils +luci-lua-runtime			lua/host luci-base/host LUCI_CSSTIDY:csstidy/host LUCI_SRCDIET:luasrcdiet/host 
luci-app-nikki	y	n	runtime-review	可用源码候选；核对默认启动、端口、规则和卸载路径	1.26.1-r1	1.26.1-r1	package/luci-app-nikki/luci-app-nikki/Makefile	+libc +luci-base +nikki			lua/host luci-base/host LUCI_CSSTIDY:csstidy/host LUCI_SRCDIET:luasrcdiet/host 
luci-app-nps	y	n	runtime-review	可用源码候选；核对默认启动、端口、规则和卸载路径	1.1-r4	1.1-r4	package/feeds/luci/luci-app-nps/Makefile	+libc +wget-ssl +npc +luci-lua-runtime			lua/host luci-base/host LUCI_CSSTIDY:csstidy/host LUCI_SRCDIET:luasrcdiet/host 
luci-app-omcproxy	y	n	runtime-review	可用源码候选；核对默认启动、端口、规则和卸载路径	0.1.0-r1	0.1.0-r1	package/feeds/luci/luci-app-omcproxy/Makefile	+libc +luci-base +omcproxy			lua/host luci-base/host LUCI_CSSTIDY:csstidy/host LUCI_SRCDIET:luasrcdiet/host 
luci-app-p910nd	y	n	runtime-review	可用源码候选；核对默认启动、端口、规则和卸载路径	x	x	package/feeds/luci/luci-app-p910nd/Makefile	+libc +luci-base +p910nd			lua/host luci-base/host LUCI_CSSTIDY:csstidy/host LUCI_SRCDIET:luasrcdiet/host 
luci-app-package-manager	y	y	keep-target	保留目标版本和硬件相关选择；已有包仍需检查服务配置	x	x	package/feeds/luci/luci-app-package-manager/Makefile	+libc +luci-base	luci-app-opkg		lua/host luci-base/host LUCI_CSSTIDY:csstidy/host LUCI_SRCDIET:luasrcdiet/host 
luci-app-passwall	y	n	runtime-review	可用源码候选；核对默认启动、端口、规则和卸载路径	25.12.16-r1	25.12.16-r1	package/feeds/luci/luci-app-passwall/Makefile	+libc +coreutils +coreutils-base64 +coreutils-nohup +curl +chinadns-ng +dns2socks +ip-full +libuci-lua +lua +luci-compat +luci-lib-jsonc +microsocks +resolveip +tcping +unzip +ipt2socks +kmod-nft-socket +kmod-nft-tproxy +kmod-nft-nat +PACKAGE_luci-app-passwall_INCLUDE_Brook:brook +PACKAGE_luci-app-passwall_INCLUDE_Haproxy:haproxy +PACKAGE_luci-app-passwall_INCLUDE_Hysteria:hysteria +PACKAGE_luci-app-passwall_INCLUDE_NaiveProxy:naiveproxy +PACKAGE_luci-app-passwall_INCLUDE_Shadowsocks_Rust_Client:shadowsocks-rust-sslocal +PACKAGE_luci-app-passwall_INCLUDE_Shadowsocks_Rust_Server:shadowsocks-rust-ssserver +PACKAGE_luci-app-passwall_INCLUDE_Shadow_TLS:shadow-tls +PACKAGE_luci-app-passwall_INCLUDE_Simple_Obfs:simple-obfs-client +PACKAGE_luci-app-passwall_INCLUDE_SingBox:sing-box +PACKAGE_luci-app-passwall_INCLUDE_tuic_client:tuic-client +PACKAGE_luci-app-passwall_INCLUDE_V2ray_Geodata:v2ray-geoip +PACKAGE_luci-app-passwall_INCLUDE_V2ray_Geodata:v2ray-geosite +PACKAGE_luci-app-passwall_INCLUDE_V2ray_Geoview:geoview +PACKAGE_luci-app-passwall_INCLUDE_V2ray_Plugin:v2ray-plugin +PACKAGE_luci-app-passwall_INCLUDE_Xray:xray-core +PACKAGE_luci-app-passwall_INCLUDE_Xray_Plugin:xray-plugin +luci-lua-runtime			lua/host luci-base/host LUCI_CSSTIDY:csstidy/host LUCI_SRCDIET:luasrcdiet/host 
luci-app-poweroffdevice	y	n	runtime-review	可用源码候选；核对默认启动、端口、规则和卸载路径	2-r7	2-r7	package/luci-app-poweroffdevice/luci-app-poweroffdevice/Makefile	+libc 			lua/host luci-base/host LUCI_CSSTIDY:csstidy/host LUCI_SRCDIET:luasrcdiet/host 
luci-app-qosmate	y	n	runtime-review	可用源码候选；核对默认启动、端口、规则和卸载路径	1.0.14-r1	1.0.14-r1	package/luci-app-qosmate/Makefile	+libc +qosmate +luci-lib-jsonc +lua			lua/host luci-base/host LUCI_CSSTIDY:csstidy/host LUCI_SRCDIET:luasrcdiet/host 
luci-app-samba4	y	n	runtime-review	可用源码候选；核对默认启动、端口、规则和卸载路径	x	x	package/feeds/luci/luci-app-samba4/Makefile	+libc +luci-base +samba4-server			lua/host luci-base/host LUCI_CSSTIDY:csstidy/host LUCI_SRCDIET:luasrcdiet/host 
luci-app-smartdns	y	n	runtime-review	可用源码候选；核对默认启动、端口、规则和卸载路径	1.2025.47.2-r1	1.2025.47.2-r1	package/feeds/luci/luci-app-smartdns/Makefile	+libc +smartdns			lua/host luci-base/host LUCI_CSSTIDY:csstidy/host LUCI_SRCDIET:luasrcdiet/host 
luci-app-softether	y	n	runtime-review	可用源码候选；核对默认启动、端口、规则和卸载路径	x	x	package/feeds/luci/luci-app-softether/Makefile	+libc +luci-base +softethervpn5-client			lua/host luci-base/host LUCI_CSSTIDY:csstidy/host LUCI_SRCDIET:luasrcdiet/host 
luci-app-softethervpn	y	n	runtime-review	可用源码候选；核对默认启动、端口、规则和卸载路径	x	x	package/feeds/luci/luci-app-softethervpn/Makefile	+libc +zlib +libpthread +librt +libreadline +libncurses +libiconv-full +kmod-tun +libopenssl +softethervpn5-bridge +softethervpn5-client +softethervpn5-server +luci-lua-runtime			lua/host luci-base/host LUCI_CSSTIDY:csstidy/host LUCI_SRCDIET:luasrcdiet/host 
luci-app-statistics	y	n	runtime-review	可用源码候选；核对默认启动、端口、规则和卸载路径	x	x	package/feeds/luci/luci-app-statistics/Makefile	+libc +luci-base +collectd +rrdtool1 +collectd-mod-rrdtool +collectd-mod-iwinfo +collectd-mod-cpu +collectd-mod-memory +collectd-mod-interface +collectd-mod-load +collectd-mod-network			lua/host luci-base/host LUCI_CSSTIDY:csstidy/host LUCI_SRCDIET:luasrcdiet/host 
luci-app-taskplan	y	n	runtime-review	可用源码候选；核对默认启动、端口、规则和卸载路径	3.0.0-r20260303	3.0.0-r20260303	package/luci-app-taskplan/luci-app-taskplan/Makefile	+libc 			lua/host luci-base/host LUCI_CSSTIDY:csstidy/host LUCI_SRCDIET:luasrcdiet/host 
luci-app-ttyd	y	y	keep-target	保留目标版本和硬件相关选择；已有包仍需检查服务配置	x	x	package/feeds/luci/luci-app-ttyd/Makefile	+libc +luci-base +ttyd			lua/host luci-base/host LUCI_CSSTIDY:csstidy/host LUCI_SRCDIET:luasrcdiet/host 
luci-app-udpxy	y	n	runtime-review	可用源码候选；核对默认启动、端口、规则和卸载路径	x	x	package/feeds/luci/luci-app-udpxy/Makefile	+libc +luci-base +udpxy			lua/host luci-base/host LUCI_CSSTIDY:csstidy/host LUCI_SRCDIET:luasrcdiet/host 
luci-app-uhttpd	y	n	runtime-review	可用源码候选；核对默认启动、端口、规则和卸载路径	x	x	package/feeds/luci/luci-app-uhttpd/Makefile	+libc +luci-base +uhttpd			lua/host luci-base/host LUCI_CSSTIDY:csstidy/host LUCI_SRCDIET:luasrcdiet/host 
luci-app-upnp	y	n	runtime-review	可用源码候选；核对默认启动、端口、规则和卸载路径	x	x	package/feeds/luci/luci-app-upnp/Makefile	+libc +luci-base +miniupnpd +rpcd-mod-ucode			lua/host luci-base/host LUCI_CSSTIDY:csstidy/host LUCI_SRCDIET:luasrcdiet/host 
luci-app-usb-printer	y	n	runtime-review	可用源码候选；核对默认启动、端口、规则和卸载路径	1.0-r2	1.0-r2	package/feeds/luci/luci-app-usb-printer/Makefile	+libc +p910nd +kmod-usb-printer +luci-lua-runtime			lua/host luci-base/host LUCI_CSSTIDY:csstidy/host LUCI_SRCDIET:luasrcdiet/host 
luci-app-vlmcsd	y	n	runtime-review	可用源码候选；核对默认启动、端口、规则和卸载路径	x	x	package/feeds/luci/luci-app-vlmcsd/Makefile	+libc +vlmcsd			lua/host luci-base/host LUCI_CSSTIDY:csstidy/host LUCI_SRCDIET:luasrcdiet/host 
luci-app-vsftpd	y	n	runtime-review	可用源码候选；核对默认启动、端口、规则和卸载路径	x	x	package/feeds/luci/luci-app-vsftpd/Makefile	+libc +vsftpd +luci-lua-runtime			lua/host luci-base/host LUCI_CSSTIDY:csstidy/host LUCI_SRCDIET:luasrcdiet/host 
luci-app-wol	y	n	runtime-review	可用源码候选；核对默认启动、端口、规则和卸载路径	x	x	package/feeds/luci/luci-app-wol/Makefile	+libc +luci-base +etherwake			lua/host luci-base/host LUCI_CSSTIDY:csstidy/host LUCI_SRCDIET:luasrcdiet/host 
luci-app-zerotier	y	n	runtime-review	可用源码候选；核对默认启动、端口、规则和卸载路径	x	x	package/feeds/luci/luci-app-zerotier/Makefile	+libc +zerotier			lua/host luci-base/host LUCI_CSSTIDY:csstidy/host LUCI_SRCDIET:luasrcdiet/host 
luci-base	y	y	keep-target	保留目标版本和硬件相关选择；已有包仍需检查服务配置	x	x	package/feeds/luci/luci-base/Makefile	+libc +rpcd +rpcd-mod-file +rpcd-mod-luci +rpcd-mod-ucode +cgi-io +ucode +ucode-mod-fs +ucode-mod-uci +ucode-mod-ubus +ucode-mod-math +ucode-mod-html +liblucihttp-ucode			lua/host luci-base/host LUCI_CSSTIDY:csstidy/host LUCI_SRCDIET:luasrcdiet/host 
luci-compat	y	y	keep-target	保留目标版本和硬件相关选择；已有包仍需检查服务配置	x	x	package/feeds/luci/luci-compat/Makefile	+libc +luci-lua-runtime +luci-lua-runtime			lua/host luci-base/host LUCI_CSSTIDY:csstidy/host LUCI_SRCDIET:luasrcdiet/host 
luci-i18n-acme-zh-cn	y	n	translation	跟随对应 LuCI 应用的迁移决策	x	x	package/feeds/luci/luci-app-acme/Makefile	+libc luci-app-acme			lua/host luci-base/host LUCI_CSSTIDY:csstidy/host LUCI_SRCDIET:luasrcdiet/host 
luci-i18n-adguardhome-zh-cn	y	n	translation	跟随对应 LuCI 应用的迁移决策	x	x	package/luci-app-adguardhome/luci-app-adguardhome/Makefile	+libc luci-app-adguardhome			lua/host luci-base/host LUCI_CSSTIDY:csstidy/host LUCI_SRCDIET:luasrcdiet/host 
luci-i18n-advancedplus-zh-cn	y	n	translation	跟随对应 LuCI 应用的迁移决策	x	x	package/luci-app-advancedplus/Makefile	+libc luci-app-advancedplus			lua/host luci-base/host LUCI_CSSTIDY:csstidy/host LUCI_SRCDIET:luasrcdiet/host 
luci-i18n-arpbind-zh-cn	y	n	translation	跟随对应 LuCI 应用的迁移决策	x	x	package/feeds/luci/luci-app-arpbind/Makefile	+libc luci-app-arpbind			lua/host luci-base/host LUCI_CSSTIDY:csstidy/host LUCI_SRCDIET:luasrcdiet/host 
luci-i18n-banip-zh-cn	y	n	translation	跟随对应 LuCI 应用的迁移决策	x	x	package/feeds/luci/luci-app-banip/Makefile	+libc luci-app-banip			lua/host luci-base/host LUCI_CSSTIDY:csstidy/host LUCI_SRCDIET:luasrcdiet/host 
luci-i18n-base-zh-cn	y	y	keep-target	保留目标版本和硬件相关选择；已有包仍需检查服务配置	x	x	package/feeds/luci/luci-base/Makefile	+libc luci-base			lua/host luci-base/host LUCI_CSSTIDY:csstidy/host LUCI_SRCDIET:luasrcdiet/host 
luci-i18n-cifs-mount-zh-cn	y	n	translation	跟随对应 LuCI 应用的迁移决策	x	x	package/feeds/luci/luci-app-cifs-mount/Makefile	+libc luci-app-cifs-mount			lua/host luci-base/host LUCI_CSSTIDY:csstidy/host LUCI_SRCDIET:luasrcdiet/host 
luci-i18n-cloudflared-zh-cn	y	n	translation	跟随对应 LuCI 应用的迁移决策	x	x	package/feeds/luci/luci-app-cloudflared/Makefile	+libc luci-app-cloudflared			lua/host luci-base/host LUCI_CSSTIDY:csstidy/host LUCI_SRCDIET:luasrcdiet/host 
luci-i18n-cpulimit-zh-cn	y	n	translation	跟随对应 LuCI 应用的迁移决策	x	x	package/feeds/luci/luci-app-cpulimit/Makefile	+libc luci-app-cpulimit			lua/host luci-base/host LUCI_CSSTIDY:csstidy/host LUCI_SRCDIET:luasrcdiet/host 
luci-i18n-dashboard-zh-cn	y	n	translation	跟随对应 LuCI 应用的迁移决策	x	x	package/feeds/luci/luci-mod-dashboard/Makefile	+libc luci-mod-dashboard			iwinfo lua/host luci-base/host LUCI_CSSTIDY:csstidy/host LUCI_SRCDIET:luasrcdiet/host 
luci-i18n-ddns-go-zh-cn	y	n	translation	跟随对应 LuCI 应用的迁移决策	x	x	package/feeds/luci/luci-app-ddns-go/Makefile	+libc luci-app-ddns-go			lua/host luci-base/host LUCI_CSSTIDY:csstidy/host LUCI_SRCDIET:luasrcdiet/host 
luci-i18n-diskman-zh-cn	y	n	translation	跟随对应 LuCI 应用的迁移决策	x	x	package/feeds/luci/luci-app-diskman/Makefile	+libc luci-app-diskman			lua/host luci-base/host LUCI_CSSTIDY:csstidy/host LUCI_SRCDIET:luasrcdiet/host 
luci-i18n-filemanager-zh-cn	y	n	translation	跟随对应 LuCI 应用的迁移决策	x	x	package/feeds/luci/luci-app-filemanager/Makefile	+libc luci-app-filemanager			lua/host luci-base/host LUCI_CSSTIDY:csstidy/host LUCI_SRCDIET:luasrcdiet/host 
luci-i18n-firewall-zh-cn	y	y	keep-target	保留目标版本和硬件相关选择；已有包仍需检查服务配置	x	x	package/feeds/luci/luci-app-firewall/Makefile	+libc luci-app-firewall			lua/host luci-base/host LUCI_CSSTIDY:csstidy/host LUCI_SRCDIET:luasrcdiet/host 
luci-i18n-frpc-zh-cn	y	n	translation	跟随对应 LuCI 应用的迁移决策	x	x	package/feeds/luci/luci-app-frpc/Makefile	+libc luci-app-frpc			lua/host luci-base/host LUCI_CSSTIDY:csstidy/host LUCI_SRCDIET:luasrcdiet/host 
luci-i18n-minieap-zh-cn	y	n	translation	跟随对应 LuCI 应用的迁移决策	x	x	package/feeds/luci/luci-proto-minieap/Makefile	+libc luci-proto-minieap			lua/host luci-base/host LUCI_CSSTIDY:csstidy/host LUCI_SRCDIET:luasrcdiet/host 
luci-i18n-modem-zh-cn	y	n	translation	跟随对应 LuCI 应用的迁移决策	x	x	package/luci-app-modem/Makefile	+libc luci-app-modem			lua/host luci-base/host LUCI_CSSTIDY:csstidy/host LUCI_SRCDIET:luasrcdiet/host 
luci-i18n-natmap-zh-cn	y	n	translation	跟随对应 LuCI 应用的迁移决策	x	x	package/feeds/luci/luci-app-natmap/Makefile	+libc luci-app-natmap			lua/host luci-base/host LUCI_CSSTIDY:csstidy/host LUCI_SRCDIET:luasrcdiet/host 
luci-i18n-netdata-zh-cn	y	n	translation	跟随对应 LuCI 应用的迁移决策	x	x	package/feeds/luci/luci-app-netdata/Makefile	+libc luci-app-netdata			lua/host luci-base/host LUCI_CSSTIDY:csstidy/host LUCI_SRCDIET:luasrcdiet/host 
luci-i18n-nfs-zh-cn	y	n	translation	跟随对应 LuCI 应用的迁移决策	x	x	package/feeds/luci/luci-app-nfs/Makefile	+libc luci-app-nfs			lua/host luci-base/host LUCI_CSSTIDY:csstidy/host LUCI_SRCDIET:luasrcdiet/host 
luci-i18n-nikki-zh-cn	y	n	translation	跟随对应 LuCI 应用的迁移决策	x	x	package/luci-app-nikki/luci-app-nikki/Makefile	+libc luci-app-nikki			lua/host luci-base/host LUCI_CSSTIDY:csstidy/host LUCI_SRCDIET:luasrcdiet/host 
luci-i18n-nps-zh-cn	y	n	translation	跟随对应 LuCI 应用的迁移决策	x	x	package/feeds/luci/luci-app-nps/Makefile	+libc luci-app-nps			lua/host luci-base/host LUCI_CSSTIDY:csstidy/host LUCI_SRCDIET:luasrcdiet/host 
luci-i18n-omcproxy-zh-cn	y	n	translation	跟随对应 LuCI 应用的迁移决策	x	x	package/feeds/luci/luci-app-omcproxy/Makefile	+libc luci-app-omcproxy			lua/host luci-base/host LUCI_CSSTIDY:csstidy/host LUCI_SRCDIET:luasrcdiet/host 
luci-i18n-p910nd-zh-cn	y	n	translation	跟随对应 LuCI 应用的迁移决策	x	x	package/feeds/luci/luci-app-p910nd/Makefile	+libc luci-app-p910nd			lua/host luci-base/host LUCI_CSSTIDY:csstidy/host LUCI_SRCDIET:luasrcdiet/host 
luci-i18n-package-manager-zh-cn	y	y	keep-target	保留目标版本和硬件相关选择；已有包仍需检查服务配置	x	x	package/feeds/luci/luci-app-package-manager/Makefile	+libc luci-app-package-manager			lua/host luci-base/host LUCI_CSSTIDY:csstidy/host LUCI_SRCDIET:luasrcdiet/host 
luci-i18n-passwall-zh-cn	y	n	translation	跟随对应 LuCI 应用的迁移决策	x	x	package/feeds/luci/luci-app-passwall/Makefile	+libc luci-app-passwall			lua/host luci-base/host LUCI_CSSTIDY:csstidy/host LUCI_SRCDIET:luasrcdiet/host 
luci-i18n-poweroffdevice-zh-cn	y	n	translation	跟随对应 LuCI 应用的迁移决策	x	x	package/luci-app-poweroffdevice/luci-app-poweroffdevice/Makefile	+libc luci-app-poweroffdevice			lua/host luci-base/host LUCI_CSSTIDY:csstidy/host LUCI_SRCDIET:luasrcdiet/host 
luci-i18n-qosmate-zh-cn	y	n	translation	跟随对应 LuCI 应用的迁移决策	x	x	package/luci-app-qosmate/Makefile	+libc luci-app-qosmate			lua/host luci-base/host LUCI_CSSTIDY:csstidy/host LUCI_SRCDIET:luasrcdiet/host 
luci-i18n-samba4-zh-cn	y	n	translation	跟随对应 LuCI 应用的迁移决策	x	x	package/feeds/luci/luci-app-samba4/Makefile	+libc luci-app-samba4			lua/host luci-base/host LUCI_CSSTIDY:csstidy/host LUCI_SRCDIET:luasrcdiet/host 
luci-i18n-smartdns-zh-cn	y	n	translation	跟随对应 LuCI 应用的迁移决策	x	x	package/feeds/luci/luci-app-smartdns/Makefile	+libc luci-app-smartdns			lua/host luci-base/host LUCI_CSSTIDY:csstidy/host LUCI_SRCDIET:luasrcdiet/host 
luci-i18n-softethervpn-zh-cn	y	n	translation	跟随对应 LuCI 应用的迁移决策	x	x	package/feeds/luci/luci-app-softethervpn/Makefile	+libc luci-app-softethervpn			lua/host luci-base/host LUCI_CSSTIDY:csstidy/host LUCI_SRCDIET:luasrcdiet/host 
luci-i18n-statistics-zh-cn	y	n	translation	跟随对应 LuCI 应用的迁移决策	x	x	package/feeds/luci/luci-app-statistics/Makefile	+libc luci-app-statistics			lua/host luci-base/host LUCI_CSSTIDY:csstidy/host LUCI_SRCDIET:luasrcdiet/host 
luci-i18n-taskplan-zh-cn	y	n	translation	跟随对应 LuCI 应用的迁移决策	x	x	package/luci-app-taskplan/luci-app-taskplan/Makefile	+libc luci-app-taskplan			lua/host luci-base/host LUCI_CSSTIDY:csstidy/host LUCI_SRCDIET:luasrcdiet/host 
luci-i18n-ttyd-zh-cn	y	y	keep-target	保留目标版本和硬件相关选择；已有包仍需检查服务配置	x	x	package/feeds/luci/luci-app-ttyd/Makefile	+libc luci-app-ttyd			lua/host luci-base/host LUCI_CSSTIDY:csstidy/host LUCI_SRCDIET:luasrcdiet/host 
luci-i18n-udpxy-zh-cn	y	n	translation	跟随对应 LuCI 应用的迁移决策	x	x	package/feeds/luci/luci-app-udpxy/Makefile	+libc luci-app-udpxy			lua/host luci-base/host LUCI_CSSTIDY:csstidy/host LUCI_SRCDIET:luasrcdiet/host 
luci-i18n-uhttpd-zh-cn	y	n	translation	跟随对应 LuCI 应用的迁移决策	x	x	package/feeds/luci/luci-app-uhttpd/Makefile	+libc luci-app-uhttpd			lua/host luci-base/host LUCI_CSSTIDY:csstidy/host LUCI_SRCDIET:luasrcdiet/host 
luci-i18n-upnp-zh-cn	y	n	translation	跟随对应 LuCI 应用的迁移决策	x	x	package/feeds/luci/luci-app-upnp/Makefile	+libc luci-app-upnp			lua/host luci-base/host LUCI_CSSTIDY:csstidy/host LUCI_SRCDIET:luasrcdiet/host 
luci-i18n-usb-printer-zh-cn	y	n	translation	跟随对应 LuCI 应用的迁移决策	x	x	package/feeds/luci/luci-app-usb-printer/Makefile	+libc luci-app-usb-printer			lua/host luci-base/host LUCI_CSSTIDY:csstidy/host LUCI_SRCDIET:luasrcdiet/host 
luci-i18n-vlmcsd-zh-cn	y	n	translation	跟随对应 LuCI 应用的迁移决策	x	x	package/feeds/luci/luci-app-vlmcsd/Makefile	+libc luci-app-vlmcsd			lua/host luci-base/host LUCI_CSSTIDY:csstidy/host LUCI_SRCDIET:luasrcdiet/host 
luci-i18n-vsftpd-zh-cn	y	n	translation	跟随对应 LuCI 应用的迁移决策	x	x	package/feeds/luci/luci-app-vsftpd/Makefile	+libc luci-app-vsftpd			lua/host luci-base/host LUCI_CSSTIDY:csstidy/host LUCI_SRCDIET:luasrcdiet/host 
luci-i18n-wol-zh-cn	y	n	translation	跟随对应 LuCI 应用的迁移决策	x	x	package/feeds/luci/luci-app-wol/Makefile	+libc luci-app-wol			lua/host luci-base/host LUCI_CSSTIDY:csstidy/host LUCI_SRCDIET:luasrcdiet/host 
luci-i18n-zerotier-zh-cn	y	n	translation	跟随对应 LuCI 应用的迁移决策	x	x	package/feeds/luci/luci-app-zerotier/Makefile	+libc luci-app-zerotier			lua/host luci-base/host LUCI_CSSTIDY:csstidy/host LUCI_SRCDIET:luasrcdiet/host 
luci-lib-base	y	y	keep-target	保留目标版本和硬件相关选择；已有包仍需检查服务配置	x	x	package/feeds/luci/luci-lib-base/Makefile	+libc +lua +luci-lib-nixio +luci-lib-ip +luci-lib-jsonc +liblucihttp-lua			lua/host luci-base/host LUCI_CSSTIDY:csstidy/host LUCI_SRCDIET:luasrcdiet/host 
luci-lib-ip	y	y	keep-target	保留目标版本和硬件相关选择；已有包仍需检查服务配置	x	x	package/feeds/luci/luci-lib-ip/Makefile	+libc +liblua +libnl-tiny			lua/host luci-base/host LUCI_CSSTIDY:csstidy/host LUCI_SRCDIET:luasrcdiet/host 
luci-lib-ipkg	y	y	keep-target	保留目标版本和硬件相关选择；已有包仍需检查服务配置	x	x	package/feeds/luci/luci-lib-ipkg/Makefile	+libc +luci-base +luci-lua-runtime			lua/host luci-base/host LUCI_CSSTIDY:csstidy/host LUCI_SRCDIET:luasrcdiet/host 
luci-lib-json	y	n	generic-candidate	目标已有定义，可迁移功能选择；尚未完成目标架构编译验证	x	x	package/feeds/luci/luci-lib-json/Makefile	+libc +luci-lua-runtime			lua/host luci-base/host LUCI_CSSTIDY:csstidy/host LUCI_SRCDIET:luasrcdiet/host 
luci-lib-jsonc	y	y	keep-target	保留目标版本和硬件相关选择；已有包仍需检查服务配置	x	x	package/feeds/luci/luci-lib-jsonc/Makefile	+libc +liblua +libjson-c			lua/host luci-base/host LUCI_CSSTIDY:csstidy/host LUCI_SRCDIET:luasrcdiet/host 
luci-lib-nixio	y	y	keep-target	保留目标版本和硬件相关选择；已有包仍需检查服务配置	x	x	package/feeds/luci/luci-lib-nixio/Makefile	+libc +liblua			lua/host luci-base/host LUCI_CSSTIDY:csstidy/host LUCI_SRCDIET:luasrcdiet/host 
luci-lib-uqr	y	n	generic-candidate	目标已有定义，可迁移功能选择；尚未完成目标架构编译验证	x	x	package/feeds/luci/luci-lib-uqr/Makefile	+libc 			lua/host luci-base/host LUCI_CSSTIDY:csstidy/host LUCI_SRCDIET:luasrcdiet/host 
luci-light	y	y	keep-target	保留目标版本和硬件相关选择；已有包仍需检查服务配置	x	x	package/feeds/luci/luci-light/Makefile	+libc +IPV6:luci-proto-ipv6 +luci-app-firewall +luci-mod-admin-full +luci-proto-ppp +luci-theme-bootstrap +rpcd-mod-rrdns +uhttpd +uhttpd-mod-ubus			lua/host luci-base/host LUCI_CSSTIDY:csstidy/host LUCI_SRCDIET:luasrcdiet/host 
luci-lua-runtime	y	y	keep-target	保留目标版本和硬件相关选择；已有包仍需检查服务配置	x	x	package/feeds/luci/luci-lua-runtime/Makefile	+libc +luci-base +lua +luci-lib-base +luci-lib-nixio +luci-lib-ip +luci-lib-jsonc +libubus-lua +liblucihttp-lua +ucode-mod-lua			lua/host luci-base/host LUCI_CSSTIDY:csstidy/host LUCI_SRCDIET:luasrcdiet/host 
luci-mod-admin-full	y	y	keep-target	保留目标版本和硬件相关选择；已有包仍需检查服务配置	x	x	package/feeds/luci/luci-mod-admin-full/Makefile	+libc +luci-base +luci-mod-status +luci-mod-system +luci-mod-network			lua/host luci-base/host LUCI_CSSTIDY:csstidy/host LUCI_SRCDIET:luasrcdiet/host 
luci-mod-dashboard	y	n	generic-candidate	目标已有定义，可迁移功能选择；尚未完成目标架构编译验证	x	x	package/feeds/luci/luci-mod-dashboard/Makefile	+libc +luci-base +libiwinfo			iwinfo lua/host luci-base/host LUCI_CSSTIDY:csstidy/host LUCI_SRCDIET:luasrcdiet/host 
luci-mod-network	y	y	keep-target	保留目标版本和硬件相关选择；已有包仍需检查服务配置	x	x	package/feeds/luci/luci-mod-network/Makefile	+libc +luci-base +rpcd-mod-iwinfo			lua/host luci-base/host LUCI_CSSTIDY:csstidy/host LUCI_SRCDIET:luasrcdiet/host 
luci-mod-rpc	y	n	generic-candidate	目标已有定义，可迁移功能选择；尚未完成目标架构编译验证	x	x	package/feeds/luci/luci-mod-rpc/Makefile	+libc +luci-lib-json +luci-lua-runtime			lua/host luci-base/host LUCI_CSSTIDY:csstidy/host LUCI_SRCDIET:luasrcdiet/host 
luci-mod-status	y	y	keep-target	保留目标版本和硬件相关选择；已有包仍需检查服务配置	x	x	package/feeds/luci/luci-mod-status/Makefile	+libc +luci-base +libiwinfo +rpcd-mod-iwinfo			iwinfo lua/host luci-base/host LUCI_CSSTIDY:csstidy/host LUCI_SRCDIET:luasrcdiet/host 
luci-mod-system	y	y	keep-target	保留目标版本和硬件相关选择；已有包仍需检查服务配置	x	x	package/feeds/luci/luci-mod-system/Makefile	+libc +luci-base			lua/host luci-base/host LUCI_CSSTIDY:csstidy/host LUCI_SRCDIET:luasrcdiet/host 
luci-proto-3g	y	n	modem-review	保留 ModemManager 单一拨号管理；诊断工具可按需保留	x	x	package/feeds/luci/luci-proto-3g/Makefile	+libc +comgt			lua/host luci-base/host LUCI_CSSTIDY:csstidy/host LUCI_SRCDIET:luasrcdiet/host 
luci-proto-ipv6	y	y	keep-target	保留目标版本和硬件相关选择；已有包仍需检查服务配置	x	x	package/feeds/luci/luci-proto-ipv6/Makefile	+libc @IPV6			lua/host luci-base/host LUCI_CSSTIDY:csstidy/host LUCI_SRCDIET:luasrcdiet/host 
luci-proto-mbim	y	n	modem-review	保留 ModemManager 单一拨号管理；诊断工具可按需保留	x	x	package/feeds/luci/luci-proto-mbim/Makefile	+libc +umbim			lua/host luci-base/host LUCI_CSSTIDY:csstidy/host LUCI_SRCDIET:luasrcdiet/host 
luci-proto-minieap	y	n	generic-candidate	目标已有定义，可迁移功能选择；尚未完成目标架构编译验证	2.1-r1	2.1-r1	package/feeds/luci/luci-proto-minieap/Makefile	+libc +minieap			lua/host luci-base/host LUCI_CSSTIDY:csstidy/host LUCI_SRCDIET:luasrcdiet/host 
luci-proto-modemmanager	y	y	keep-target	保留目标版本和硬件相关选择；已有包仍需检查服务配置	x	x	package/feeds/luci/luci-proto-modemmanager/Makefile	+libc +modemmanager			lua/host luci-base/host LUCI_CSSTIDY:csstidy/host LUCI_SRCDIET:luasrcdiet/host 
luci-proto-ncm	y	n	modem-review	保留 ModemManager 单一拨号管理；诊断工具可按需保留	x	x	package/feeds/luci/luci-proto-ncm/Makefile	+libc +comgt-ncm			lua/host luci-base/host LUCI_CSSTIDY:csstidy/host LUCI_SRCDIET:luasrcdiet/host 
luci-proto-ppp	y	y	keep-target	保留目标版本和硬件相关选择；已有包仍需检查服务配置	x	x	package/feeds/luci/luci-proto-ppp/Makefile	+libc 			lua/host luci-base/host LUCI_CSSTIDY:csstidy/host LUCI_SRCDIET:luasrcdiet/host 
luci-proto-qmi	y	n	modem-review	保留 ModemManager 单一拨号管理；诊断工具可按需保留	x	x	package/feeds/luci/luci-proto-qmi/Makefile	+libc +uqmi			lua/host luci-base/host LUCI_CSSTIDY:csstidy/host LUCI_SRCDIET:luasrcdiet/host 
luci-proto-quectel	y	n	modem-review	保留 ModemManager 单一拨号管理；诊断工具可按需保留	x	x	package/feeds/luci/luci-proto-quectel/Makefile	+libc +quectel-cm			lua/host luci-base/host LUCI_CSSTIDY:csstidy/host LUCI_SRCDIET:luasrcdiet/host 
luci-proto-vxlan	y	n	generic-candidate	目标已有定义，可迁移功能选择；尚未完成目标架构编译验证	x	x	package/feeds/luci/luci-proto-vxlan/Makefile	+libc +vxlan +ip-bridge			lua/host luci-base/host LUCI_CSSTIDY:csstidy/host LUCI_SRCDIET:luasrcdiet/host 
luci-proto-wireguard	y	n	generic-candidate	目标已有定义，可迁移功能选择；尚未完成目标架构编译验证	x	x	package/feeds/luci/luci-proto-wireguard/Makefile	+libc +wireguard-tools +ucode +luci-lib-uqr +resolveip			lua/host luci-base/host LUCI_CSSTIDY:csstidy/host LUCI_SRCDIET:luasrcdiet/host 
luci-ssl	y	n	tls-variant	目标已用 libustream-openssl，优先 luci-ssl-openssl	x	x	package/feeds/luci/luci-ssl/Makefile	+libc +luci-light +libustream-mbedtls +px5g-mbedtls +luci-app-package-manager			lua/host luci-base/host LUCI_CSSTIDY:csstidy/host LUCI_SRCDIET:luasrcdiet/host 
luci-theme-argon	y	n	generic-candidate	目标已有定义，可迁移功能选择；尚未完成目标架构编译验证	2.4.3-r20250722	2.4.3-r20250722	package/feeds/luci/luci-theme-argon/Makefile	+libc +wget +jsonfilter			lua/host luci-base/host LUCI_CSSTIDY:csstidy/host LUCI_SRCDIET:luasrcdiet/host 
luci-theme-bootstrap	y	y	keep-target	保留目标版本和硬件相关选择；已有包仍需检查服务配置	x	x	package/feeds/luci/luci-theme-bootstrap/Makefile	+libc +luci-base			lua/host luci-base/host LUCI_CSSTIDY:csstidy/host LUCI_SRCDIET:luasrcdiet/host 
luci-theme-kucat	y	y	keep-target	保留目标版本和硬件相关选择；已有包仍需检查服务配置	3.3.2-r20260329	3.3.2-r20260329	package/luci-theme-kucat/Makefile	+libc +wget +curl +jsonfilter			lua/host luci-base/host LUCI_CSSTIDY:csstidy/host LUCI_SRCDIET:luasrcdiet/host 
mdadm	y	n	generic-candidate	目标已有定义，可迁移功能选择；尚未完成目标架构编译验证	4.3-r2	4.3-r2	package/utils/mdadm/Makefile	+libc +libpthread +kmod-md-mod +kmod-md-raid0 +kmod-md-raid10 +kmod-md-raid1			
mdns-utils	y	n	generic-candidate	目标已有定义，可迁移功能选择；尚未完成目标架构编译验证	2200.100.94.0.2-r1	2200.100.94.0.2-r1	package/feeds/packages/mdnsresponder/Makefile	+libc +mdnsd			libcap
mdnsd	y	n	runtime-review	可用源码候选；核对默认启动、端口、规则和卸载路径	2200.100.94.0.2-r1	2200.100.94.0.2-r1	package/feeds/packages/mdnsresponder/Makefile	+libc 			libcap
mdnsresponder	y	n	runtime-review	可用源码候选；核对默认启动、端口、规则和卸载路径	2200.100.94.0.2-r1	2200.100.94.0.2-r1	package/feeds/packages/mdnsresponder/Makefile	+libc +mdns-utils +mdnsd			libcap
memcached	y	n	runtime-review	可用源码候选；核对默认启动、端口、规则和卸载路径	1.6.31-r1	1.6.31-r1	package/feeds/packages/memcached/Makefile	+libc +libevent2 +libpthread			
microsocks	y	n	generic-candidate	目标已有定义，可迁移功能选择；尚未完成目标架构编译验证	1.0.5-r2	1.0.5-r2	package/feeds/packages/microsocks/Makefile	+libc 			
mihomo-meta	y	n	runtime-review	可用源码候选；核对默认启动、端口、规则和卸载路径	1.19.27	1.19.30	package/luci-app-nikki/mihomo-meta/Makefile	+libc @(aarch64||arm||i386||i686||loongarch64||mips||mips64||mips64el||mipsel||riscv64||x86_64) +ca-bundle +ip-full +kmod-inet-diag +kmod-tun	mihomo	mihomo-alpha	golang/host
minieap	y	n	generic-candidate	目标已有定义，可迁移功能选择；尚未完成目标架构编译验证	0.93-r1	0.93-r1	package/feeds/packages/minieap/Makefile	+libc 			
miniupnpc	y	n	generic-candidate	目标已有定义，可迁移功能选择；尚未完成目标架构编译验证	2.2.8-r1	2.2.8-r1	package/feeds/packages/miniupnpc/Makefile	+libc +libminiupnpc			
miniupnpd-iptables	m	n	runtime-review	可用源码候选；核对默认启动、端口、规则和卸载路径	2.3.9-r1	2.3.9-r1	package/feeds/packages/miniupnpd/Makefile	+libc +libcap-ng +libmnl +libuuid +IPV6:ip6tables +IPV6:libip6tc +iptables +libip4tc +libnetfilter-conntrack	miniupnpd		
miniupnpd-nftables	y	n	runtime-review	可用源码候选；核对默认启动、端口、规则和卸载路径	2.3.9-r1	2.3.9-r1	package/feeds/packages/miniupnpd/Makefile	+libc +libcap-ng +libmnl +libuuid +libnftnl	miniupnpd	miniupnpd-iptables	
mkf2fs	y	y	keep-target	保留目标版本和硬件相关选择；已有包仍需检查服务配置	1.16.0-r3	1.16.0-r3	package/utils/f2fs-tools/Makefile	+libc +libf2fs		mkf2fs-selinux	
mlxsw_spectrum-firmware	y	n	exclude-hardware	x86/外设驱动与固件不整体搬；板级包由 R3 Mini 选择	20241110-r2	20260221-r2	package/firmware/linux-firmware/Makefile	+libc 			
mlxsw_spectrum2-firmware	y	n	exclude-hardware	x86/外设驱动与固件不整体搬；板级包由 R3 Mini 选择	20241110-r2	20260221-r2	package/firmware/linux-firmware/Makefile	+libc 			
mlxsw_spectrum3-firmware	y	n	exclude-hardware	x86/外设驱动与固件不整体搬；板级包由 R3 Mini 选择	20241110-r2	20260221-r2	package/firmware/linux-firmware/Makefile	+libc 			
mlxsw_spectrum4-firmware	y	n	exclude-hardware	x86/外设驱动与固件不整体搬；板级包由 R3 Mini 选择	20241110-r2	20260221-r2	package/firmware/linux-firmware/Makefile	+libc 			
modemband	y	n	modem-review	保留 ModemManager 单一拨号管理；诊断工具可按需保留	20241111-r1	20241111-r1	package/feeds/packages/modemband/Makefile	+libc +sms-tool			
modemmanager	y	y	keep-target	保留目标版本和硬件相关选择；已有包仍需检查服务配置	1.22.0-r20	1.22.0-r20	package/feeds/packages/modemmanager/Makefile	+libc +BUILD_NLS:libintl-full +glib2 +dbus +ppp +MODEMMANAGER_WITH_MBIM:libmbim +MODEMMANAGER_WITH_QMI:libqmi +MODEMMANAGER_WITH_QRTR:libqrtr-glib			glib2/host libxslt/host
modemmanager-rpcd	y	n	modem-review	保留 ModemManager 单一拨号管理；诊断工具可按需保留	1.22.0-r20	1.22.0-r20	package/feeds/packages/modemmanager/Makefile	+libc modemmanager +lua-cjson			glib2/host libxslt/host
mount-utils	y	n	generic-candidate	目标已有定义，可迁移功能选择；尚未完成目标架构编译验证	2.40.2-r1	2.40.2-r1	package/utils/util-linux/Makefile	+libc +librt +libmount +libsmartcols			
msgpack-c	y	n	dependency	用目标构建系统重算依赖；Python/Perl 功能模块可按需补全	6.0.0-r1	6.0.0-r1	package/feeds/packages/msgpack-c/Makefile	+libc 			
mtd	y	y	keep-target	保留目标版本和硬件相关选择；已有包仍需检查服务配置	26	26	package/system/mtd/Makefile	+libc +libubox			
naiveproxy	y	n	heavy-build	存在 aarch64 候选；关注工具链、下载和编译成本	140.0.7339.123.3-r1	140.0.7339.123.3-r1	package/feeds/packages/naiveproxy/Makefile	+libc @!(arc||armeb||loongarch64||mips||mips64||powerpc||TARGET_gemini) +libatomic			gn/host
natmap	y	n	generic-candidate	目标已有定义，可迁移功能选择；尚未完成目标架构编译验证	20260214-r1	20260214-r1	package/feeds/packages/natmap/Makefile	+libc 			
ndisc6	y	n	generic-candidate	目标已有定义，可迁移功能选择；尚未完成目标架构编译验证	1.0.2-r1	1.0.2-r1	package/mtk/applications/ndisc/Makefile	+libc +libpthread +librt			
netdata	y	n	runtime-review	可用源码候选；核对默认启动、端口、规则和卸载路径	1.38.1-r3	1.38.1-r3	package/feeds/packages/netdata/Makefile	+libc +zlib +libuuid +libuv +libmnl +libjson-c +libopenssl +libstdcpp +libatomic +protobuf +openssl-util +curl +bash			protobuf/host
netifd	y	y	keep-target	保留目标版本和硬件相关选择；已有包仍需检查服务配置	2025.05.23~7901e66c5f273bceee8981bc8a0c8b0e60945f60-r1	2025.05.23~7901e66c5f273bceee8981bc8a0c8b0e60945f60-r1	package/network/config/netifd/Makefile	+libc +libuci +libnl-tiny +libubus +ubus +ubusd +jshn +libubox +libudebug +ucode +ucode-mod-fs			
nexttrace	y	n	generic-candidate	目标已有定义，可迁移功能选择；尚未完成目标架构编译验证	1.4.0-r1	1.4.0-r1	package/feeds/packages/nexttrace/Makefile	+libc @(aarch64||arm||i386||i686||loongarch64||mips||mips64||mips64el||mipsel||riscv64||x86_64) +ca-bundle			golang/host
nfs-kernel-server	y	n	runtime-review	可用源码候选；核对默认启动、端口、规则和卸载路径	2.6.2-r4	2.6.2-r4	package/feeds/packages/nfs-kernel-server/Makefile	+libc +libblkid +libuuid +libtirpc +kmod-fs-nfsd +kmod-fs-nfs +NFS_KERNEL_SERVER_V4:kmod-fs-nfs-v4 +rpcbind +NFS_KERNEL_SERVER_V4:nfs-utils-libs +NFS_KERNEL_SERVER_V4:libkeyutils +NFS_KERNEL_SERVER_V4:libdevmapper			nfs-kernel-server/host libevent2
nfs-kernel-server-utils	y	n	generic-candidate	目标已有定义，可迁移功能选择；尚未完成目标架构编译验证	2.6.2-r4	2.6.2-r4	package/feeds/packages/nfs-kernel-server/Makefile	+libc nfs-kernel-server			nfs-kernel-server/host libevent2
nfs-utils	y	n	generic-candidate	目标已有定义，可迁移功能选择；尚未完成目标架构编译验证	2.6.2-r4	2.6.2-r4	package/feeds/packages/nfs-kernel-server/Makefile	+libc +libblkid +libuuid +libtirpc +NFS_KERNEL_SERVER_V4:libkeyutils +NFS_KERNEL_SERVER_V4:libdevmapper			nfs-kernel-server/host libevent2
nfs-utils-libs	y	n	generic-candidate	目标已有定义，可迁移功能选择；尚未完成目标架构编译验证	2.6.2-r4	2.6.2-r4	package/feeds/packages/nfs-kernel-server/Makefile	+libc +libblkid +libuuid +libtirpc +NFS_KERNEL_SERVER_V4:libkeyutils +NFS_KERNEL_SERVER_V4:libdevmapper			nfs-kernel-server/host libevent2
nftables-json	y	y	keep-target	保留目标版本和硬件相关选择；已有包仍需检查服务配置	1.1.1-r1	1.1.1-r1	package/network/utils/nftables/Makefile	+libc +kmod-nft-core +libnftnl +jansson	nftables		
nikki	y	n	runtime-review	可用源码候选；核对默认启动、端口、规则和卸载路径	2026.04.08-r1	2026.04.08-r1	package/luci-app-nikki/nikki/Makefile	+libc +ca-bundle +curl +yq firewall4 +ip-full +kmod-inet-diag +kmod-nft-socket +kmod-nft-tproxy +kmod-tun +kmod-dummy +mihomo			
nmap	y	n	generic-candidate	目标已有定义，可迁移功能选择；尚未完成目标架构编译验证	7.95-r1	7.95-r1	package/feeds/packages/nmap/Makefile	+libc +libpcap +libstdcpp +zlib +libpcre2			
node	y	n	exclude-node	用户要求暂缓 Node.js；同时排除反向依赖	22.22.2-r1	22.22.2-r1	package/feeds/packages/node/Makefile	+libc @HAS_FPU @(i386||x86_64||arm||aarch64||riscv64) +libstdcpp +libopenssl +zlib +libnghttp2 +libcares +libatomic +NODEJS_ICU_SYSTEM:icu +NODEJS_ICU_SYSTEM:icu-full-data			python3/host
node-bufferutil	y	n	exclude-node	用户要求暂缓 Node.js；同时排除反向依赖	4.1.0-r1	4.1.0-r1	package/feeds/packages/node-bufferutil/Makefile	+libc +node			node/host
node-clean-modules	y	n	exclude-node	用户要求暂缓 Node.js；同时排除反向依赖	3.1.1-r1	3.1.1-r1	package/feeds/packages/node-clean-modules/Makefile	+libc +node			node/host
node-javascript-obfuscator	y	n	exclude-node	用户要求暂缓 Node.js；同时排除反向依赖	5.4.1-r1	5.4.1-r1	package/feeds/packages/node-javascript-obfuscator/Makefile	+libc +node			node/host
node-jsonfile	y	n	exclude-node	用户要求暂缓 Node.js；同时排除反向依赖	6.2.0-r1	6.2.0-r1	package/feeds/packages/node-jsonfile/Makefile	+libc +node			node/host
node-nconf	y	n	exclude-node	用户要求暂缓 Node.js；同时排除反向依赖	0.13.0-r1	0.13.0-r1	package/feeds/packages/node-nconf/Makefile	+libc +node			node/host
node-net-ping	y	n	exclude-node	用户要求暂缓 Node.js；同时排除反向依赖	1.2.4-r1	1.2.4-r1	package/feeds/packages/node-net-ping/Makefile	+libc +node +node-raw-socket			node/host
node-npm	y	n	exclude-node	用户要求暂缓 Node.js；同时排除反向依赖	22.22.2-r1	22.22.2-r1	package/feeds/packages/node/Makefile	+libc +node			python3/host
node-npm-check-updates	y	n	exclude-node	用户要求暂缓 Node.js；同时排除反向依赖	20.0.0-r1	20.0.0-r1	package/feeds/packages/node-npm-check-updates/Makefile	+libc +node +git			node/host
node-npm-run-all2	y	n	exclude-node	用户要求暂缓 Node.js；同时排除反向依赖	8.0.4-r1	8.0.4-r1	package/feeds/packages/node-npm-run-all2/Makefile	+libc +node			node/host
node-raw-socket	y	n	exclude-node	用户要求暂缓 Node.js；同时排除反向依赖	1.8.1-r1	1.8.1-r1	package/feeds/packages/node-raw-socket/Makefile	+libc +node			node/host
node-sleep	y	n	exclude-node	用户要求暂缓 Node.js；同时排除反向依赖	6.3.0-r3	6.3.0-r3	package/feeds/packages/node-sleep/Makefile	+libc +node			node/host
node-sqlite3	y	n	exclude-node	用户要求暂缓 Node.js；同时排除反向依赖	6.0.1-r1	6.0.1-r1	package/feeds/packages/node-sqlite3/Makefile	+libc +node			node/host
node-static	y	n	exclude-node	用户要求暂缓 Node.js；同时排除反向依赖	0.7.11-r4	0.7.11-r4	package/feeds/packages/node-static/Makefile	+libc +node			node/host
node-usb	y	n	exclude-node	用户要求暂缓 Node.js；同时排除反向依赖	2.17.0-r1	2.17.0-r1	package/feeds/packages/node-usb/Makefile	+libc +node +libusb-1.0			node/host
node-utf-8-validate	y	n	exclude-node	用户要求暂缓 Node.js；同时排除反向依赖	6.0.6-r1	6.0.6-r1	package/feeds/packages/node-utf-8-validate/Makefile	+libc +node			node/host
node-websocket	y	n	exclude-node	用户要求暂缓 Node.js；同时排除反向依赖	1.0.35-r1	1.0.35-r1	package/feeds/packages/node-websocket/Makefile	+libc +node +node-bufferutil +node-utf-8-validate			node/host
node-ws	y	n	exclude-node	用户要求暂缓 Node.js；同时排除反向依赖	8.20.0-r1	8.20.0-r1	package/feeds/packages/node-ws/Makefile	+libc +node +node-bufferutil +node-utf-8-validate			node/host
node-yarn	y	n	exclude-node	用户要求暂缓 Node.js；同时排除反向依赖	1.22.22-r1	1.22.22-r1	package/feeds/packages/node-yarn/Makefile	+libc +node			node/host
npc	y	n	generic-candidate	目标已有定义，可迁移功能选择；尚未完成目标架构编译验证	0.26.24-r1	0.26.24-r1	package/feeds/packages/nps/Makefile	+libc @(aarch64||arm||i386||i686||loongarch64||mips||mips64||mips64el||mipsel||riscv64||x86_64) +ca-bundle			golang/host
ntfs-3g	y	n	runtime-review	可用源码候选；核对默认启动、端口、规则和卸载路径	2022.10.3-r1	2022.10.3-r1	package/feeds/packages/ntfs-3g/Makefile	+libc +kmod-fuse +PACKAGE_NTFS-3G_USE_LIBFUSE:libfuse +libpthread			
ntfs3-mount	y	y	keep-target	保留目标版本和硬件相关选择；已有包仍需检查服务配置	10	10	package/emortal/automount/Makefile	+libc +kmod-fs-ntfs3		ntfs-3g	
ntp-utils	y	n	generic-candidate	目标已有定义，可迁移功能选择；尚未完成目标架构编译验证	4.2.8_p17-r3	4.2.8_p17-r3	package/feeds/packages/ntpd/Makefile	+libc +libopenssl +libpthread +libcap +libevent2-pthreads			
ntpd	y	n	runtime-review	可用源码候选；核对默认启动、端口、规则和卸载路径	4.2.8_p17-r3	4.2.8_p17-r3	package/feeds/packages/ntpd/Makefile	+libc +libopenssl +libpthread +libcap +ntp-utils			
ntpdate	y	n	runtime-review	可用源码候选；核对默认启动、端口、规则和卸载路径	4.2.8_p17-r3	4.2.8_p17-r3	package/feeds/packages/ntpd/Makefile	+libc +libopenssl +libpthread +libcap			
nvme-cli	y	n	generic-candidate	目标已有定义，可迁移功能选择；尚未完成目标架构编译验证	2.9.1-r1	2.9.1-r1	package/feeds/packages/nvme-cli/Makefile	+libc +libnvme			
odhcp6c	y	y	keep-target	保留目标版本和硬件相关选择；已有包仍需检查服务配置	2024.09.25~b6ae9ffaeb0e18e9fa3d5be62faa8d3c9f340a58-r1	2024.09.25~b6ae9ffaeb0e18e9fa3d5be62faa8d3c9f340a58-r1	package/network/ipv6/odhcp6c/Makefile	+libc @IPV6 +libubox			
odhcpd-ipv6only	y	y	keep-target	保留目标版本和硬件相关选择；已有包仍需检查服务配置	2025.10.02~b14cf98c914d8582f18c7b263814797366fa185d-r2	2025.10.02~b14cf98c914d8582f18c7b263814797366fa185d-r2	package/network/services/odhcpd/Makefile	+libc +libjson-c +libubox +libuci +libubus +libnl-tiny @IPV6			
omcproxy	y	n	runtime-review	可用源码候选；核对默认启动、端口、规则和卸载路径	2025.02.27~582cd8d3ae7e6af0073ce1d9198387af48affd60-r1	2025.02.27~582cd8d3ae7e6af0073ce1d9198387af48affd60-r1	package/network/services/omcproxy/Makefile	+libc +libubox +libubus			
openssh-client	y	n	generic-candidate	目标已有定义，可迁移功能选择；尚未完成目标架构编译验证	9.9_p2-r1	9.9_p2-r1	package/feeds/packages/openssh/Makefile	+libc +libopenssl +zlib			OPENSSH_LIBFIDO2:libfido2
openssh-client-utils	y	n	generic-candidate	目标已有定义，可迁移功能选择；尚未完成目标架构编译验证	9.9_p2-r1	9.9_p2-r1	package/feeds/packages/openssh/Makefile	+libc +libopenssl +zlib +openssh-client +openssh-keygen			OPENSSH_LIBFIDO2:libfido2
openssh-keygen	y	n	generic-candidate	目标已有定义，可迁移功能选择；尚未完成目标架构编译验证	9.9_p2-r1	9.9_p2-r1	package/feeds/packages/openssh/Makefile	+libc +libopenssl +zlib			OPENSSH_LIBFIDO2:libfido2
openssh-moduli	y	n	generic-candidate	目标已有定义，可迁移功能选择；尚未完成目标架构编译验证	9.9_p2-r1	9.9_p2-r1	package/feeds/packages/openssh/Makefile	+libc +openssh-keygen			OPENSSH_LIBFIDO2:libfido2
openssh-server	y	n	runtime-review	可用源码候选；核对默认启动、端口、规则和卸载路径	9.9_p2-r1	9.9_p2-r1	package/feeds/packages/openssh/Makefile	+libc +libopenssl +zlib +openssh-keygen +OPENSSH_LIBFIDO2:libfido2			OPENSSH_LIBFIDO2:libfido2
openssh-sftp-avahi-service	y	n	generic-candidate	目标已有定义，可迁移功能选择；尚未完成目标架构编译验证	9.9_p2-r1	9.9_p2-r1	package/feeds/packages/openssh/Makefile	+libc +openssh-sftp-server +avahi-daemon			OPENSSH_LIBFIDO2:libfido2
openssh-sftp-client	y	n	generic-candidate	目标已有定义，可迁移功能选择；尚未完成目标架构编译验证	9.9_p2-r1	9.9_p2-r1	package/feeds/packages/openssh/Makefile	+libc 			OPENSSH_LIBFIDO2:libfido2
openssh-sftp-server	y	n	generic-candidate	目标已有定义，可迁移功能选择；尚未完成目标架构编译验证	9.9_p2-r1	9.9_p2-r1	package/feeds/packages/openssh/Makefile	+libc 			OPENSSH_LIBFIDO2:libfido2
openssl-util	y	n	generic-candidate	目标已有定义，可迁移功能选择；尚未完成目标架构编译验证	3.0.18-r1	3.0.20-r1	package/libs/openssl/Makefile	+libc +libopenssl +libopenssl-conf			
openwrt-keyring	y	y	keep-target	保留目标版本和硬件相关选择；已有包仍需检查服务配置	2024.11.01~c5d6bdf2776ae5b0eaae547ced1767761f1a20d1-r1	2024.11.01~c5d6bdf2776ae5b0eaae547ced1767761f1a20d1-r1	package/system/openwrt-keyring/Makefile	+libc 	lede-keyring		
opkg	y	y	keep-target	保留目标版本和硬件相关选择；已有包仍需检查服务配置	2024.10.16~38eccbb1fd694d4798ac1baf88f9ba83d1eac616-r1	2024.10.16~38eccbb1fd694d4798ac1baf88f9ba83d1eac616-r1	package/system/opkg/Makefile	+libc +uclient-fetch +libpthread +libubox			
p910nd	y	n	runtime-review	可用源码候选；核对默认启动、端口、规则和卸载路径	0.97-r14	0.97-r14	package/feeds/packages/p910nd/Makefile	+libc 			
parted	y	n	generic-candidate	目标已有定义，可迁移功能选择；尚未完成目标架构编译验证	3.6-r1	3.6-r1	package/feeds/packages/parted/Makefile	+libc +libparted +PARTED_READLINE:libreadline +PARTED_READLINE:libncurses			
partx-utils	y	n	generic-candidate	目标已有定义，可迁移功能选择；尚未完成目标架构编译验证	2.40.2-r1	2.40.2-r1	package/utils/util-linux/Makefile	+libc +libblkid +libsmartcols			
pciids	y	n	generic-candidate	目标已有定义，可迁移功能选择；尚未完成目标架构编译验证	0.407-r1	0.407-r1	package/feeds/packages/hwdata/Makefile	+libc 			
pciutils	y	n	generic-candidate	目标已有定义，可迁移功能选择；尚未完成目标架构编译验证	3.14.0-r2	3.14.0-r2	package/feeds/packages/pciutils/Makefile	+libc +libkmod +libpci +pciids			
perl	y	n	generic-candidate	目标已有定义，可迁移功能选择；尚未完成目标架构编译验证	5.40.0-r3	5.40.0-r4	package/feeds/packages/perl/Makefile	+libc +USE_GLIBC:libbsd +PERL_THREADS:libpthread @!arc			perl/host
perl-net-cidr-lite	y	n	generic-candidate	目标已有定义，可迁移功能选择；尚未完成目标架构编译验证	0.21.5.40-r1	0.21.5.40-r1	package/feeds/packages/perl-net-cidr-lite/Makefile	+libc perl +perlbase-essential +perlbase-config +perlbase-io +perlbase-dynaloader			
perl-text-csv_xs	y	n	generic-candidate	目标已有定义，可迁移功能选择；尚未完成目标架构编译验证	1.55.5.40-r1	1.55.5.40-r1	package/feeds/packages/perl-text-csv_xs/Makefile	+libc perl +perlbase-essential +perlbase-config +perlbase-io +perlbase-dynaloader			
perlbase-base	y	n	dependency	用目标构建系统重算依赖；Python/Perl 功能模块可按需补全	5.40.0-r3	5.40.0-r4	package/feeds/packages/perl/Makefile	+libc perl +perlbase-essential			perl/host
perlbase-bytes	y	n	dependency	用目标构建系统重算依赖；Python/Perl 功能模块可按需补全	5.40.0-r3	5.40.0-r4	package/feeds/packages/perl/Makefile	+libc perl			perl/host
perlbase-class	y	n	dependency	用目标构建系统重算依赖；Python/Perl 功能模块可按需补全	5.40.0-r3	5.40.0-r4	package/feeds/packages/perl/Makefile	+libc perl +perlbase-essential			perl/host
perlbase-config	y	n	dependency	用目标构建系统重算依赖；Python/Perl 功能模块可按需补全	5.40.0-r3	5.40.0-r4	package/feeds/packages/perl/Makefile	+libc perl			perl/host
perlbase-dynaloader	y	n	dependency	用目标构建系统重算依赖；Python/Perl 功能模块可按需补全	5.40.0-r3	5.40.0-r4	package/feeds/packages/perl/Makefile	+libc perl +perlbase-config			perl/host
perlbase-errno	y	n	dependency	用目标构建系统重算依赖；Python/Perl 功能模块可按需补全	5.40.0-r3	5.40.0-r4	package/feeds/packages/perl/Makefile	+libc perl +perlbase-config +perlbase-essential			perl/host
perlbase-essential	y	n	dependency	用目标构建系统重算依赖；Python/Perl 功能模块可按需补全	5.40.0-r3	5.40.0-r4	package/feeds/packages/perl/Makefile	+libc perl +perlbase-config			perl/host
perlbase-fcntl	y	n	dependency	用目标构建系统重算依赖；Python/Perl 功能模块可按需补全	5.40.0-r3	5.40.0-r4	package/feeds/packages/perl/Makefile	+libc perl +perlbase-essential +perlbase-xsloader			perl/host
perlbase-filehandle	y	n	dependency	用目标构建系统重算依赖；Python/Perl 功能模块可按需补全	5.40.0-r3	5.40.0-r4	package/feeds/packages/perl/Makefile	+libc perl +perlbase-essential +perlbase-io			perl/host
perlbase-getopt	y	n	dependency	用目标构建系统重算依赖；Python/Perl 功能模块可按需补全	5.40.0-r3	5.40.0-r4	package/feeds/packages/perl/Makefile	+libc perl +perlbase-essential			perl/host
perlbase-io	y	n	dependency	用目标构建系统重算依赖；Python/Perl 功能模块可按需补全	5.40.0-r3	5.40.0-r4	package/feeds/packages/perl/Makefile	+libc perl +perlbase-base +perlbase-bytes +perlbase-config +perlbase-errno +perlbase-essential +perlbase-fcntl +perlbase-list +perlbase-posix +perlbase-scalar +perlbase-selectsaver +perlbase-socket +perlbase-symbol +perlbase-tie +perlbase-xsloader			perl/host
perlbase-list	y	n	dependency	用目标构建系统重算依赖；Python/Perl 功能模块可按需补全	5.40.0-r3	5.40.0-r4	package/feeds/packages/perl/Makefile	+libc perl +perlbase-essential +perlbase-xsloader			perl/host
perlbase-net	y	n	dependency	用目标构建系统重算依赖；Python/Perl 功能模块可按需补全	5.40.0-r3	5.40.0-r4	package/feeds/packages/perl/Makefile	+libc perl +perlbase-class +perlbase-errno +perlbase-essential +perlbase-fcntl +perlbase-filehandle +perlbase-io +perlbase-posix +perlbase-socket +perlbase-symbol +perlbase-time			perl/host
perlbase-posix	y	n	dependency	用目标构建系统重算依赖；Python/Perl 功能模块可按需补全	5.40.0-r3	5.40.0-r4	package/feeds/packages/perl/Makefile	+libc perl +perlbase-essential +perlbase-fcntl +perlbase-tie +perlbase-xsloader			perl/host
perlbase-scalar	y	n	dependency	用目标构建系统重算依赖；Python/Perl 功能模块可按需补全	5.40.0-r3	5.40.0-r4	package/feeds/packages/perl/Makefile	+libc perl +perlbase-essential +perlbase-list			perl/host
perlbase-selectsaver	y	n	dependency	用目标构建系统重算依赖；Python/Perl 功能模块可按需补全	5.40.0-r3	5.40.0-r4	package/feeds/packages/perl/Makefile	+libc perl +perlbase-essential +perlbase-symbol			perl/host
perlbase-socket	y	n	dependency	用目标构建系统重算依赖；Python/Perl 功能模块可按需补全	5.40.0-r3	5.40.0-r4	package/feeds/packages/perl/Makefile	+libc perl +perlbase-essential +perlbase-xsloader			perl/host
perlbase-symbol	y	n	dependency	用目标构建系统重算依赖；Python/Perl 功能模块可按需补全	5.40.0-r3	5.40.0-r4	package/feeds/packages/perl/Makefile	+libc perl +perlbase-essential			perl/host
perlbase-tie	y	n	dependency	用目标构建系统重算依赖；Python/Perl 功能模块可按需补全	5.40.0-r3	5.40.0-r4	package/feeds/packages/perl/Makefile	+libc perl +perlbase-essential +perlbase-fcntl +perlbase-xsloader			perl/host
perlbase-time	y	n	dependency	用目标构建系统重算依赖；Python/Perl 功能模块可按需补全	5.40.0-r3	5.40.0-r4	package/feeds/packages/perl/Makefile	+libc perl +perlbase-class +perlbase-config +perlbase-dynaloader +perlbase-essential			perl/host
perlbase-xsloader	y	n	dependency	用目标构建系统重算依赖；Python/Perl 功能模块可按需补全	5.40.0-r3	5.40.0-r4	package/feeds/packages/perl/Makefile	+libc perl			perl/host
php8	m	n	generic-candidate	目标已有定义，可迁移功能选择；尚未完成目标架构编译验证	8.3.31-r1	8.3.32-r1	package/feeds/packages/php8/Makefile	+libc +libpcre2 +zlib +PHP8_LIBXML:libxml2 +PHP8_SYSTEMTZDATA:zoneinfo-core		php7	
php8-cgi	m	n	generic-candidate	目标已有定义，可迁移功能选择；尚未完成目标架构编译验证	8.3.31-r1	8.3.32-r1	package/feeds/packages/php8/Makefile	+libc php8 +PACKAGE_php8-mod-intl:libstdcpp +riscv64:libatomic			
php8-mod-pdo	m	n	generic-candidate	目标已有定义，可迁移功能选择；尚未完成目标架构编译验证	8.3.31-r1	8.3.32-r1	package/feeds/packages/php8/Makefile	+libc php8 +riscv64:libatomic			
php8-mod-pdo-sqlite	m	n	generic-candidate	目标已有定义，可迁移功能选择；尚未完成目标架构编译验证	8.3.31-r1	8.3.32-r1	package/feeds/packages/php8/Makefile	+libc php8 +riscv64:libatomic +php8-mod-pdo +PACKAGE_php8-mod-pdo-sqlite:libsqlite3 +PACKAGE_php8-mod-pdo-sqlite:librt			
php8-mod-xml	m	n	generic-candidate	目标已有定义，可迁移功能选择；尚未完成目标架构编译验证	8.3.31-r1	8.3.32-r1	package/feeds/packages/php8/Makefile	+libc php8 +riscv64:libatomic +PHP8_LIBXML:libxml2 +!PHP8_LIBXML:libexpat			
pipx	y	n	generic-candidate	目标已有定义，可迁移功能选择；尚未完成目标架构编译验证	1.3.3-r1	1.3.3-r1	package/feeds/packages/pipx/Makefile	+libc +python3-light +python3-logging +python3-urllib +python3-venv +python3-argcomplete +python3-packaging +python3-platformdirs +python3-userpath			python-hatchling/host python-hatch-vcs/host
ppp	y	y	keep-target	保留目标版本和硬件相关选择；已有包仍需检查服务配置	2.5.1-r1	2.5.1-r1	package/network/services/ppp/Makefile	+libc +kmod-ppp +libpthread +shellsync +kmod-mppe			libpcap
ppp-mod-pppoe	y	y	keep-target	保留目标版本和硬件相关选择；已有包仍需检查服务配置	2.5.1-r1	2.5.1-r1	package/network/services/ppp/Makefile	+libc @(PACKAGE_ppp||PACKAGE_ppp-multilink) +kmod-pppoe			libpcap
procd	y	y	keep-target	保留目标版本和硬件相关选择；已有包仍需检查服务配置	2024.12.22~42d3937654508b04da64969f9d764ac2ec411904-r1	2026.03.14~c59f2d801f6a1b3740a8f08b2fcfe3cfb274699a-r1	package/system/procd/Makefile	+libc +ubusd +ubus +libjson-script +ubox +libubox +libudebug +libubus +libblobmsg-json +libjson-c +jshn		procd-selinux	
procd-seccomp	y	y	keep-target	保留目标版本和硬件相关选择；已有包仍需检查服务配置	2024.12.22~42d3937654508b04da64969f9d764ac2ec411904-r1	2026.03.14~c59f2d801f6a1b3740a8f08b2fcfe3cfb274699a-r1	package/system/procd/Makefile	+libc @USE_SECCOMP +libubox +libblobmsg-json			
procd-ujail	y	y	keep-target	保留目标版本和硬件相关选择；已有包仍需检查服务配置	2024.12.22~42d3937654508b04da64969f9d764ac2ec411904-r1	2026.03.14~c59f2d801f6a1b3740a8f08b2fcfe3cfb274699a-r1	package/system/procd/Makefile	+libc @KERNEL_NAMESPACES +@KERNEL_UTS_NS +@KERNEL_IPC_NS +@KERNEL_PID_NS +libubox +libubus +libuci +libblobmsg-json			
proto-bonding	y	n	generic-candidate	目标已有定义，可迁移功能选择；尚未完成目标架构编译验证	2021.04.09-r1	2021.04.09-r1	package/feeds/packages/bonding/Makefile	+libc +kmod-bonding			
protobuf	y	n	dependency	用目标构建系统重算依赖；Python/Perl 功能模块可按需补全	3.17.3-r2	3.17.3-r2	package/feeds/packages/protobuf/Makefile	+libc +zlib +libpthread +libatomic +libstdcpp +protobuf-lite			
protobuf-lite	y	n	dependency	用目标构建系统重算依赖；Python/Perl 功能模块可按需补全	3.17.3-r2	3.17.3-r2	package/feeds/packages/protobuf/Makefile	+libc +zlib +libpthread +libatomic +libstdcpp			
px5g-mbedtls	y	n	tls-variant	目标已用 libustream-openssl，优先 luci-ssl-openssl	11	11	package/utils/px5g-mbedtls/Makefile	+libc +libmbedtls	px5g		
python3	y	n	generic-candidate	目标已有定义，可迁移功能选择；尚未完成目标架构编译验证	3.11.14-r1	3.11.14-r1	package/feeds/packages/python3/Makefile	+libc +python3-light +python3-asyncio +python3-cgi +python3-cgitb +python3-codecs +python3-ctypes +python3-dbm +python3-decimal +python3-distutils +python3-email +python3-logging +python3-lzma +python3-multiprocessing +python3-ncurses +python3-openssl +python3-pydoc +python3-readline +python3-sqlite3 +python3-unittest +python3-urllib +python3-uuid +python3-xml			bluez python3/host python-build/host python-installer/host python-wheel/host
python3-argcomplete	y	n	dependency	用目标构建系统重算依赖；Python/Perl 功能模块可按需补全	3.2.1-r1	3.2.1-r1	package/feeds/packages/python-argcomplete/Makefile	+libc +python3-light			python-setuptools-scm/host
python3-asyncio	y	n	dependency	用目标构建系统重算依赖；Python/Perl 功能模块可按需补全	3.11.14-r1	3.11.14-r1	package/feeds/packages/python3/Makefile	+libc +python3-light			bluez python3/host python-build/host python-installer/host python-wheel/host
python3-base	y	n	dependency	用目标构建系统重算依赖；Python/Perl 功能模块可按需补全	3.11.14-r1	3.11.14-r1	package/feeds/packages/python3/Makefile	+libc +libpython3			bluez python3/host python-build/host python-installer/host python-wheel/host
python3-cgi	y	n	dependency	用目标构建系统重算依赖；Python/Perl 功能模块可按需补全	3.11.14-r1	3.11.14-r1	package/feeds/packages/python3/Makefile	+libc +python3-light +python3-email			bluez python3/host python-build/host python-installer/host python-wheel/host
python3-cgitb	y	n	dependency	用目标构建系统重算依赖；Python/Perl 功能模块可按需补全	3.11.14-r1	3.11.14-r1	package/feeds/packages/python3/Makefile	+libc +python3-light +python3-cgi +python3-pydoc			bluez python3/host python-build/host python-installer/host python-wheel/host
python3-click	y	n	dependency	用目标构建系统重算依赖；Python/Perl 功能模块可按需补全	8.1.7-r2	8.1.7-r2	package/feeds/packages/python-click/Makefile	+libc +python3-light +python3-urllib +python3-uuid			
python3-codecs	y	n	dependency	用目标构建系统重算依赖；Python/Perl 功能模块可按需补全	3.11.14-r1	3.11.14-r1	package/feeds/packages/python3/Makefile	+libc +python3-light			bluez python3/host python-build/host python-installer/host python-wheel/host
python3-ctypes	y	n	dependency	用目标构建系统重算依赖；Python/Perl 功能模块可按需补全	3.11.14-r1	3.11.14-r1	package/feeds/packages/python3/Makefile	+libc +python3-light +libffi			bluez python3/host python-build/host python-installer/host python-wheel/host
python3-dbm	y	n	dependency	用目标构建系统重算依赖；Python/Perl 功能模块可按需补全	3.11.14-r1	3.11.14-r1	package/feeds/packages/python3/Makefile	+libc +python3-light +libgdbm			bluez python3/host python-build/host python-installer/host python-wheel/host
python3-decimal	y	n	dependency	用目标构建系统重算依赖；Python/Perl 功能模块可按需补全	3.11.14-r1	3.11.14-r1	package/feeds/packages/python3/Makefile	+libc +python3-light			bluez python3/host python-build/host python-installer/host python-wheel/host
python3-distutils	y	n	dependency	用目标构建系统重算依赖；Python/Perl 功能模块可按需补全	3.11.14-r1	3.11.14-r1	package/feeds/packages/python3/Makefile	+libc +python3-light +python3-email			bluez python3/host python-build/host python-installer/host python-wheel/host
python3-email	y	n	dependency	用目标构建系统重算依赖；Python/Perl 功能模块可按需补全	3.11.14-r1	3.11.14-r1	package/feeds/packages/python3/Makefile	+libc +python3-light			bluez python3/host python-build/host python-installer/host python-wheel/host
python3-light	y	n	dependency	用目标构建系统重算依赖；Python/Perl 功能模块可按需补全	3.11.14-r1	3.11.14-r1	package/feeds/packages/python3/Makefile	+libc +python3-base +libbz2 +zlib			bluez python3/host python-build/host python-installer/host python-wheel/host
python3-logging	y	n	dependency	用目标构建系统重算依赖；Python/Perl 功能模块可按需补全	3.11.14-r1	3.11.14-r1	package/feeds/packages/python3/Makefile	+libc +python3-light			bluez python3/host python-build/host python-installer/host python-wheel/host
python3-lzma	y	n	dependency	用目标构建系统重算依赖；Python/Perl 功能模块可按需补全	3.11.14-r1	3.11.14-r1	package/feeds/packages/python3/Makefile	+libc +python3-light +liblzma			bluez python3/host python-build/host python-installer/host python-wheel/host
python3-multiprocessing	y	n	dependency	用目标构建系统重算依赖；Python/Perl 功能模块可按需补全	3.11.14-r1	3.11.14-r1	package/feeds/packages/python3/Makefile	+libc +python3-light			bluez python3/host python-build/host python-installer/host python-wheel/host
python3-ncurses	y	n	dependency	用目标构建系统重算依赖；Python/Perl 功能模块可按需补全	3.11.14-r1	3.11.14-r1	package/feeds/packages/python3/Makefile	+libc +python3-light +libncursesw			bluez python3/host python-build/host python-installer/host python-wheel/host
python3-openssl	y	n	dependency	用目标构建系统重算依赖；Python/Perl 功能模块可按需补全	3.11.14-r1	3.11.14-r1	package/feeds/packages/python3/Makefile	+libc +python3-light +libopenssl +ca-certs			bluez python3/host python-build/host python-installer/host python-wheel/host
python3-packaging	y	n	dependency	用目标构建系统重算依赖；Python/Perl 功能模块可按需补全	25.0-r1	25.0-r1	package/feeds/packages/python-packaging/Makefile	+libc +python3-light +python3-email +python3-logging +python3-urllib			python-flit-core/host
python3-pkg-resources	y	n	dependency	用目标构建系统重算依赖；Python/Perl 功能模块可按需补全	80.9.0-r1	80.9.0-r1	package/feeds/packages/python-setuptools/Makefile	+libc +python3-light +python3-email +python3-logging +python3-urllib			
python3-platformdirs	y	n	dependency	用目标构建系统重算依赖；Python/Perl 功能模块可按需补全	4.1.0-r1	4.1.0-r1	package/feeds/packages/python-platformdirs/Makefile	+libc +python3-light +python3-urllib			python-hatchling/host python-hatch-vcs/host
python3-psutil	y	n	dependency	用目标构建系统重算依赖；Python/Perl 功能模块可按需补全	5.9.5-r1	5.9.5-r1	package/feeds/packages/python-psutil/Makefile	+libc +python3-light			
python3-pydoc	y	n	dependency	用目标构建系统重算依赖；Python/Perl 功能模块可按需补全	3.11.14-r1	3.11.14-r1	package/feeds/packages/python3/Makefile	+libc +python3-light			bluez python3/host python-build/host python-installer/host python-wheel/host
python3-readline	y	n	dependency	用目标构建系统重算依赖；Python/Perl 功能模块可按需补全	3.11.14-r1	3.11.14-r1	package/feeds/packages/python3/Makefile	+libc +python3-light +libreadline			bluez python3/host python-build/host python-installer/host python-wheel/host
python3-sqlite3	y	n	dependency	用目标构建系统重算依赖；Python/Perl 功能模块可按需补全	3.11.14-r1	3.11.14-r1	package/feeds/packages/python3/Makefile	+libc +python3-light +libsqlite3			bluez python3/host python-build/host python-installer/host python-wheel/host
python3-unittest	y	n	dependency	用目标构建系统重算依赖；Python/Perl 功能模块可按需补全	3.11.14-r1	3.11.14-r1	package/feeds/packages/python3/Makefile	+libc +python3-light			bluez python3/host python-build/host python-installer/host python-wheel/host
python3-urllib	y	n	dependency	用目标构建系统重算依赖；Python/Perl 功能模块可按需补全	3.11.14-r1	3.11.14-r1	package/feeds/packages/python3/Makefile	+libc +python3-light +python3-email			bluez python3/host python-build/host python-installer/host python-wheel/host
python3-userpath	y	n	dependency	用目标构建系统重算依赖；Python/Perl 功能模块可按需补全	1.9.1-r1	1.9.1-r1	package/feeds/packages/python-userpath/Makefile	+libc +python3-light +python3-click +python3-psutil			python-hatchling/host
python3-uuid	y	n	dependency	用目标构建系统重算依赖；Python/Perl 功能模块可按需补全	3.11.14-r1	3.11.14-r1	package/feeds/packages/python3/Makefile	+libc +python3-light +libuuid			bluez python3/host python-build/host python-installer/host python-wheel/host
python3-venv	y	n	dependency	用目标构建系统重算依赖；Python/Perl 功能模块可按需补全	3.11.14-r1	3.11.14-r1	package/feeds/packages/python3/Makefile	+libc +python3			bluez python3/host python-build/host python-installer/host python-wheel/host
python3-xml	y	n	dependency	用目标构建系统重算依赖；Python/Perl 功能模块可按需补全	3.11.14-r1	3.11.14-r1	package/feeds/packages/python3/Makefile	+libc +python3-light +python3-urllib			bluez python3/host python-build/host python-installer/host python-wheel/host
qmi-utils	y	y	keep-target	保留目标版本和硬件相关选择；已有包仍需检查服务配置	1.34.0-r2	1.34.0-r2	package/feeds/packages/libqmi/Makefile	+libc +libqmi			
qosmate	y	n	runtime-review	可用源码候选；核对默认启动、端口、规则和卸载路径	0.5.48-r1	0.5.48-r1	package/qosmate/Makefile	+libc +kmod-sched +ip-full +kmod-veth +tc-full +kmod-netem +kmod-sched-ctinfo +kmod-ifb +kmod-sched-cake +kmod-sched-red			
quectel-CM-5G-M	y	n	modem-review	保留 ModemManager 单一拨号管理；诊断工具可按需保留	3.1.0-r0	3.2.0-r0	package/feeds/qmodem/quectel_CM_5G_M/Makefile	+libc +libjson-c			
quectel-cm	y	n	modem-review	保留 ModemManager 单一拨号管理；诊断工具可按需保留	1.6.5-r3	1.6.5-r3	package/feeds/packages/quectel-cm/Makefile	+libc +kmod-usb-net-cdc-mbim +kmod-usb-net-qmi-wwan +kmod-usb-net-qmi-wwan-fibocom +kmod-usb-net-qmi-wwan-quectel +kmod-usb-serial-option			
quectel-timesync	y	n	modem-review	保留 ModemManager 单一拨号管理；诊断工具可按需保留	2023.10.08~4333888cb8025b92511597a95859943fae0a0bc8-r1	2023.10.08~4333888cb8025b92511597a95859943fae0a0bc8-r1	package/feeds/packages/quectel-timesync/Makefile	+libc +kmod-usb-serial-option			
r8152-firmware	y	n	exclude-hardware	x86/外设驱动与固件不整体搬；板级包由 R3 Mini 选择	20241110-r2	20260221-r2	package/firmware/linux-firmware/Makefile	+libc 			
r8169-firmware	y	n	exclude-hardware	x86/外设驱动与固件不整体搬；板级包由 R3 Mini 选择	20241110-r2	20260221-r2	package/firmware/linux-firmware/Makefile	+libc 			
rclone	y	n	heavy-build	存在 aarch64 候选；关注工具链、下载和编译成本	1.70.3-r2	1.70.3-r2	package/feeds/packages/rclone/Makefile	+libc @(aarch64||arm||i386||i686||loongarch64||mips||mips64||mips64el||mipsel||riscv64||x86_64) +ca-bundle +fuse3-utils			golang/host
rclone-config	y	n	generic-candidate	目标已有定义，可迁移功能选择；尚未完成目标架构编译验证	1.70.3-r2	1.70.3-r2	package/feeds/packages/rclone/Makefile	+libc +rclone			golang/host
rdisc6	y	n	generic-candidate	目标已有定义，可迁移功能选择；尚未完成目标架构编译验证	1.0.2-r1	1.0.2-r1	package/mtk/applications/ndisc/Makefile	+libc +libpthread +librt			
rdnssd	y	n	runtime-review	可用源码候选；核对默认启动、端口、规则和卸载路径	1.0.2-r1	1.0.2-r1	package/mtk/applications/ndisc/Makefile	+libc +libpthread +librt			
resize2fs	y	n	generic-candidate	目标已有定义，可迁移功能选择；尚未完成目标架构编译验证	1.47.0-r2	1.47.0-r2	package/utils/e2fsprogs/Makefile	+libc +e2fsprogs			util-linux
resolveip	y	n	generic-candidate	目标已有定义，可迁移功能选择；尚未完成目标架构编译验证	2	2	package/network/utils/resolveip/Makefile	+libc 			
rpcbind	y	n	generic-candidate	目标已有定义，可迁移功能选择；尚未完成目标架构编译验证	1.2.6-r2	1.2.6-r2	package/feeds/packages/rpcbind/Makefile	+libc +libtirpc +RPCBIND_LIBWRAP:libwrap			
rpcd	y	y	keep-target	保留目标版本和硬件相关选择；已有包仍需检查服务配置	2025.09.01~bba95191ff2f22c9118a1ba1355b83afaa277ae3-r1	2025.09.01~bba95191ff2f22c9118a1ba1355b83afaa277ae3-r1	package/system/rpcd/Makefile	+libc +libubus +libubox +libuci +libblobmsg-json +libjson-c			
rpcd-mod-file	y	y	keep-target	保留目标版本和硬件相关选择；已有包仍需检查服务配置	2025.09.01~bba95191ff2f22c9118a1ba1355b83afaa277ae3-r1	2025.09.01~bba95191ff2f22c9118a1ba1355b83afaa277ae3-r1	package/system/rpcd/Makefile	+libc +libubus +libubox rpcd			
rpcd-mod-iwinfo	y	y	keep-target	保留目标版本和硬件相关选择；已有包仍需检查服务配置	2025.09.01~bba95191ff2f22c9118a1ba1355b83afaa277ae3-r1	2025.09.01~bba95191ff2f22c9118a1ba1355b83afaa277ae3-r1	package/system/rpcd/Makefile	+libc +libubus +libubox rpcd +libiwinfo			
rpcd-mod-luci	y	y	keep-target	保留目标版本和硬件相关选择；已有包仍需检查服务配置	20240305-r1	20240305-r1	package/feeds/luci/rpcd-mod-luci/Makefile	+libc +rpcd +libubox +libubus +libnl-tiny			iwinfo
rpcd-mod-rpcsys	y	n	generic-candidate	目标已有定义，可迁移功能选择；尚未完成目标架构编译验证	2025.09.01~bba95191ff2f22c9118a1ba1355b83afaa277ae3-r1	2025.09.01~bba95191ff2f22c9118a1ba1355b83afaa277ae3-r1	package/system/rpcd/Makefile	+libc +libubus +libubox rpcd			
rpcd-mod-rrdns	y	y	keep-target	保留目标版本和硬件相关选择；已有包仍需检查服务配置	20170710	20170710	package/feeds/luci/rpcd-mod-rrdns/Makefile	+libc +rpcd +libubox +libubus			
rpcd-mod-ucode	y	y	keep-target	保留目标版本和硬件相关选择；已有包仍需检查服务配置	2025.09.01~bba95191ff2f22c9118a1ba1355b83afaa277ae3-r1	2025.09.01~bba95191ff2f22c9118a1ba1355b83afaa277ae3-r1	package/system/rpcd/Makefile	+libc +libubus +libubox rpcd +libucode			
rrdtool1	y	n	generic-candidate	目标已有定义，可迁移功能选择；尚未完成目标架构编译验证	1.0.50-r6	1.0.50-r6	package/feeds/packages/rrdtool1/Makefile	+libc +librrd1			
rsync	y	n	generic-candidate	目标已有定义，可迁移功能选择；尚未完成目标架构编译验证	3.4.3-r1	3.4.3-r1	package/feeds/packages/rsync/Makefile	+libc +libpopt +zlib +RSYNC_xattr:libattr +RSYNC_acl:libacl +RSYNC_zstd:libzstd +RSYNC_xxhash:libxxhash +RSYNC_lz4:liblz4 +BUILD_NLS:libiconv-full			
rsyncd	y	n	runtime-review	可用源码候选；核对默认启动、端口、规则和卸载路径	3.4.3-r1	3.4.3-r1	package/feeds/packages/rsync/Makefile	+libc +rsync			
samba4-libs	y	n	generic-candidate	目标已有定义，可迁移功能选择；尚未完成目标架构编译验证	4.18.11-r1	4.18.11-r1	package/feeds/packages/samba4/Makefile	+libc +libtirpc +libreadline +libpopt +libcap +zlib +libgnutls +libtasn1 +libuuid +libopenssl +libpthread +KERNEL_IO_URING:liburing +PACKAGE_libpam:libpam +SAMBA4_SERVER_VFS:attr +SAMBA4_SERVER_AVAHI:libavahi-client +SAMBA4_SERVER_AD_DC:python3-cryptodome +SAMBA4_SERVER_AD_DC:python3-markdown +SAMBA4_SERVER_AD_DC:python3-dns +SAMBA4_SERVER_AD_DC:libopenldap +SAMBA4_SERVER_AD_DC:jansson +SAMBA4_SERVER_AD_DC:libarchive +SAMBA4_SERVER_AD_DC:acl +SAMBA4_SERVER_AD_DC:attr			samba4/host libtasn1/host perl/host
samba4-server	y	n	runtime-review	可用源码候选；核对默认启动、端口、规则和卸载路径	4.18.11-r1	4.18.11-r1	package/feeds/packages/samba4/Makefile	+libc +samba4-libs		samba36-server	samba4/host libtasn1/host perl/host
scapy	y	n	generic-candidate	目标已有定义，可迁移功能选择；尚未完成目标架构编译验证	2.5.0-r1	2.5.0-r1	package/feeds/packages/scapy/Makefile	+libc +python3			
scapy-src	y	n	generic-candidate	目标已有定义，可迁移功能选择；尚未完成目标架构编译验证	2.5.0-r1	2.5.0-r1	package/feeds/packages/scapy/Makefile	+libc 			
sed	y	n	generic-candidate	目标已有定义，可迁移功能选择；尚未完成目标架构编译验证	4.9-r1	4.9-r1	package/feeds/packages/sed/Makefile	+libc 			
sendat	y	n	modem-review	保留 ModemManager 单一拨号管理；诊断工具可按需保留	2024.01.22~624c58f6331e5be3eac6d144ed985b4a4af94b10-r1	6.8.2	package/mtk/applications/5g-modem/sendat/Makefile	+libc +libpthread			
sgdisk	y	n	generic-candidate	目标已有定义，可迁移功能选择；尚未完成目标架构编译验证	1.0.10-r1	1.0.10-r1	package/feeds/packages/gptfdisk/Makefile	+libc +libstdcpp +libuuid +libpopt			
shadow-tls	y	n	generic-candidate	目标已有定义，可迁移功能选择；尚未完成目标架构编译验证	0.2.25-r1	0.2.25-r1	package/feeds/packages/shadow-tls/Makefile	+libc @(aarch64||arm||x86_64)			rust/host
shadowsocks-rust-sslocal	y	n	generic-candidate	目标已有定义，可迁移功能选择；尚未完成目标架构编译验证	1.23.5-r1	1.23.5-r1	package/feeds/packages/shadowsocks-rust/Makefile	+libc @(aarch64||arm||i386||loongarch64||mips||mips64||mips64el||mipsel||powerpc||powerpc64||riscv64||x86_64) @!i386			rust/host
shadowsocks-rust-ssserver	y	n	generic-candidate	目标已有定义，可迁移功能选择；尚未完成目标架构编译验证	1.23.5-r1	1.23.5-r1	package/feeds/packages/shadowsocks-rust/Makefile	+libc @(aarch64||arm||i386||loongarch64||mips||mips64||mips64el||mipsel||powerpc||powerpc64||riscv64||x86_64) @!i386			rust/host
shellsync	y	y	keep-target	保留目标版本和硬件相关选择；已有包仍需检查服务配置	0.2-r2	0.2-r2	package/network/services/shellsync/Makefile	+libc +libpthread +kmod-macvlan			
simple-obfs-client	y	n	generic-candidate	目标已有定义，可迁移功能选择；尚未完成目标架构编译验证	0.0.5-r2	0.0.5-r2	package/feeds/packages/simple-obfs/Makefile	+libc +libpthread +libev	simple-obfs		libev
sing-box	y	n	heavy-build	存在 aarch64 候选；关注工具链、下载和编译成本	1.12.25-r1	1.12.25-r1	package/feeds/packages/sing-box/Makefile	+libc +ca-bundle +kmod-inet-diag +kmod-netlink-diag +kmod-tun		sing-box-tiny	golang/host
smartdns	y	n	runtime-review	可用源码候选；核对默认启动、端口、规则和卸载路径	48-r1	48.4-r1	package/feeds/packages/smartdns/Makefile	+libc +i386:libatomic +libopenssl			PACKAGE_smartdns-ui:node/host PACKAGE_smartdns-ui:rust-bindgen/host
smartdns-ui	y	n	runtime-review	可用源码候选；核对默认启动、端口、规则和卸载路径	48-r1	48.4-r1	package/feeds/packages/smartdns/Makefile	+libc +smartdns @(aarch64||arm||i386||loongarch64||mips||mips64||mips64el||mipsel||powerpc||powerpc64||riscv64||x86_64) @!i386			PACKAGE_smartdns-ui:node/host PACKAGE_smartdns-ui:rust-bindgen/host
smartmontools	y	n	generic-candidate	目标已有定义，可迁移功能选择；尚未完成目标架构编译验证	7.4-r1	7.4-r1	package/feeds/packages/smartmontools/Makefile	+libc +libstdcpp			
smbinfo	y	n	generic-candidate	目标已有定义，可迁移功能选择；尚未完成目标架构编译验证	6.11-r2	6.11-r2	package/feeds/packages/cifs-utils/Makefile	+libc +kmod-fs-cifs			
sms-tool	y	n	modem-review	保留 ModemManager 单一拨号管理；诊断工具可按需保留	2023.09.21~1b6ca03284fd65db8799dbf7c6224210093786b0-r1	2021.08.24~57a68d07c3d38fd8766d2705fd2a2c1ae01ee004-r1	package/mtk/applications/5g-modem/sms-tool/Makefile	+libc 			
socat	y	n	generic-candidate	目标已有定义，可迁移功能选择；尚未完成目标架构编译验证	1.8.0.3-r2	1.8.0.3-r2	package/feeds/packages/socat/Makefile	+libc +libpthread +librt +SOCAT_SSL:libopenssl			
softethervpn5-bridge	y	n	runtime-review	可用源码候选；核对默认启动、端口、规则和卸载路径	5.02.5184-r1	5.02.5184-r1	package/feeds/packages/softethervpn5/Makefile	+libc +softethervpn5-libs			softethervpn5/host
softethervpn5-client	y	n	runtime-review	可用源码候选；核对默认启动、端口、规则和卸载路径	5.02.5184-r1	5.02.5184-r1	package/feeds/packages/softethervpn5/Makefile	+libc +softethervpn5-libs			softethervpn5/host
softethervpn5-libs	y	n	generic-candidate	目标已有定义，可迁移功能选择；尚未完成目标架构编译验证	5.02.5184-r1	5.02.5184-r1	package/feeds/packages/softethervpn5/Makefile	+libc +libsodium +libpthread +librt +libreadline +libopenssl +libncurses +kmod-tun +zlib +BUILD_NLS:libiconv-full			softethervpn5/host
softethervpn5-server	y	n	runtime-review	可用源码候选；核对默认启动、端口、规则和卸载路径	5.02.5184-r1	5.02.5184-r1	package/feeds/packages/softethervpn5/Makefile	+libc +softethervpn5-libs			softethervpn5/host
speedtest-cli	y	n	generic-candidate	目标已有定义，可迁移功能选择；尚未完成目标架构编译验证	2.1.3-r1	2.1.3-r1	package/feeds/packages/speedtest-cli/Makefile	+libc +python3-light +python3-pkg-resources +python3-xml +python3-email +python3-urllib +python3-codecs +python3-openssl			
sqlite3-cli	m	n	generic-candidate	目标已有定义，可迁移功能选择；尚未完成目标架构编译验证	3530100-r1	3530100-r1	package/feeds/packages/sqlite3/Makefile	+libc +libsqlite3 +SQLITE3_LIBEDIT:libedit +SQLITE3_READLINE:libreadline +SQLITE3_READLINE:libncursesw			
sshtunnel	y	n	runtime-review	可用源码候选；核对默认启动、端口、规则和卸载路径	5-r2	5-r2	package/feeds/packages/sshtunnel/Makefile	+libc @(DROPBEAR_DBCLIENT||PACKAGE_openssh-client)			
sudo	y	n	generic-candidate	目标已有定义，可迁移功能选择；尚未完成目标架构编译验证	1.9.17_p2-r1	1.9.17_p2-r1	package/feeds/packages/sudo/Makefile	+libc 			
swap-utils	y	n	generic-candidate	目标已有定义，可迁移功能选择；尚未完成目标架构编译验证	2.40.2-r1	2.40.2-r1	package/utils/util-linux/Makefile	+libc +librt +libblkid			
sysfsutils	y	n	generic-candidate	目标已有定义，可迁移功能选择；尚未完成目标架构编译验证	2.1.0-r4	2.1.0-r4	package/libs/sysfsutils/Makefile	+libc +libsysfs			
tailscale	y	n	runtime-review	可用源码候选；核对默认启动、端口、规则和卸载路径	1.80.3-r1	1.80.3-r1	package/feeds/packages/tailscale/Makefile	+libc @(aarch64||arm||i386||i686||loongarch64||mips||mips64||mips64el||mipsel||riscv64||x86_64) +ca-bundle +kmod-tun	tailscaled		golang/host
tc-full	y	n	runtime-review	可用源码候选；核对默认启动、端口、规则和卸载路径	6.11.0-r1	6.11.0-r1	package/network/utils/iproute2/Makefile	+libc +kmod-sched-core +(PACKAGE_devlink||PACKAGE_rdma):libmnl +libbpf +libxtables	tc		iptables
tc-tiny	y	n	runtime-review	可用源码候选；核对默认启动、端口、规则和卸载路径	6.11.0-r1	6.11.0-r1	package/network/utils/iproute2/Makefile	+libc +kmod-sched-core +(PACKAGE_devlink||PACKAGE_rdma):libmnl	tc		iptables
tcpdump	y	n	generic-candidate	目标已有定义，可迁移功能选择；尚未完成目标架构编译验证	4.99.5-r1	4.99.5-r1	package/network/utils/tcpdump/Makefile	+libc +libpcap			
tcping	y	n	generic-candidate	目标已有定义，可迁移功能选择；尚未完成目标架构编译验证	2020.07.04~db9101834732dac9aaa59dbb7fb9c74612dbf723-r1	2020.07.04~db9101834732dac9aaa59dbb7fb9c74612dbf723-r1	package/feeds/packages/tcping/Makefile	+libc 			
terminfo	y	y	keep-target	保留目标版本和硬件相关选择；已有包仍需检查服务配置	6.4-r2	6.4-r2	package/libs/ncurses/Makefile	+libc 			ncurses/host
tmate	y	n	generic-candidate	目标已有定义，可迁移功能选择；尚未完成目标架构编译验证	2.4.0-r2	2.4.0-r2	package/feeds/packages/tmate/Makefile	+libc +libevent2 +libncurses +libpthread +libssh +msgpack-c +terminfo			ncurses
traceroute6	y	n	generic-candidate	目标已有定义，可迁移功能选择；尚未完成目标架构编译验证	1.0.2-r1	1.0.2-r1	package/mtk/applications/ndisc/Makefile	+libc +libpthread +librt			
trojan	y	n	generic-candidate	目标已有定义，可迁移功能选择；尚未完成目标架构编译验证	1.16.0-r2	1.16.0-r2	package/feeds/packages/trojan/Makefile	+libc +libpthread +libstdcpp +libopenssl +boost +boost-system +boost-program_options +boost-date_time			openssl
trojan-plus	y	n	generic-candidate	目标已有定义，可迁移功能选择；尚未完成目标架构编译验证	10.0.3-r2	10.0.3-r2	package/feeds/packages/trojan-plus/Makefile	+libc +libpthread +libstdcpp +libopenssl +boost +boost-system +boost-program_options			openssl
ts-node	y	n	exclude-node	用户要求暂缓 Node.js；同时排除反向依赖	10.9.2-r1	10.9.2-r1	package/feeds/packages/ts-node/Makefile	+libc +node +node-npm			node/host
ttyd	y	y	keep-target	保留目标版本和硬件相关选择；已有包仍需检查服务配置	1.7.3-r1	1.7.3-r1	package/feeds/packages/ttyd/Makefile	+libc +libcap +libopenssl +libjson-c +libuv +zlib +libwebsockets-full			
ua3f	y	n	runtime-review	可用源码候选；核对默认启动、端口、规则和卸载路径	3.6.0-r1	3.6.0-r1	package/UA3F/openwrt/Makefile	+libc @(aarch64||arm||i386||i686||loongarch64||mips||mips64||mips64el||mipsel||riscv64||x86_64) +luci-compat +ipset +iptables +iptables-mod-tproxy +iptables-mod-extra +iptables-mod-ipopt +iptables-mod-nfqueue +iptables-mod-conntrack-extra +kmod-nf-conntrack-netlink			golang/host
ubox	y	y	keep-target	保留目标版本和硬件相关选择；已有包仍需检查服务配置	2024.04.26~85f1053019caf4cd333795760950235ee4529ba7-r1	2024.04.26~85f1053019caf4cd333795760950235ee4529ba7-r1	package/system/ubox/Makefile	+libc +libubox +ubusd +ubus +libubus +libuci			
ubus	y	y	keep-target	保留目标版本和硬件相关选择；已有包仍需检查服务配置	2025.10.17~60e04048a0e2f3e33651c19e62861b41be4c290f-r1	2025.10.17~60e04048a0e2f3e33651c19e62861b41be4c290f-r1	package/system/ubus/Makefile	+libc +libubus +libblobmsg-json +ubusd			
ubusd	y	y	keep-target	保留目标版本和硬件相关选择；已有包仍需检查服务配置	2025.10.17~60e04048a0e2f3e33651c19e62861b41be4c290f-r1	2025.10.17~60e04048a0e2f3e33651c19e62861b41be4c290f-r1	package/system/ubus/Makefile	+libc +libubox +libblobmsg-json			
uci	y	y	keep-target	保留目标版本和硬件相关选择；已有包仍需检查服务配置	2025.01.20~16ff0badbde7e17ec3bd1f827ffe45922956cf86-r1	2025.01.20~16ff0badbde7e17ec3bd1f827ffe45922956cf86-r1	package/system/uci/Makefile	+libc +libuci			
uclient-fetch	y	y	keep-target	保留目标版本和硬件相关选择；已有包仍需检查服务配置	2024.10.22~88ae8f208dd313f69e268234f7db55956aef1cb9-r1	2024.10.22~88ae8f208dd313f69e268234f7db55956aef1cb9-r1	package/libs/uclient/Makefile	+libc +libuclient	wget		ustream-ssl
ucode	y	y	keep-target	保留目标版本和硬件相关选择；已有包仍需检查服务配置	2025.07.18~3f64c8089bf3ea4847c96b91df09fbfcaec19e1d-r1	2025.05.11~d5b3a9dc1091dd28cf6f0f60cd34fc322ef27717-r1	package/utils/ucode/Makefile	+libc +libucode			libmd
ucode-mod-fs	y	y	keep-target	保留目标版本和硬件相关选择；已有包仍需检查服务配置	2025.07.18~3f64c8089bf3ea4847c96b91df09fbfcaec19e1d-r1	2025.05.11~d5b3a9dc1091dd28cf6f0f60cd34fc322ef27717-r1	package/utils/ucode/Makefile	+libc +ucode			libmd
ucode-mod-html	y	y	keep-target	保留目标版本和硬件相关选择；已有包仍需检查服务配置	1	1	package/feeds/luci/ucode-mod-html/Makefile	+libc +libucode			
ucode-mod-lua	y	y	keep-target	保留目标版本和硬件相关选择；已有包仍需检查服务配置	1	1	package/feeds/luci/ucode-mod-lua/Makefile	+libc +libucode +liblua			
ucode-mod-math	y	y	keep-target	保留目标版本和硬件相关选择；已有包仍需检查服务配置	2025.07.18~3f64c8089bf3ea4847c96b91df09fbfcaec19e1d-r1	2025.05.11~d5b3a9dc1091dd28cf6f0f60cd34fc322ef27717-r1	package/utils/ucode/Makefile	+libc +ucode			libmd
ucode-mod-nl80211	y	y	keep-target	保留目标版本和硬件相关选择；已有包仍需检查服务配置	2025.07.18~3f64c8089bf3ea4847c96b91df09fbfcaec19e1d-r1	2025.05.11~d5b3a9dc1091dd28cf6f0f60cd34fc322ef27717-r1	package/utils/ucode/Makefile	+libc +ucode +libnl-tiny +libubox			libmd
ucode-mod-rtnl	y	y	keep-target	保留目标版本和硬件相关选择；已有包仍需检查服务配置	2025.07.18~3f64c8089bf3ea4847c96b91df09fbfcaec19e1d-r1	2025.05.11~d5b3a9dc1091dd28cf6f0f60cd34fc322ef27717-r1	package/utils/ucode/Makefile	+libc +ucode +libnl-tiny +libubox			libmd
ucode-mod-ubus	y	y	keep-target	保留目标版本和硬件相关选择；已有包仍需检查服务配置	2025.07.18~3f64c8089bf3ea4847c96b91df09fbfcaec19e1d-r1	2025.05.11~d5b3a9dc1091dd28cf6f0f60cd34fc322ef27717-r1	package/utils/ucode/Makefile	+libc +ucode +libubus +libblobmsg-json			libmd
ucode-mod-uci	y	y	keep-target	保留目标版本和硬件相关选择；已有包仍需检查服务配置	2025.07.18~3f64c8089bf3ea4847c96b91df09fbfcaec19e1d-r1	2025.05.11~d5b3a9dc1091dd28cf6f0f60cd34fc322ef27717-r1	package/utils/ucode/Makefile	+libc +ucode +libuci			libmd
ucode-mod-uloop	y	y	keep-target	保留目标版本和硬件相关选择；已有包仍需检查服务配置	2025.07.18~3f64c8089bf3ea4847c96b91df09fbfcaec19e1d-r1	2025.05.11~d5b3a9dc1091dd28cf6f0f60cd34fc322ef27717-r1	package/utils/ucode/Makefile	+libc +ucode +libubox			libmd
udpxy	y	n	generic-candidate	目标已有定义，可迁移功能选择；尚未完成目标架构编译验证	2024.03.03~23b434374d76e5de74138d44cbb8bda1b32dcfe0-r1	2024.03.03~23b434374d76e5de74138d44cbb8bda1b32dcfe0-r1	package/feeds/packages/udpxy/Makefile	+libc 			
uhttpd	y	y	keep-target	保留目标版本和硬件相关选择；已有包仍需检查服务配置	2025.07.06~7e64e8bad2415cec0a6d9770ec379db54273c7a7-r4	2025.07.06~7e64e8bad2415cec0a6d9770ec379db54273c7a7-r4	package/network/services/uhttpd/Makefile	+libc +libubox +libblobmsg-json +libjson-script +libjson-c			ustream-ssl
uhttpd-mod-lua	y	n	generic-candidate	目标已有定义，可迁移功能选择；尚未完成目标架构编译验证	2025.07.06~7e64e8bad2415cec0a6d9770ec379db54273c7a7-r4	2025.07.06~7e64e8bad2415cec0a6d9770ec379db54273c7a7-r4	package/network/services/uhttpd/Makefile	+libc uhttpd +liblua			ustream-ssl
uhttpd-mod-ubus	y	y	keep-target	保留目标版本和硬件相关选择；已有包仍需检查服务配置	2025.07.06~7e64e8bad2415cec0a6d9770ec379db54273c7a7-r4	2025.07.06~7e64e8bad2415cec0a6d9770ec379db54273c7a7-r4	package/network/services/uhttpd/Makefile	+libc uhttpd +libubus +libblobmsg-json			ustream-ssl
umbim	y	n	modem-review	保留 ModemManager 单一拨号管理；诊断工具可按需保留	2022.08.13~146bc77c98ace3d1cc672986669650d2e1da71f3-r25	2022.08.13~146bc77c98ace3d1cc672986669650d2e1da71f3-r25	package/network/utils/umbim/Makefile	+libc +libubox +kmod-usb-net +kmod-usb-net-cdc-mbim +wwan			
umdns	y	n	runtime-review	可用源码候选；核对默认启动、端口、规则和卸载路径	2025.02.10~c5ca22a71b2ecb83a2a28b46391dac443be315c2-r1	2026.02.06~a52cdb354d13c179150d2ba26f9f8a51d418b43d-r1	package/network/services/umdns/Makefile	+libc +libubox +libubus +libblobmsg-json +libudebug			
unzip	y	n	generic-candidate	目标已有定义，可迁移功能选择；尚未完成目标架构编译验证	6.0-r9	6.0-r9	package/feeds/packages/unzip/Makefile	+libc 			
uqmi	y	n	modem-review	保留 ModemManager 单一拨号管理；诊断工具可按需保留	2025.07.30~7914da43cddaaf6cfba116260c81e6e9adffd5ab-r2	2024.08.25~28b48a10dbcd1177095b73c6d8086d10114f49b8-r2	package/network/utils/uqmi/Makefile	+libc +libubox +libblobmsg-json +kmod-usb-net +kmod-usb-net-qmi-wwan +wwan			
urandom-seed	y	y	keep-target	保留目标版本和硬件相关选择；已有包仍需检查服务配置	3	3	package/system/urandom-seed/Makefile	+libc +getrandom			
urngd	y	y	keep-target	保留目标版本和硬件相关选择；已有包仍需检查服务配置	2023.11.01~44365eb1e1165f2a44cb31f404b04cf85031718e-r1	2023.11.01~44365eb1e1165f2a44cb31f404b04cf85031718e-r1	package/system/urngd/Makefile	+libc +libubox			
usbids	y	y	keep-target	保留目标版本和硬件相关选择；已有包仍需检查服务配置	0.407-r1	0.407-r1	package/feeds/packages/hwdata/Makefile	+libc 			
usbutils	y	y	keep-target	保留目标版本和硬件相关选择；已有包仍需检查服务配置	019-r1	019-r1	package/feeds/packages/usbutils/Makefile	+libc +libusb-1.0 +libudev +usbids			
usign	y	y	keep-target	保留目标版本和硬件相关选择；已有包仍需检查服务配置	2020.05.23~f1f65026a94137c91b5466b149ef3ea3f20091e9-r1	2020.05.23~f1f65026a94137c91b5466b149ef3ea3f20091e9-r1	package/system/usign/Makefile	+libc +libubox			
v2ray-geoip	y	n	generic-candidate	目标已有定义，可迁移功能选择；尚未完成目标架构编译验证	202605120112-r1	202605120112-r1	package/feeds/packages/v2ray-geodata/Makefile	+libc 	v2ray-geodata xray-geodata xray-geoip		
v2ray-geosite	y	n	generic-candidate	目标已有定义，可迁移功能选择；尚未完成目标架构编译验证	20260518025449-r1	20260518025449-r1	package/feeds/packages/v2ray-geodata/Makefile	+libc 	v2ray-geodata xray-geodata xray-geosite		
v2ray-plugin	y	n	generic-candidate	目标已有定义，可迁移功能选择；尚未完成目标架构编译验证	5.25.0-r1	5.25.0-r1	package/feeds/packages/v2ray-plugin/Makefile	+libc @(aarch64||arm||i386||i686||loongarch64||mips||mips64||mips64el||mipsel||riscv64||x86_64) +ca-bundle			golang/host
vlmcsd	y	n	generic-candidate	目标已有定义，可迁移功能选择；尚未完成目标架构编译验证	2020.03.30~e599080486478e219cd065e141d6de050a450c27-r8	2020.03.30~e599080486478e219cd065e141d6de050a450c27-r8	package/feeds/packages/vlmcsd/Makefile	+libc +libpthread			
vsftpd	y	n	runtime-review	可用源码候选；核对默认启动、端口、规则和卸载路径	3.0.5-r2	3.0.5-r2	package/feeds/packages/vsftpd/Makefile	+libc +libuci			
vxlan	y	n	generic-candidate	目标已有定义，可迁移功能选择；尚未完成目标架构编译验证	7	7	package/network/config/vxlan/Makefile	+libc +kmod-vxlan			
wakeonlan	y	n	generic-candidate	目标已有定义，可迁移功能选择；尚未完成目标架构编译验证	0.41-r1	0.41-r1	package/feeds/packages/wakeonlan/Makefile	+libc +perl +perlbase-getopt +perlbase-net +perlbase-socket			
wget-ssl	y	n	generic-candidate	目标已有定义，可迁移功能选择；尚未完成目标架构编译验证	1.24.5-r1	1.24.5-r2	package/feeds/packages/wget/Makefile	+libc +libpcre2 +zlib +libopenssl +librt	gnu-wget wget		
whois	y	n	generic-candidate	目标已有定义，可迁移功能选择；尚未完成目标架构编译验证	5.5.23-r1	5.5.23-r1	package/feeds/packages/whois/Makefile	+libc 			perl/host
wifi-scripts	y	n	wireless-review	依赖主线无线栈，不能作为 MTK 私有驱动管理组件直接套用	1.0-r1	1.0-r1	package/network/config/wifi-scripts/Makefile	+libc +netifd +ucode +ucode-mod-nl80211 +ucode-mod-rtnl +ucode-mod-ubus +ucode-mod-uci			
wifischedule	y	n	wireless-review	依赖主线无线栈，不能作为 MTK 私有驱动管理组件直接套用	1.1.0-r0	1.1.0-r0	package/feeds/packages/wifischedule/Makefile	+libc 			
wireguard-tools	y	n	generic-candidate	目标已有定义，可迁移功能选择；尚未完成目标架构编译验证	1.0.20210914-r4	1.0.20210914-r4	package/network/utils/wireguard-tools/Makefile	+libc +!BUSYBOX_CONFIG_IP:ip +!BUSYBOX_CONFIG_FEATURE_IP_LINK:ip +kmod-wireguard			
wireless-regdb	y	n	exclude-hardware	x86/外设驱动与固件不整体搬；板级包由 R3 Mini 选择	2025.07.10-r1	2026.03.18-r1	package/firmware/wireless-regdb/Makefile	+libc 			
wpa-cli	y	n	wireless-review	依赖主线无线栈，不能作为 MTK 私有驱动管理组件直接套用	2024.09.15~5ace39b0a4cdbe18ddbc4e18f80ee3876233c20b-r2	2024.09.15~5ace39b0a4cdbe18ddbc4e18f80ee3876233c20b-r2	package/network/services/hostapd/Makefile	+libc @PACKAGE_wpad||PACKAGE_wpad-mesh-openssl||PACKAGE_wpad-mesh-wolfssl||PACKAGE_wpad-mesh-mbedtls||PACKAGE_wpad-basic||PACKAGE_wpad-basic-openssl||PACKAGE_wpad-basic-wolfssl||PACKAGE_wpad-basic-mbedtls||PACKAGE_wpad-mini||PACKAGE_wpad-openssl||PACKAGE_wpad-wolfssl||PACKAGE_wpad-mbedtls||PACKAGE_wpa-supplicant||PACKAGE_wpa-supplicant-mesh-openssl||PACKAGE_wpa-supplicant-mesh-wolfssl||PACKAGE_wpa-supplicant-mesh-mbedtls||PACKAGE_wpa-supplicant-basic||PACKAGE_wpa-supplicant-mini||PACKAGE_wpa-supplicant-p2p||PACKAGE_wpa-supplicant-openssl||PACKAGE_wpa-supplicant-wolfssl||PACKAGE_wpa-supplicant-mbedtls			
wpa-supplicant	y	n	wireless-review	依赖主线无线栈，不能作为 MTK 私有驱动管理组件直接套用	2024.09.15~5ace39b0a4cdbe18ddbc4e18f80ee3876233c20b-r2	2024.09.15~5ace39b0a4cdbe18ddbc4e18f80ee3876233c20b-r2	package/network/services/hostapd/Makefile	+libc +libnl-tiny +hostapd-common +ucode +libucode +ucode-mod-fs +ucode-mod-nl80211 +ucode-mod-rtnl +ucode-mod-ubus +ucode-mod-uloop +libubus +libblobmsg-json +libudebug	wpa-supplicant	wpad wpad-mesh-openssl wpad-mesh-wolfssl wpad-mesh-mbedtls wpad-basic wpad-basic-openssl wpad-basic-wolfssl wpad-basic-mbedtls wpad-mini wpad-openssl wpad-wolfssl wpad-mbedtls	
wpa-supplicant-basic	m	n	wireless-review	依赖主线无线栈，不能作为 MTK 私有驱动管理组件直接套用	2024.09.15~5ace39b0a4cdbe18ddbc4e18f80ee3876233c20b-r2	2024.09.15~5ace39b0a4cdbe18ddbc4e18f80ee3876233c20b-r2	package/network/services/hostapd/Makefile	+libc +libnl-tiny +hostapd-common +ucode +libucode +ucode-mod-fs +ucode-mod-nl80211 +ucode-mod-rtnl +ucode-mod-ubus +ucode-mod-uloop +libubus +libblobmsg-json +libudebug	wpa-supplicant	wpad wpad-mesh-openssl wpad-mesh-wolfssl wpad-mesh-mbedtls wpad-basic wpad-basic-openssl wpad-basic-wolfssl wpad-basic-mbedtls wpad-mini wpad-openssl wpad-wolfssl wpad-mbedtls wpa-supplicant wpa-supplicant-mesh-openssl wpa-supplicant-mesh-wolfssl wpa-supplicant-mesh-mbedtls	
wpa-supplicant-mbedtls	m	n	wireless-review	依赖主线无线栈，不能作为 MTK 私有驱动管理组件直接套用	2024.09.15~5ace39b0a4cdbe18ddbc4e18f80ee3876233c20b-r2	2024.09.15~5ace39b0a4cdbe18ddbc4e18f80ee3876233c20b-r2	package/network/services/hostapd/Makefile	+libc +libnl-tiny +hostapd-common +ucode +libucode +ucode-mod-fs +ucode-mod-nl80211 +ucode-mod-rtnl +ucode-mod-ubus +ucode-mod-uloop +libubus +libblobmsg-json +libudebug +PACKAGE_wpa-supplicant-mbedtls:libmbedtls	wpa-supplicant	wpad wpad-mesh-openssl wpad-mesh-wolfssl wpad-mesh-mbedtls wpad-basic wpad-basic-openssl wpad-basic-wolfssl wpad-basic-mbedtls wpad-mini wpad-openssl wpad-wolfssl wpad-mbedtls wpa-supplicant wpa-supplicant-mesh-openssl wpa-supplicant-mesh-wolfssl wpa-supplicant-mesh-mbedtls wpa-supplicant-basic wpa-supplicant-mini wpa-supplicant-p2p wpa-supplicant-openssl wpa-supplicant-wolfssl	
wpa-supplicant-mesh-mbedtls	m	n	wireless-review	依赖主线无线栈，不能作为 MTK 私有驱动管理组件直接套用	2024.09.15~5ace39b0a4cdbe18ddbc4e18f80ee3876233c20b-r2	2024.09.15~5ace39b0a4cdbe18ddbc4e18f80ee3876233c20b-r2	package/network/services/hostapd/Makefile	+libc +libnl-tiny +hostapd-common +ucode +libucode +ucode-mod-fs +ucode-mod-nl80211 +ucode-mod-rtnl +ucode-mod-ubus +ucode-mod-uloop +libubus +libblobmsg-json +libudebug @(!TARGET_uml||BROKEN) +PACKAGE_wpa-supplicant-mesh-mbedtls:libmbedtls	wpa-supplicant wpa-supplicant-mesh	wpad wpad-mesh-openssl wpad-mesh-wolfssl wpad-mesh-mbedtls wpad-basic wpad-basic-openssl wpad-basic-wolfssl wpad-basic-mbedtls wpad-mini wpad-openssl wpad-wolfssl wpad-mbedtls wpa-supplicant wpa-supplicant-mesh-openssl wpa-supplicant-mesh-wolfssl	
wpa-supplicant-mesh-openssl	m	n	wireless-review	依赖主线无线栈，不能作为 MTK 私有驱动管理组件直接套用	2024.09.15~5ace39b0a4cdbe18ddbc4e18f80ee3876233c20b-r2	2024.09.15~5ace39b0a4cdbe18ddbc4e18f80ee3876233c20b-r2	package/network/services/hostapd/Makefile	+libc +libnl-tiny +hostapd-common +ucode +libucode +ucode-mod-fs +ucode-mod-nl80211 +ucode-mod-rtnl +ucode-mod-ubus +ucode-mod-uloop +libubus +libblobmsg-json +libudebug @(!TARGET_uml||BROKEN) +PACKAGE_wpa-supplicant-mesh-openssl:libopenssl +PACKAGE_wpa-supplicant-mesh-openssl:libopenssl-legacy	wpa-supplicant wpa-supplicant-mesh	wpad wpad-mesh-openssl wpad-mesh-wolfssl wpad-mesh-mbedtls wpad-basic wpad-basic-openssl wpad-basic-wolfssl wpad-basic-mbedtls wpad-mini wpad-openssl wpad-wolfssl wpad-mbedtls wpa-supplicant	
wpa-supplicant-mesh-wolfssl	m	n	wireless-review	依赖主线无线栈，不能作为 MTK 私有驱动管理组件直接套用	2024.09.15~5ace39b0a4cdbe18ddbc4e18f80ee3876233c20b-r2	2024.09.15~5ace39b0a4cdbe18ddbc4e18f80ee3876233c20b-r2	package/network/services/hostapd/Makefile	+libc +libnl-tiny +hostapd-common +ucode +libucode +ucode-mod-fs +ucode-mod-nl80211 +ucode-mod-rtnl +ucode-mod-ubus +ucode-mod-uloop +libubus +libblobmsg-json +libudebug @(!TARGET_uml||BROKEN) +PACKAGE_wpa-supplicant-mesh-wolfssl:libwolfssl	wpa-supplicant wpa-supplicant-mesh	wpad wpad-mesh-openssl wpad-mesh-wolfssl wpad-mesh-mbedtls wpad-basic wpad-basic-openssl wpad-basic-wolfssl wpad-basic-mbedtls wpad-mini wpad-openssl wpad-wolfssl wpad-mbedtls wpa-supplicant wpa-supplicant-mesh-openssl	
wpa-supplicant-mini	m	n	wireless-review	依赖主线无线栈，不能作为 MTK 私有驱动管理组件直接套用	2024.09.15~5ace39b0a4cdbe18ddbc4e18f80ee3876233c20b-r2	2024.09.15~5ace39b0a4cdbe18ddbc4e18f80ee3876233c20b-r2	package/network/services/hostapd/Makefile	+libc +libnl-tiny +hostapd-common +ucode +libucode +ucode-mod-fs +ucode-mod-nl80211 +ucode-mod-rtnl +ucode-mod-ubus +ucode-mod-uloop +libubus +libblobmsg-json +libudebug	wpa-supplicant	wpad wpad-mesh-openssl wpad-mesh-wolfssl wpad-mesh-mbedtls wpad-basic wpad-basic-openssl wpad-basic-wolfssl wpad-basic-mbedtls wpad-mini wpad-openssl wpad-wolfssl wpad-mbedtls wpa-supplicant wpa-supplicant-mesh-openssl wpa-supplicant-mesh-wolfssl wpa-supplicant-mesh-mbedtls wpa-supplicant-basic	
wpa-supplicant-openssl	m	n	wireless-review	依赖主线无线栈，不能作为 MTK 私有驱动管理组件直接套用	2024.09.15~5ace39b0a4cdbe18ddbc4e18f80ee3876233c20b-r2	2024.09.15~5ace39b0a4cdbe18ddbc4e18f80ee3876233c20b-r2	package/network/services/hostapd/Makefile	+libc +libnl-tiny +hostapd-common +ucode +libucode +ucode-mod-fs +ucode-mod-nl80211 +ucode-mod-rtnl +ucode-mod-ubus +ucode-mod-uloop +libubus +libblobmsg-json +libudebug +PACKAGE_wpa-supplicant-openssl:libopenssl +PACKAGE_wpa-supplicant-openssl:libopenssl-legacy	wpa-supplicant	wpad wpad-mesh-openssl wpad-mesh-wolfssl wpad-mesh-mbedtls wpad-basic wpad-basic-openssl wpad-basic-wolfssl wpad-basic-mbedtls wpad-mini wpad-openssl wpad-wolfssl wpad-mbedtls wpa-supplicant wpa-supplicant-mesh-openssl wpa-supplicant-mesh-wolfssl wpa-supplicant-mesh-mbedtls wpa-supplicant-basic wpa-supplicant-mini wpa-supplicant-p2p	
wpa-supplicant-p2p	m	n	wireless-review	依赖主线无线栈，不能作为 MTK 私有驱动管理组件直接套用	2024.09.15~5ace39b0a4cdbe18ddbc4e18f80ee3876233c20b-r2	2024.09.15~5ace39b0a4cdbe18ddbc4e18f80ee3876233c20b-r2	package/network/services/hostapd/Makefile	+libc +libnl-tiny +hostapd-common +ucode +libucode +ucode-mod-fs +ucode-mod-nl80211 +ucode-mod-rtnl +ucode-mod-ubus +ucode-mod-uloop +libubus +libblobmsg-json +libudebug	wpa-supplicant	wpad wpad-mesh-openssl wpad-mesh-wolfssl wpad-mesh-mbedtls wpad-basic wpad-basic-openssl wpad-basic-wolfssl wpad-basic-mbedtls wpad-mini wpad-openssl wpad-wolfssl wpad-mbedtls wpa-supplicant wpa-supplicant-mesh-openssl wpa-supplicant-mesh-wolfssl wpa-supplicant-mesh-mbedtls wpa-supplicant-basic wpa-supplicant-mini	
wpa-supplicant-wolfssl	m	n	wireless-review	依赖主线无线栈，不能作为 MTK 私有驱动管理组件直接套用	2024.09.15~5ace39b0a4cdbe18ddbc4e18f80ee3876233c20b-r2	2024.09.15~5ace39b0a4cdbe18ddbc4e18f80ee3876233c20b-r2	package/network/services/hostapd/Makefile	+libc +libnl-tiny +hostapd-common +ucode +libucode +ucode-mod-fs +ucode-mod-nl80211 +ucode-mod-rtnl +ucode-mod-ubus +ucode-mod-uloop +libubus +libblobmsg-json +libudebug +PACKAGE_wpa-supplicant-wolfssl:libwolfssl	wpa-supplicant	wpad wpad-mesh-openssl wpad-mesh-wolfssl wpad-mesh-mbedtls wpad-basic wpad-basic-openssl wpad-basic-wolfssl wpad-basic-mbedtls wpad-mini wpad-openssl wpad-wolfssl wpad-mbedtls wpa-supplicant wpa-supplicant-mesh-openssl wpa-supplicant-mesh-wolfssl wpa-supplicant-mesh-mbedtls wpa-supplicant-basic wpa-supplicant-mini wpa-supplicant-p2p wpa-supplicant-openssl	
wpad	m	n	wireless-review	依赖主线无线栈，不能作为 MTK 私有驱动管理组件直接套用	2024.09.15~5ace39b0a4cdbe18ddbc4e18f80ee3876233c20b-r2	2024.09.15~5ace39b0a4cdbe18ddbc4e18f80ee3876233c20b-r2	package/network/services/hostapd/Makefile	+libc +libnl-tiny +hostapd-common +ucode +libucode +ucode-mod-fs +ucode-mod-nl80211 +ucode-mod-rtnl +ucode-mod-ubus +ucode-mod-uloop +libubus +libblobmsg-json +libudebug	hostapd wpa-supplicant	hostapd hostapd-basic hostapd-basic-openssl hostapd-basic-wolfssl hostapd-basic-mbedtls hostapd-mini hostapd-openssl hostapd-wolfssl hostapd-mbedtls 	
wpad-basic	m	n	wireless-review	依赖主线无线栈，不能作为 MTK 私有驱动管理组件直接套用	2024.09.15~5ace39b0a4cdbe18ddbc4e18f80ee3876233c20b-r2	2024.09.15~5ace39b0a4cdbe18ddbc4e18f80ee3876233c20b-r2	package/network/services/hostapd/Makefile	+libc +libnl-tiny +hostapd-common +ucode +libucode +ucode-mod-fs +ucode-mod-nl80211 +ucode-mod-rtnl +ucode-mod-ubus +ucode-mod-uloop +libubus +libblobmsg-json +libudebug	hostapd wpa-supplicant	hostapd hostapd-basic hostapd-basic-openssl hostapd-basic-wolfssl hostapd-basic-mbedtls hostapd-mini hostapd-openssl hostapd-wolfssl hostapd-mbedtls wpad wpad-mesh-openssl wpad-mesh-wolfssl wpad-mesh-mbedtls wpad wpad-mesh-openssl wpad-mesh-wolfssl wpad-mesh-mbedtls	
wpad-basic-mbedtls	m	n	wireless-review	依赖主线无线栈，不能作为 MTK 私有驱动管理组件直接套用	2024.09.15~5ace39b0a4cdbe18ddbc4e18f80ee3876233c20b-r2	2024.09.15~5ace39b0a4cdbe18ddbc4e18f80ee3876233c20b-r2	package/network/services/hostapd/Makefile	+libc +libnl-tiny +hostapd-common +ucode +libucode +ucode-mod-fs +ucode-mod-nl80211 +ucode-mod-rtnl +ucode-mod-ubus +ucode-mod-uloop +libubus +libblobmsg-json +libudebug +PACKAGE_wpad-basic-mbedtls:libmbedtls	hostapd wpa-supplicant	hostapd hostapd-basic hostapd-basic-openssl hostapd-basic-wolfssl hostapd-basic-mbedtls hostapd-mini hostapd-openssl hostapd-wolfssl hostapd-mbedtls wpad wpad-mesh-openssl wpad-mesh-wolfssl wpad-mesh-mbedtls wpad-basic wpad-basic-openssl wpad-basic-wolfssl wpad wpad-mesh-openssl wpad-mesh-wolfssl wpad-mesh-mbedtls wpad-basic wpad-basic-openssl wpad-basic-wolfssl	
wpad-basic-openssl	m	n	wireless-review	依赖主线无线栈，不能作为 MTK 私有驱动管理组件直接套用	2024.09.15~5ace39b0a4cdbe18ddbc4e18f80ee3876233c20b-r2	2024.09.15~5ace39b0a4cdbe18ddbc4e18f80ee3876233c20b-r2	package/network/services/hostapd/Makefile	+libc +libnl-tiny +hostapd-common +ucode +libucode +ucode-mod-fs +ucode-mod-nl80211 +ucode-mod-rtnl +ucode-mod-ubus +ucode-mod-uloop +libubus +libblobmsg-json +libudebug +PACKAGE_wpad-basic-openssl:libopenssl +PACKAGE_wpad-basic-openssl:libopenssl-legacy	hostapd wpa-supplicant	hostapd hostapd-basic hostapd-basic-openssl hostapd-basic-wolfssl hostapd-basic-mbedtls hostapd-mini hostapd-openssl hostapd-wolfssl hostapd-mbedtls wpad wpad-mesh-openssl wpad-mesh-wolfssl wpad-mesh-mbedtls wpad-basic wpad wpad-mesh-openssl wpad-mesh-wolfssl wpad-mesh-mbedtls wpad-basic	
wpad-basic-wolfssl	m	n	wireless-review	依赖主线无线栈，不能作为 MTK 私有驱动管理组件直接套用	2024.09.15~5ace39b0a4cdbe18ddbc4e18f80ee3876233c20b-r2	2024.09.15~5ace39b0a4cdbe18ddbc4e18f80ee3876233c20b-r2	package/network/services/hostapd/Makefile	+libc +libnl-tiny +hostapd-common +ucode +libucode +ucode-mod-fs +ucode-mod-nl80211 +ucode-mod-rtnl +ucode-mod-ubus +ucode-mod-uloop +libubus +libblobmsg-json +libudebug +PACKAGE_wpad-basic-wolfssl:libwolfssl	hostapd wpa-supplicant	hostapd hostapd-basic hostapd-basic-openssl hostapd-basic-wolfssl hostapd-basic-mbedtls hostapd-mini hostapd-openssl hostapd-wolfssl hostapd-mbedtls wpad wpad-mesh-openssl wpad-mesh-wolfssl wpad-mesh-mbedtls wpad-basic wpad-basic-openssl wpad wpad-mesh-openssl wpad-mesh-wolfssl wpad-mesh-mbedtls wpad-basic wpad-basic-openssl	
wpad-mbedtls	m	n	wireless-review	依赖主线无线栈，不能作为 MTK 私有驱动管理组件直接套用	2024.09.15~5ace39b0a4cdbe18ddbc4e18f80ee3876233c20b-r2	2024.09.15~5ace39b0a4cdbe18ddbc4e18f80ee3876233c20b-r2	package/network/services/hostapd/Makefile	+libc +libnl-tiny +hostapd-common +ucode +libucode +ucode-mod-fs +ucode-mod-nl80211 +ucode-mod-rtnl +ucode-mod-ubus +ucode-mod-uloop +libubus +libblobmsg-json +libudebug +PACKAGE_wpad-mbedtls:libmbedtls	hostapd wpa-supplicant	hostapd hostapd-basic hostapd-basic-openssl hostapd-basic-wolfssl hostapd-basic-mbedtls hostapd-mini hostapd-openssl hostapd-wolfssl hostapd-mbedtls wpad wpad-mesh-openssl wpad-mesh-wolfssl wpad-mesh-mbedtls wpad-basic wpad-basic-openssl wpad-basic-wolfssl wpad-basic-mbedtls wpad-mini wpad-openssl wpad-wolfssl wpad wpad-mesh-openssl wpad-mesh-wolfssl wpad-mesh-mbedtls wpad-basic wpad-basic-openssl wpad-basic-wolfssl wpad-basic-mbedtls wpad-mini wpad-openssl wpad-wolfssl	
wpad-mesh-mbedtls	m	n	wireless-review	依赖主线无线栈，不能作为 MTK 私有驱动管理组件直接套用	2024.09.15~5ace39b0a4cdbe18ddbc4e18f80ee3876233c20b-r2	2024.09.15~5ace39b0a4cdbe18ddbc4e18f80ee3876233c20b-r2	package/network/services/hostapd/Makefile	+libc +libnl-tiny +hostapd-common +ucode +libucode +ucode-mod-fs +ucode-mod-nl80211 +ucode-mod-rtnl +ucode-mod-ubus +ucode-mod-uloop +libubus +libblobmsg-json +libudebug @(!TARGET_uml||BROKEN) +PACKAGE_wpad-mesh-mbedtls:libmbedtls	hostapd wpa-supplicant wpa-supplicant-mesh wpad-mesh	hostapd hostapd-basic hostapd-basic-openssl hostapd-basic-wolfssl hostapd-basic-mbedtls hostapd-mini hostapd-openssl hostapd-wolfssl hostapd-mbedtls wpad wpad-mesh-openssl wpad-mesh-wolfssl wpad wpad-mesh-openssl wpad-mesh-wolfssl	
wpad-mesh-openssl	m	n	wireless-review	依赖主线无线栈，不能作为 MTK 私有驱动管理组件直接套用	2024.09.15~5ace39b0a4cdbe18ddbc4e18f80ee3876233c20b-r2	2024.09.15~5ace39b0a4cdbe18ddbc4e18f80ee3876233c20b-r2	package/network/services/hostapd/Makefile	+libc +libnl-tiny +hostapd-common +ucode +libucode +ucode-mod-fs +ucode-mod-nl80211 +ucode-mod-rtnl +ucode-mod-ubus +ucode-mod-uloop +libubus +libblobmsg-json +libudebug @(!TARGET_uml||BROKEN) +PACKAGE_wpad-mesh-openssl:libopenssl +PACKAGE_wpad-mesh-openssl:libopenssl-legacy	hostapd wpa-supplicant wpa-supplicant-mesh wpad-mesh	hostapd hostapd-basic hostapd-basic-openssl hostapd-basic-wolfssl hostapd-basic-mbedtls hostapd-mini hostapd-openssl hostapd-wolfssl hostapd-mbedtls wpad wpad	
wpad-mesh-wolfssl	m	n	wireless-review	依赖主线无线栈，不能作为 MTK 私有驱动管理组件直接套用	2024.09.15~5ace39b0a4cdbe18ddbc4e18f80ee3876233c20b-r2	2024.09.15~5ace39b0a4cdbe18ddbc4e18f80ee3876233c20b-r2	package/network/services/hostapd/Makefile	+libc +libnl-tiny +hostapd-common +ucode +libucode +ucode-mod-fs +ucode-mod-nl80211 +ucode-mod-rtnl +ucode-mod-ubus +ucode-mod-uloop +libubus +libblobmsg-json +libudebug @(!TARGET_uml||BROKEN) +PACKAGE_wpad-mesh-wolfssl:libwolfssl	hostapd wpa-supplicant wpa-supplicant-mesh wpad-mesh	hostapd hostapd-basic hostapd-basic-openssl hostapd-basic-wolfssl hostapd-basic-mbedtls hostapd-mini hostapd-openssl hostapd-wolfssl hostapd-mbedtls wpad wpad-mesh-openssl wpad wpad-mesh-openssl	
wpad-mini	m	n	wireless-review	依赖主线无线栈，不能作为 MTK 私有驱动管理组件直接套用	2024.09.15~5ace39b0a4cdbe18ddbc4e18f80ee3876233c20b-r2	2024.09.15~5ace39b0a4cdbe18ddbc4e18f80ee3876233c20b-r2	package/network/services/hostapd/Makefile	+libc +libnl-tiny +hostapd-common +ucode +libucode +ucode-mod-fs +ucode-mod-nl80211 +ucode-mod-rtnl +ucode-mod-ubus +ucode-mod-uloop +libubus +libblobmsg-json +libudebug	hostapd wpa-supplicant	hostapd hostapd-basic hostapd-basic-openssl hostapd-basic-wolfssl hostapd-basic-mbedtls hostapd-mini hostapd-openssl hostapd-wolfssl hostapd-mbedtls wpad wpad-mesh-openssl wpad-mesh-wolfssl wpad-mesh-mbedtls wpad-basic wpad-basic-openssl wpad-basic-wolfssl wpad-basic-mbedtls wpad wpad-mesh-openssl wpad-mesh-wolfssl wpad-mesh-mbedtls wpad-basic wpad-basic-openssl wpad-basic-wolfssl wpad-basic-mbedtls	
wpad-openssl	m	y	keep-target	保留目标版本和硬件相关选择；已有包仍需检查服务配置	2024.09.15~5ace39b0a4cdbe18ddbc4e18f80ee3876233c20b-r2	2024.09.15~5ace39b0a4cdbe18ddbc4e18f80ee3876233c20b-r2	package/network/services/hostapd/Makefile	+libc +libnl-tiny +hostapd-common +ucode +libucode +ucode-mod-fs +ucode-mod-nl80211 +ucode-mod-rtnl +ucode-mod-ubus +ucode-mod-uloop +libubus +libblobmsg-json +libudebug +PACKAGE_wpad-openssl:libopenssl +PACKAGE_wpad-openssl:libopenssl-legacy	hostapd wpa-supplicant	hostapd hostapd-basic hostapd-basic-openssl hostapd-basic-wolfssl hostapd-basic-mbedtls hostapd-mini hostapd-openssl hostapd-wolfssl hostapd-mbedtls wpad wpad-mesh-openssl wpad-mesh-wolfssl wpad-mesh-mbedtls wpad-basic wpad-basic-openssl wpad-basic-wolfssl wpad-basic-mbedtls wpad-mini wpad wpad-mesh-openssl wpad-mesh-wolfssl wpad-mesh-mbedtls wpad-basic wpad-basic-openssl wpad-basic-wolfssl wpad-basic-mbedtls wpad-mini	
wpad-wolfssl	m	n	wireless-review	依赖主线无线栈，不能作为 MTK 私有驱动管理组件直接套用	2024.09.15~5ace39b0a4cdbe18ddbc4e18f80ee3876233c20b-r2	2024.09.15~5ace39b0a4cdbe18ddbc4e18f80ee3876233c20b-r2	package/network/services/hostapd/Makefile	+libc +libnl-tiny +hostapd-common +ucode +libucode +ucode-mod-fs +ucode-mod-nl80211 +ucode-mod-rtnl +ucode-mod-ubus +ucode-mod-uloop +libubus +libblobmsg-json +libudebug +PACKAGE_wpad-wolfssl:libwolfssl	hostapd wpa-supplicant	hostapd hostapd-basic hostapd-basic-openssl hostapd-basic-wolfssl hostapd-basic-mbedtls hostapd-mini hostapd-openssl hostapd-wolfssl hostapd-mbedtls wpad wpad-mesh-openssl wpad-mesh-wolfssl wpad-mesh-mbedtls wpad-basic wpad-basic-openssl wpad-basic-wolfssl wpad-basic-mbedtls wpad-mini wpad-openssl wpad wpad-mesh-openssl wpad-mesh-wolfssl wpad-mesh-mbedtls wpad-basic wpad-basic-openssl wpad-basic-wolfssl wpad-basic-mbedtls wpad-mini wpad-openssl	
wsdd2	y	n	generic-candidate	目标已有定义，可迁移功能选择；尚未完成目标架构编译验证	2023.12.21~b676d8ac8f1aef792cb0761fb68a0a589ded3207-r2	2023.12.21~b676d8ac8f1aef792cb0761fb68a0a589ded3207-r2	package/feeds/packages/wsdd2/Makefile	+libc 			
wwan	y	n	exclude-hardware	x86/外设驱动与固件不整体搬；板级包由 R3 Mini 选择	2019.04.29-r6	2019.04.29-r6	package/network/utils/wwan/Makefile	+libc 			
xfs-mkfs	y	n	generic-candidate	目标已有定义，可迁移功能选择；尚未完成目标架构编译验证	6.10.1-r1	6.10.1-r1	package/feeds/packages/xfsprogs/Makefile	+libc +liburcu +libuuid +libpthread +libblkid +libinih			inih attr
xray-core	y	n	heavy-build	存在 aarch64 候选；关注工具链、下载和编译成本	25.2.21-r1	25.2.21-r1	package/feeds/packages/xray-core/Makefile	+libc @(aarch64||arm||i386||i686||loongarch64||mips||mips64||mips64el||mipsel||riscv64||x86_64) +ca-bundle			golang/host
xray-plugin	y	n	generic-candidate	目标已有定义，可迁移功能选择；尚未完成目标架构编译验证	1.8.24-r1	1.8.24-r1	package/feeds/packages/xray-plugin/Makefile	+libc @(aarch64||arm||i386||i686||loongarch64||mips||mips64||mips64el||mipsel||riscv64||x86_64) +ca-bundle			golang/host
xtables-nft	y	n	generic-candidate	目标已有定义，可迁移功能选择；尚未完成目标架构编译验证	1.8.10-r1	1.8.10-r1	package/network/utils/iptables/Makefile	+libc +libnftnl +libiptext +IPV6:libiptext6 +libiptext-nft +kmod-nft-compat			
xxd	m	n	generic-candidate	目标已有定义，可迁移功能选择；尚未完成目标架构编译验证	2025.08.24	2025.11.26-r1	package/feeds/packages/vim/Makefile	+libc 			
yq	y	n	generic-candidate	目标已有定义，可迁移功能选择；尚未完成目标架构编译验证	4.45.1-r1	4.45.1-r1	package/feeds/packages/yq/Makefile	+libc @(aarch64||arm||i386||i686||loongarch64||mips||mips64||mips64el||mipsel||riscv64||x86_64)			golang/host
zerotier	y	n	runtime-review	可用源码候选；核对默认启动、端口、规则和卸载路径	1.14.1-r14	1.14.1-r14	package/feeds/packages/zerotier/Makefile	+libc +libpthread +libstdcpp +kmod-tun +ip +libminiupnpc +libnatpmp +libatomic			
zlib	y	y	keep-target	保留目标版本和硬件相关选择；已有包仍需检查服务配置	1.3.1-r1	1.3.1-r1	package/libs/zlib/Makefile	+libc 			
zoneinfo-core	m	n	generic-candidate	目标已有定义，可迁移功能选择；尚未完成目标架构编译验证	2026b-r1	2026b-r1	package/feeds/packages/zoneinfo/Makefile	+libc 			
zram-swap	y	n	runtime-review	可用源码候选；核对默认启动、端口、规则和卸载路径	32	32	package/system/zram-swap/Makefile	+libc +@BUSYBOX_CONFIG_FEATURE_SWAPON_DISCARD +@BUSYBOX_CONFIG_FEATURE_SWAPON_PRI +@BUSYBOX_CONFIG_MKSWAP +@BUSYBOX_CONFIG_SWAPOFF +@BUSYBOX_CONFIG_SWAPON +kmod-zram			
zsh	y	n	generic-candidate	目标已有定义，可迁移功能选择；尚未完成目标架构编译验证	5.9-r3	5.9-r3	package/feeds/packages/zsh/Makefile	+libc +libcap +libncurses +libncursesw +libpcre2 +librt			
ztdns	y	n	generic-candidate	目标已有定义，可迁移功能选择；尚未完成目标架构编译验证	0.0.2-r1	0.0.2-r1	package/feeds/packages/ztdns/Makefile	+libc @(aarch64||arm||i386||i686||loongarch64||mips||mips64||mips64el||mipsel||riscv64||x86_64)			golang/host
